,match_id,season,match_date,team_1,team_2,toss_winner,toss_decision,batting_first,winner,first_innings_score,second_innings_score
0,335982,2007/08,2008-04-18,Kolkata Knight Riders,Royal Challengers Bengaluru,Royal Challengers Bengaluru,field,Kolkata Knight Riders,Kolkata Knight Riders,222,82
1,335983,2007/08,2008-04-19,Chennai Super Kings,Punjab Kings,Chennai Super Kings,bat,Chennai Super Kings,Chennai Super Kings,240,207
2,335984,2007/08,2008-04-19,Rajasthan Royals,Delhi Capitals,Rajasthan Royals,bat,Rajasthan Royals,Delhi Capitals,129,132
3,335985,2007/08,2008-04-20,Mumbai Indians,Royal Challengers Bengaluru,Mumbai Indians,bat,Mumbai Indians,Royal Challengers Bengaluru,165,166
4,335986,2007/08,2008-04-20,Sunrisers Hyderabad,Kolkata Knight Riders,Sunrisers Hyderabad,bat,Sunrisers Hyderabad,Kolkata Knight Riders,110,112
5,335987,2007/08,2008-04-21,Punjab Kings,Rajasthan Royals,Punjab Kings,bat,Punjab Kings,Rajasthan Royals,166,168
6,335988,2007/08,2008-04-22,Sunrisers Hyderabad,Delhi Capitals,Sunrisers Hyderabad,bat,Sunrisers Hyderabad,Delhi Capitals,142,143
7,335989,2007/08,2008-04-23,Chennai Super Kings,Mumbai Indians,Mumbai Indians,field,Chennai Super Kings,Chennai Super Kings,208,202
8,335990,2007/08,2008-04-24,Sunrisers Hyderabad,Rajasthan Royals,Rajasthan Royals,field,Sunrisers Hyderabad,Rajasthan Royals,214,217
9,335991,2007/08,2008-04-25,Punjab Kings,Mumbai Indians,Mumbai Indians,field,Punjab Kings,Punjab Kings,182,116
10,335992,2007/08,2008-04-26,Royal Challengers Bengaluru,Rajasthan Royals,Rajasthan Royals,field,Royal Challengers Bengaluru,Rajasthan Royals,135,138
11,335993,2007/08,2008-04-26,Kolkata Knight Riders,Chennai Super Kings,Kolkata Knight Riders,bat,Kolkata Knight Riders,Chennai Super Kings,147,152
12,335994,2007/08,2008-04-27,Mumbai Indians,Sunrisers Hyderabad,Sunrisers Hyderabad,field,Mumbai Indians,Sunrisers Hyderabad,154,155
13,335995,2007/08,2008-04-27,Delhi Capitals,Punjab Kings,Delhi Capitals,bat,Delhi Capitals,Punjab Kings,158,162
14,335996,2007/08,2008-04-28,Chennai Super Kings,Royal Challengers Bengaluru,Chennai Super Kings,bat,Chennai Super Kings,Chennai Super Kings,178,165
15,335997,2007/08,2008-04-29,Kolkata Knight Riders,Mumbai Indians,Kolkata Knight Riders,bat,Kolkata Knight Riders,Mumbai Indians,137,138
16,335998,2007/08,2008-04-30,Delhi Capitals,Royal Challengers Bengaluru,Royal Challengers Bengaluru,field,Delhi Capitals,Delhi Capitals,191,181
17,335999,2007/08,2008-05-01,Sunrisers Hyderabad,Punjab Kings,Punjab Kings,field,Sunrisers Hyderabad,Punjab Kings,164,167
18,336000,2007/08,2008-05-01,Rajasthan Royals,Kolkata Knight Riders,Rajasthan Royals,bat,Rajasthan Royals,Rajasthan Royals,196,151
19,336001,2007/08,2008-05-02,Chennai Super Kings,Delhi Capitals,Chennai Super Kings,bat,Chennai Super Kings,Delhi Capitals,169,172
20,336002,2007/08,2008-05-25,Sunrisers Hyderabad,Royal Challengers Bengaluru,Sunrisers Hyderabad,bat,Sunrisers Hyderabad,Royal Challengers Bengaluru,165,171
21,336003,2007/08,2008-05-03,Punjab Kings,Kolkata Knight Riders,Punjab Kings,bat,Punjab Kings,Punjab Kings,178,169
22,336004,2007/08,2008-05-04,Mumbai Indians,Delhi Capitals,Delhi Capitals,field,Mumbai Indians,Mumbai Indians,162,133
23,336005,2007/08,2008-05-04,Chennai Super Kings,Rajasthan Royals,Chennai Super Kings,bat,Chennai Super Kings,Rajasthan Royals,109,110
24,336006,2007/08,2008-05-05,Royal Challengers Bengaluru,Punjab Kings,Punjab Kings,field,Royal Challengers Bengaluru,Punjab Kings,126,127
25,336007,2007/08,2008-05-06,Chennai Super Kings,Sunrisers Hyderabad,Sunrisers Hyderabad,field,Chennai Super Kings,Sunrisers Hyderabad,144,148
26,336008,2007/08,2008-05-07,Rajasthan Royals,Mumbai Indians,Mumbai Indians,field,Rajasthan Royals,Mumbai Indians,103,104
27,336009,2007/08,2008-05-08,Delhi Capitals,Chennai Super Kings,Chennai Super Kings,field,Delhi Capitals,Chennai Super Kings,187,188
28,336010,2007/08,2008-05-08,Kolkata Knight Riders,Royal Challengers Bengaluru,Kolkata Knight Riders,bat,Kolkata Knight Riders,Kolkata Knight Riders,129,124
29,336011,2007/08,2008-05-09,Sunrisers Hyderabad,Rajasthan Royals,Rajasthan Royals,field,Sunrisers Hyderabad,Rajasthan Royals,140,141
30,336012,2007/08,2008-05-28,Royal Challengers Bengaluru,Mumbai Indians,Mumbai Indians,field,Royal Challengers Bengaluru,Mumbai Indians,122,126
31,336013,2007/08,2008-05-10,Chennai Super Kings,Punjab Kings,Punjab Kings,field,Chennai Super Kings,Chennai Super Kings,181,163
32,336014,2007/08,2008-05-11,Kolkata Knight Riders,Sunrisers Hyderabad,Kolkata Knight Riders,bat,Kolkata Knight Riders,Kolkata Knight Riders,204,181
33,336015,2007/08,2008-05-11,Delhi Capitals,Rajasthan Royals,Rajasthan Royals,field,Delhi Capitals,Rajasthan Royals,156,159
34,336016,2007/08,2008-05-12,Royal Challengers Bengaluru,Punjab Kings,Royal Challengers Bengaluru,bat,Royal Challengers Bengaluru,Punjab Kings,143,144
35,336017,2007/08,2008-05-13,Kolkata Knight Riders,Delhi Capitals,Kolkata Knight Riders,bat,Kolkata Knight Riders,Kolkata Knight Riders,133,110
36,336018,2007/08,2008-05-14,Chennai Super Kings,Mumbai Indians,Mumbai Indians,field,Chennai Super Kings,Mumbai Indians,156,158
37,336019,2007/08,2008-05-28,Punjab Kings,Rajasthan Royals,Rajasthan Royals,field,Punjab Kings,Punjab Kings,221,180
38,336020,2007/08,2008-05-15,Delhi Capitals,Sunrisers Hyderabad,Sunrisers Hyderabad,field,Delhi Capitals,Delhi Capitals,194,182
39,336021,2007/08,2008-05-16,Kolkata Knight Riders,Mumbai Indians,Mumbai Indians,field,Kolkata Knight Riders,Mumbai Indians,67,68
40,336022,2007/08,2008-05-17,Delhi Capitals,Punjab Kings,Delhi Capitals,bat,Delhi Capitals,Punjab Kings,118,94
41,336023,2007/08,2008-05-17,Rajasthan Royals,Royal Challengers Bengaluru,Royal Challengers Bengaluru,field,Rajasthan Royals,Rajasthan Royals,197,132
42,336024,2007/08,2008-05-18,Mumbai Indians,Sunrisers Hyderabad,Sunrisers Hyderabad,field,Mumbai Indians,Mumbai Indians,178,153
43,336025,2007/08,2008-05-18,Kolkata Knight Riders,Chennai Super Kings,Kolkata Knight Riders,bat,Kolkata Knight Riders,Chennai Super Kings,149,55
44,336026,2007/08,2008-05-19,Royal Challengers Bengaluru,Delhi Capitals,Delhi Capitals,field,Royal Challengers Bengaluru,Delhi Capitals,154,158
45,336027,2007/08,2008-05-20,Kolkata Knight Riders,Rajasthan Royals,Rajasthan Royals,field,Kolkata Knight Riders,Rajasthan Royals,147,150
46,336028,2007/08,2008-05-21,Punjab Kings,Mumbai Indians,Mumbai Indians,field,Punjab Kings,Punjab Kings,189,188
47,336029,2007/08,2008-05-21,Royal Challengers Bengaluru,Chennai Super Kings,Royal Challengers Bengaluru,bat,Royal Challengers Bengaluru,Royal Challengers Bengaluru,126,112
48,336031,2007/08,2008-05-23,Sunrisers Hyderabad,Punjab Kings,Punjab Kings,field,Sunrisers Hyderabad,Punjab Kings,175,178
49,336032,2007/08,2008-05-24,Mumbai Indians,Delhi Capitals,Delhi Capitals,field,Mumbai Indians,Delhi Capitals,176,179
50,336033,2007/08,2008-05-24,Rajasthan Royals,Chennai Super Kings,Rajasthan Royals,bat,Rajasthan Royals,Rajasthan Royals,211,201
51,336034,2007/08,2008-05-03,Royal Challengers Bengaluru,Sunrisers Hyderabad,Sunrisers Hyderabad,field,Royal Challengers Bengaluru,Royal Challengers Bengaluru,156,153
52,336035,2007/08,2008-05-25,Punjab Kings,Kolkata Knight Riders,Punjab Kings,bat,Punjab Kings,Kolkata Knight Riders,174,175
53,336036,2007/08,2008-05-26,Mumbai Indians,Rajasthan Royals,Rajasthan Royals,field,Mumbai Indians,Rajasthan Royals,145,146
54,336037,2007/08,2008-05-27,Sunrisers Hyderabad,Chennai Super Kings,Sunrisers Hyderabad,bat,Sunrisers Hyderabad,Chennai Super Kings,147,148
55,336038,2007/08,2008-05-30,Rajasthan Royals,Delhi Capitals,Delhi Capitals,field,Rajasthan Royals,Rajasthan Royals,192,87
56,336039,2007/08,2008-05-31,Punjab Kings,Chennai Super Kings,Punjab Kings,bat,Punjab Kings,Chennai Super Kings,112,116
57,336040,2007/08,2008-06-01,Chennai Super Kings,Rajasthan Royals,Rajasthan Royals,field,Chennai Super Kings,Rajasthan Royals,163,164
58,392181,2009,2009-04-18,Mumbai Indians,Chennai Super Kings,Chennai Super Kings,field,Mumbai Indians,Mumbai Indians,165,146
59,392182,2009,2009-04-18,Royal Challengers Bengaluru,Rajasthan Royals,Royal Challengers Bengaluru,bat,Royal Challengers Bengaluru,Royal Challengers Bengaluru,133,58
60,392183,2009,2009-04-19,Punjab Kings,Delhi Capitals,Delhi Capitals,field,Punjab Kings,Delhi Capitals,104,58
61,392184,2009,2009-04-19,Kolkata Knight Riders,Sunrisers Hyderabad,Kolkata Knight Riders,bat,Kolkata Knight Riders,Sunrisers Hyderabad,101,104
62,392185,2009,2009-04-20,Chennai Super Kings,Royal Challengers Bengaluru,Chennai Super Kings,bat,Chennai Super Kings,Chennai Super Kings,179,87
63,392186,2009,2009-04-21,Punjab Kings,Kolkata Knight Riders,Kolkata Knight Riders,field,Punjab Kings,Kolkata Knight Riders,158,79
64,392188,2009,2009-04-22,Sunrisers Hyderabad,Royal Challengers Bengaluru,Sunrisers Hyderabad,bat,Sunrisers Hyderabad,Sunrisers Hyderabad,184,160
65,392189,2009,2009-04-23,Delhi Capitals,Chennai Super Kings,Delhi Capitals,bat,Delhi Capitals,Delhi Capitals,189,180
66,392190,2009,2009-04-23,Rajasthan Royals,Kolkata Knight Riders,Kolkata Knight Riders,field,Rajasthan Royals,Unknown,150,150
67,392191,2009,2009-04-24,Royal Challengers Bengaluru,Punjab Kings,Royal Challengers Bengaluru,bat,Royal Challengers Bengaluru,Punjab Kings,168,173
68,392192,2009,2009-04-25,Sunrisers Hyderabad,Mumbai Indians,Sunrisers Hyderabad,bat,Sunrisers Hyderabad,Sunrisers Hyderabad,168,156
69,392194,2009,2009-04-26,Royal Challengers Bengaluru,Delhi Capitals,Royal Challengers Bengaluru,bat,Royal Challengers Bengaluru,Delhi Capitals,149,150
70,392195,2009,2009-04-26,Punjab Kings,Rajasthan Royals,Punjab Kings,bat,Punjab Kings,Punjab Kings,139,112
71,392196,2009,2009-04-27,Chennai Super Kings,Sunrisers Hyderabad,Sunrisers Hyderabad,field,Chennai Super Kings,Sunrisers Hyderabad,165,169
72,392197,2009,2009-04-27,Mumbai Indians,Kolkata Knight Riders,Mumbai Indians,bat,Mumbai Indians,Mumbai Indians,187,95
73,392198,2009,2009-04-28,Delhi Capitals,Rajasthan Royals,Delhi Capitals,bat,Delhi Capitals,Rajasthan Royals,143,147
74,392199,2009,2009-04-29,Kolkata Knight Riders,Royal Challengers Bengaluru,Kolkata Knight Riders,bat,Kolkata Knight Riders,Royal Challengers Bengaluru,139,143
75,392200,2009,2009-04-29,Punjab Kings,Mumbai Indians,Punjab Kings,bat,Punjab Kings,Punjab Kings,119,116
76,392201,2009,2009-04-30,Sunrisers Hyderabad,Delhi Capitals,Delhi Capitals,field,Sunrisers Hyderabad,Delhi Capitals,148,150
77,392202,2009,2009-04-30,Chennai Super Kings,Rajasthan Royals,Rajasthan Royals,field,Chennai Super Kings,Chennai Super Kings,164,126
78,392203,2009,2009-05-01,Mumbai Indians,Kolkata Knight Riders,Mumbai Indians,bat,Mumbai Indians,Mumbai Indians,148,139
79,392204,2009,2009-05-01,Royal Challengers Bengaluru,Punjab Kings,Royal Challengers Bengaluru,bat,Royal Challengers Bengaluru,Royal Challengers Bengaluru,145,137
80,392205,2009,2009-05-02,Sunrisers Hyderabad,Rajasthan Royals,Sunrisers Hyderabad,bat,Sunrisers Hyderabad,Rajasthan Royals,141,142
81,392206,2009,2009-05-02,Chennai Super Kings,Delhi Capitals,Delhi Capitals,field,Chennai Super Kings,Chennai Super Kings,163,145
82,392207,2009,2009-05-03,Kolkata Knight Riders,Punjab Kings,Kolkata Knight Riders,bat,Kolkata Knight Riders,Punjab Kings,153,154
83,392208,2009,2009-05-03,Mumbai Indians,Royal Challengers Bengaluru,Mumbai Indians,bat,Mumbai Indians,Royal Challengers Bengaluru,149,150
84,392209,2009,2009-05-04,Chennai Super Kings,Sunrisers Hyderabad,Chennai Super Kings,bat,Chennai Super Kings,Chennai Super Kings,178,100
85,392210,2009,2009-05-05,Rajasthan Royals,Punjab Kings,Punjab Kings,field,Rajasthan Royals,Rajasthan Royals,211,133
86,392211,2009,2009-05-05,Kolkata Knight Riders,Delhi Capitals,Kolkata Knight Riders,bat,Kolkata Knight Riders,Delhi Capitals,154,157
87,392212,2009,2009-05-06,Sunrisers Hyderabad,Mumbai Indians,Sunrisers Hyderabad,bat,Sunrisers Hyderabad,Sunrisers Hyderabad,145,126
88,392213,2009,2009-05-07,Royal Challengers Bengaluru,Rajasthan Royals,Rajasthan Royals,field,Royal Challengers Bengaluru,Rajasthan Royals,105,107
89,392214,2009,2009-05-07,Chennai Super Kings,Punjab Kings,Chennai Super Kings,bat,Chennai Super Kings,Chennai Super Kings,185,174
90,392215,2009,2009-05-08,Mumbai Indians,Delhi Capitals,Mumbai Indians,bat,Mumbai Indians,Delhi Capitals,116,118
91,392216,2009,2009-05-09,Sunrisers Hyderabad,Punjab Kings,Punjab Kings,field,Sunrisers Hyderabad,Punjab Kings,168,169
92,392217,2009,2009-05-09,Rajasthan Royals,Chennai Super Kings,Rajasthan Royals,bat,Rajasthan Royals,Chennai Super Kings,140,141
93,392218,2009,2009-05-10,Mumbai Indians,Royal Challengers Bengaluru,Mumbai Indians,bat,Mumbai Indians,Mumbai Indians,157,141
94,392219,2009,2009-05-10,Kolkata Knight Riders,Delhi Capitals,Delhi Capitals,field,Kolkata Knight Riders,Delhi Capitals,123,125
95,392220,2009,2009-05-11,Sunrisers Hyderabad,Rajasthan Royals,Sunrisers Hyderabad,bat,Sunrisers Hyderabad,Sunrisers Hyderabad,166,113
96,392221,2009,2009-05-12,Kolkata Knight Riders,Royal Challengers Bengaluru,Royal Challengers Bengaluru,field,Kolkata Knight Riders,Royal Challengers Bengaluru,173,176
97,392222,2009,2009-05-12,Punjab Kings,Mumbai Indians,Punjab Kings,bat,Punjab Kings,Mumbai Indians,119,122
98,392223,2009,2009-05-13,Delhi Capitals,Sunrisers Hyderabad,Sunrisers Hyderabad,field,Delhi Capitals,Delhi Capitals,173,161
99,392224,2009,2009-05-14,Chennai Super Kings,Royal Challengers Bengaluru,Chennai Super Kings,bat,Chennai Super Kings,Royal Challengers Bengaluru,129,132
100,392225,2009,2009-05-14,Rajasthan Royals,Mumbai Indians,Rajasthan Royals,bat,Rajasthan Royals,Rajasthan Royals,145,143
101,392226,2009,2009-05-15,Delhi Capitals,Punjab Kings,Punjab Kings,field,Delhi Capitals,Punjab Kings,120,123
102,392227,2009,2009-05-16,Mumbai Indians,Chennai Super Kings,Mumbai Indians,bat,Mumbai Indians,Chennai Super Kings,147,151
103,392228,2009,2009-05-16,Kolkata Knight Riders,Sunrisers Hyderabad,Sunrisers Hyderabad,field,Kolkata Knight Riders,Sunrisers Hyderabad,160,166
104,392229,2009,2009-05-17,Punjab Kings,Sunrisers Hyderabad,Sunrisers Hyderabad,field,Punjab Kings,Punjab Kings,134,133
105,392230,2009,2009-05-17,Delhi Capitals,Rajasthan Royals,Delhi Capitals,bat,Delhi Capitals,Delhi Capitals,150,136
106,392231,2009,2009-05-18,Chennai Super Kings,Kolkata Knight Riders,Chennai Super Kings,bat,Chennai Super Kings,Kolkata Knight Riders,188,189
107,392232,2009,2009-05-19,Delhi Capitals,Royal Challengers Bengaluru,Delhi Capitals,bat,Delhi Capitals,Royal Challengers Bengaluru,134,135
108,392233,2009,2009-05-20,Rajasthan Royals,Kolkata Knight Riders,Kolkata Knight Riders,field,Rajasthan Royals,Kolkata Knight Riders,101,102
109,392234,2009,2009-05-20,Chennai Super Kings,Punjab Kings,Chennai Super Kings,bat,Chennai Super Kings,Chennai Super Kings,116,92
110,392235,2009,2009-05-21,Mumbai Indians,Delhi Capitals,Delhi Capitals,field,Mumbai Indians,Delhi Capitals,165,166
111,392236,2009,2009-05-21,Royal Challengers Bengaluru,Sunrisers Hyderabad,Royal Challengers Bengaluru,bat,Royal Challengers Bengaluru,Royal Challengers Bengaluru,170,158
112,392237,2009,2009-05-22,Delhi Capitals,Sunrisers Hyderabad,Sunrisers Hyderabad,field,Delhi Capitals,Sunrisers Hyderabad,153,154
113,392238,2009,2009-05-23,Chennai Super Kings,Royal Challengers Bengaluru,Royal Challengers Bengaluru,field,Chennai Super Kings,Royal Challengers Bengaluru,146,149
114,392239,2009,2009-05-24,Sunrisers Hyderabad,Royal Challengers Bengaluru,Royal Challengers Bengaluru,field,Sunrisers Hyderabad,Sunrisers Hyderabad,143,137
115,419106,2009/10,2010-03-12,Kolkata Knight Riders,Sunrisers Hyderabad,Sunrisers Hyderabad,field,Kolkata Knight Riders,Kolkata Knight Riders,161,150
116,419107,2009/10,2010-03-13,Mumbai Indians,Rajasthan Royals,Mumbai Indians,bat,Mumbai Indians,Mumbai Indians,212,208
117,419108,2009/10,2010-03-13,Punjab Kings,Delhi Capitals,Delhi Capitals,field,Punjab Kings,Delhi Capitals,142,146
118,419109,2009/10,2010-03-14,Royal Challengers Bengaluru,Kolkata Knight Riders,Kolkata Knight Riders,field,Royal Challengers Bengaluru,Kolkata Knight Riders,135,136
119,419110,2009/10,2010-03-14,Sunrisers Hyderabad,Chennai Super Kings,Sunrisers Hyderabad,bat,Sunrisers Hyderabad,Sunrisers Hyderabad,190,159
120,419111,2009/10,2010-03-15,Rajasthan Royals,Delhi Capitals,Delhi Capitals,field,Rajasthan Royals,Delhi Capitals,141,142
121,419112,2009/10,2010-03-16,Punjab Kings,Royal Challengers Bengaluru,Punjab Kings,bat,Punjab Kings,Royal Challengers Bengaluru,203,204
122,419113,2009/10,2010-03-16,Chennai Super Kings,Kolkata Knight Riders,Chennai Super Kings,bat,Chennai Super Kings,Chennai Super Kings,164,109
123,419114,2009/10,2010-03-17,Mumbai Indians,Delhi Capitals,Delhi Capitals,field,Mumbai Indians,Mumbai Indians,218,120
124,419115,2009/10,2010-03-18,Rajasthan Royals,Royal Challengers Bengaluru,Royal Challengers Bengaluru,field,Rajasthan Royals,Royal Challengers Bengaluru,92,93
125,419116,2009/10,2010-03-19,Delhi Capitals,Chennai Super Kings,Delhi Capitals,bat,Delhi Capitals,Chennai Super Kings,185,190
126,419117,2009/10,2010-03-19,Sunrisers Hyderabad,Punjab Kings,Punjab Kings,field,Sunrisers Hyderabad,Sunrisers Hyderabad,170,164
127,419118,2009/10,2010-03-20,Rajasthan Royals,Kolkata Knight Riders,Rajasthan Royals,bat,Rajasthan Royals,Rajasthan Royals,168,134
128,419119,2009/10,2010-03-20,Mumbai Indians,Royal Challengers Bengaluru,Mumbai Indians,bat,Mumbai Indians,Royal Challengers Bengaluru,151,155
129,419120,2009/10,2010-03-21,Sunrisers Hyderabad,Delhi Capitals,Sunrisers Hyderabad,bat,Sunrisers Hyderabad,Sunrisers Hyderabad,171,161
130,419121,2009/10,2010-03-21,Punjab Kings,Chennai Super Kings,Chennai Super Kings,field,Punjab Kings,Unknown,136,136
131,419122,2009/10,2010-03-22,Kolkata Knight Riders,Mumbai Indians,Kolkata Knight Riders,bat,Kolkata Knight Riders,Mumbai Indians,155,156
132,419123,2009/10,2010-03-23,Royal Challengers Bengaluru,Chennai Super Kings,Chennai Super Kings,field,Royal Challengers Bengaluru,Royal Challengers Bengaluru,171,135
133,419124,2009/10,2010-03-24,Rajasthan Royals,Punjab Kings,Punjab Kings,field,Rajasthan Royals,Rajasthan Royals,183,152
134,419125,2009/10,2010-03-25,Chennai Super Kings,Mumbai Indians,Mumbai Indians,field,Chennai Super Kings,Mumbai Indians,180,181
135,419126,2009/10,2010-03-26,Sunrisers Hyderabad,Rajasthan Royals,Sunrisers Hyderabad,bat,Sunrisers Hyderabad,Rajasthan Royals,148,151
136,419127,2009/10,2010-03-27,Kolkata Knight Riders,Punjab Kings,Kolkata Knight Riders,bat,Kolkata Knight Riders,Kolkata Knight Riders,183,144
137,419128,2009/10,2010-03-25,Delhi Capitals,Royal Challengers Bengaluru,Royal Challengers Bengaluru,field,Delhi Capitals,Delhi Capitals,183,166
138,419129,2009/10,2010-03-28,Rajasthan Royals,Chennai Super Kings,Rajasthan Royals,bat,Rajasthan Royals,Rajasthan Royals,177,160
139,419130,2009/10,2010-03-28,Mumbai Indians,Sunrisers Hyderabad,Sunrisers Hyderabad,field,Mumbai Indians,Mumbai Indians,172,131
140,419131,2009/10,2010-03-29,Delhi Capitals,Kolkata Knight Riders,Delhi Capitals,bat,Delhi Capitals,Delhi Capitals,177,137
141,419132,2009/10,2010-03-30,Punjab Kings,Mumbai Indians,Mumbai Indians,field,Punjab Kings,Mumbai Indians,163,164
142,419133,2009/10,2010-03-31,Royal Challengers Bengaluru,Chennai Super Kings,Royal Challengers Bengaluru,bat,Royal Challengers Bengaluru,Chennai Super Kings,161,162
143,419134,2009/10,2010-03-31,Delhi Capitals,Rajasthan Royals,Delhi Capitals,bat,Delhi Capitals,Delhi Capitals,188,121
144,419135,2009/10,2010-04-01,Kolkata Knight Riders,Sunrisers Hyderabad,Kolkata Knight Riders,bat,Kolkata Knight Riders,Kolkata Knight Riders,181,157
145,419136,2009/10,2010-04-02,Punjab Kings,Royal Challengers Bengaluru,Punjab Kings,bat,Punjab Kings,Royal Challengers Bengaluru,181,184
146,419137,2009/10,2010-04-03,Chennai Super Kings,Rajasthan Royals,Chennai Super Kings,bat,Chennai Super Kings,Chennai Super Kings,246,223
147,419138,2009/10,2010-04-03,Mumbai Indians,Sunrisers Hyderabad,Mumbai Indians,bat,Mumbai Indians,Mumbai Indians,178,115
148,419139,2009/10,2010-04-04,Kolkata Knight Riders,Punjab Kings,Kolkata Knight Riders,bat,Kolkata Knight Riders,Punjab Kings,200,204
149,419140,2009/10,2010-04-04,Delhi Capitals,Royal Challengers Bengaluru,Delhi Capitals,bat,Delhi Capitals,Delhi Capitals,184,147
150,419141,2009/10,2010-04-05,Rajasthan Royals,Sunrisers Hyderabad,Rajasthan Royals,bat,Rajasthan Royals,Rajasthan Royals,159,157
151,419142,2009/10,2010-04-06,Chennai Super Kings,Mumbai Indians,Chennai Super Kings,bat,Chennai Super Kings,Chennai Super Kings,165,141
152,419143,2009/10,2010-04-07,Punjab Kings,Rajasthan Royals,Punjab Kings,bat,Punjab Kings,Rajasthan Royals,153,157
153,419144,2009/10,2010-04-07,Kolkata Knight Riders,Delhi Capitals,Kolkata Knight Riders,bat,Kolkata Knight Riders,Kolkata Knight Riders,181,167
154,419145,2009/10,2010-04-08,Royal Challengers Bengaluru,Sunrisers Hyderabad,Sunrisers Hyderabad,field,Royal Challengers Bengaluru,Sunrisers Hyderabad,184,186
155,419146,2009/10,2010-04-09,Mumbai Indians,Punjab Kings,Mumbai Indians,bat,Mumbai Indians,Punjab Kings,154,158
156,419147,2009/10,2010-04-10,Chennai Super Kings,Sunrisers Hyderabad,Chennai Super Kings,bat,Chennai Super Kings,Sunrisers Hyderabad,138,139
157,419148,2009/10,2010-04-10,Kolkata Knight Riders,Royal Challengers Bengaluru,Royal Challengers Bengaluru,field,Kolkata Knight Riders,Royal Challengers Bengaluru,160,162
158,419149,2009/10,2010-04-11,Delhi Capitals,Punjab Kings,Delhi Capitals,bat,Delhi Capitals,Punjab Kings,111,112
159,419150,2009/10,2010-04-11,Mumbai Indians,Rajasthan Royals,Rajasthan Royals,field,Mumbai Indians,Mumbai Indians,174,137
160,419151,2009/10,2010-04-12,Sunrisers Hyderabad,Royal Challengers Bengaluru,Royal Challengers Bengaluru,field,Sunrisers Hyderabad,Sunrisers Hyderabad,151,138
161,419152,2009/10,2010-04-13,Mumbai Indians,Delhi Capitals,Mumbai Indians,bat,Mumbai Indians,Mumbai Indians,183,144
162,419153,2009/10,2010-04-13,Kolkata Knight Riders,Chennai Super Kings,Kolkata Knight Riders,bat,Kolkata Knight Riders,Chennai Super Kings,139,143
163,419154,2009/10,2010-04-14,Rajasthan Royals,Royal Challengers Bengaluru,Rajasthan Royals,bat,Rajasthan Royals,Royal Challengers Bengaluru,130,132
164,419155,2009/10,2010-04-15,Chennai Super Kings,Delhi Capitals,Chennai Super Kings,bat,Chennai Super Kings,Delhi Capitals,112,113
165,419156,2009/10,2010-04-16,Punjab Kings,Sunrisers Hyderabad,Sunrisers Hyderabad,field,Punjab Kings,Sunrisers Hyderabad,174,178
166,419157,2009/10,2010-04-17,Mumbai Indians,Royal Challengers Bengaluru,Royal Challengers Bengaluru,field,Mumbai Indians,Mumbai Indians,191,134
167,419158,2009/10,2010-04-17,Rajasthan Royals,Kolkata Knight Riders,Rajasthan Royals,bat,Rajasthan Royals,Kolkata Knight Riders,132,133
168,419159,2009/10,2010-04-18,Punjab Kings,Chennai Super Kings,Chennai Super Kings,field,Punjab Kings,Chennai Super Kings,192,195
169,419160,2009/10,2010-04-18,Sunrisers Hyderabad,Delhi Capitals,Sunrisers Hyderabad,bat,Sunrisers Hyderabad,Sunrisers Hyderabad,145,134
170,419161,2009/10,2010-04-19,Mumbai Indians,Kolkata Knight Riders,Mumbai Indians,bat,Mumbai Indians,Kolkata Knight Riders,133,135
171,419162,2009/10,2010-04-21,Mumbai Indians,Royal Challengers Bengaluru,Mumbai Indians,bat,Mumbai Indians,Mumbai Indians,184,149
172,419163,2009/10,2010-04-22,Chennai Super Kings,Sunrisers Hyderabad,Chennai Super Kings,bat,Chennai Super Kings,Chennai Super Kings,142,104
173,419164,2009/10,2010-04-24,Sunrisers Hyderabad,Royal Challengers Bengaluru,Sunrisers Hyderabad,bat,Sunrisers Hyderabad,Royal Challengers Bengaluru,82,86
174,419165,2009/10,2010-04-25,Chennai Super Kings,Mumbai Indians,Chennai Super Kings,bat,Chennai Super Kings,Chennai Super Kings,168,146
175,501198,2011,2011-04-08,Chennai Super Kings,Kolkata Knight Riders,Chennai Super Kings,bat,Chennai Super Kings,Chennai Super Kings,153,151
176,501199,2011,2011-04-09,Sunrisers Hyderabad,Rajasthan Royals,Rajasthan Royals,field,Sunrisers Hyderabad,Rajasthan Royals,137,141
177,501201,2011,2011-04-10,Delhi Capitals,Mumbai Indians,Delhi Capitals,bat,Delhi Capitals,Mumbai Indians,95,99
178,501203,2011,2011-04-11,Kolkata Knight Riders,Sunrisers Hyderabad,Kolkata Knight Riders,bat,Kolkata Knight Riders,Kolkata Knight Riders,163,154
179,501204,2011,2011-04-12,Delhi Capitals,Rajasthan Royals,Delhi Capitals,bat,Delhi Capitals,Rajasthan Royals,151,152
180,501205,2011,2011-04-12,Royal Challengers Bengaluru,Mumbai Indians,Mumbai Indians,field,Royal Challengers Bengaluru,Mumbai Indians,140,143
181,501206,2011,2011-04-13,Chennai Super Kings,Punjab Kings,Punjab Kings,field,Chennai Super Kings,Punjab Kings,188,193
182,501208,2011,2011-04-14,Sunrisers Hyderabad,Royal Challengers Bengaluru,Royal Challengers Bengaluru,field,Sunrisers Hyderabad,Sunrisers Hyderabad,175,142
183,501209,2011,2011-04-15,Rajasthan Royals,Kolkata Knight Riders,Kolkata Knight Riders,field,Rajasthan Royals,Kolkata Knight Riders,159,160
184,501211,2011,2011-04-16,Chennai Super Kings,Royal Challengers Bengaluru,Chennai Super Kings,bat,Chennai Super Kings,Chennai Super Kings,183,162
185,501212,2011,2011-04-16,Sunrisers Hyderabad,Punjab Kings,Punjab Kings,field,Sunrisers Hyderabad,Punjab Kings,165,166
186,501214,2011,2011-04-17,Rajasthan Royals,Kolkata Knight Riders,Kolkata Knight Riders,field,Rajasthan Royals,Kolkata Knight Riders,81,85
187,501216,2011,2011-04-19,Sunrisers Hyderabad,Delhi Capitals,Sunrisers Hyderabad,bat,Sunrisers Hyderabad,Sunrisers Hyderabad,168,152
188,501220,2011,2011-04-21,Punjab Kings,Rajasthan Royals,Rajasthan Royals,field,Punjab Kings,Punjab Kings,195,147
189,501221,2011,2011-04-22,Mumbai Indians,Chennai Super Kings,Chennai Super Kings,field,Mumbai Indians,Mumbai Indians,164,156
190,501222,2011,2011-04-22,Kolkata Knight Riders,Royal Challengers Bengaluru,Royal Challengers Bengaluru,field,Kolkata Knight Riders,Royal Challengers Bengaluru,171,175
191,501223,2011,2011-04-23,Delhi Capitals,Punjab Kings,Punjab Kings,field,Delhi Capitals,Delhi Capitals,231,202
192,501224,2011,2011-04-24,Mumbai Indians,Sunrisers Hyderabad,Sunrisers Hyderabad,field,Mumbai Indians,Mumbai Indians,172,135
193,501227,2011,2011-04-26,Delhi Capitals,Royal Challengers Bengaluru,Royal Challengers Bengaluru,field,Delhi Capitals,Royal Challengers Bengaluru,160,161
194,501230,2011,2011-04-28,Kolkata Knight Riders,Delhi Capitals,Delhi Capitals,field,Kolkata Knight Riders,Kolkata Knight Riders,148,131
195,501231,2011,2011-04-29,Mumbai Indians,Rajasthan Royals,Rajasthan Royals,field,Mumbai Indians,Rajasthan Royals,94,95
196,501234,2011,2011-04-30,Punjab Kings,Kolkata Knight Riders,Kolkata Knight Riders,field,Punjab Kings,Kolkata Knight Riders,119,120
197,501236,2011,2011-05-01,Chennai Super Kings,Sunrisers Hyderabad,Chennai Super Kings,bat,Chennai Super Kings,Chennai Super Kings,165,146
198,501237,2011,2011-05-02,Mumbai Indians,Punjab Kings,Punjab Kings,field,Mumbai Indians,Mumbai Indians,159,136
199,501239,2011,2011-05-03,Kolkata Knight Riders,Sunrisers Hyderabad,Sunrisers Hyderabad,field,Kolkata Knight Riders,Kolkata Knight Riders,169,149
200,501240,2011,2011-05-04,Rajasthan Royals,Chennai Super Kings,Rajasthan Royals,bat,Rajasthan Royals,Chennai Super Kings,147,149
201,501243,2011,2011-05-05,Sunrisers Hyderabad,Delhi Capitals,Delhi Capitals,field,Sunrisers Hyderabad,Delhi Capitals,175,179
202,501244,2011,2011-05-06,Royal Challengers Bengaluru,Punjab Kings,Punjab Kings,field,Royal Challengers Bengaluru,Royal Challengers Bengaluru,205,120
203,501245,2011,2011-05-07,Chennai Super Kings,Kolkata Knight Riders,Chennai Super Kings,bat,Chennai Super Kings,Kolkata Knight Riders,114,61
204,501246,2011,2011-05-07,Mumbai Indians,Delhi Capitals,Delhi Capitals,field,Mumbai Indians,Mumbai Indians,178,146
205,501249,2011,2011-05-09,Chennai Super Kings,Rajasthan Royals,Rajasthan Royals,field,Chennai Super Kings,Chennai Super Kings,196,133
206,501251,2011,2011-05-10,Punjab Kings,Mumbai Indians,Mumbai Indians,field,Punjab Kings,Punjab Kings,163,87
207,501252,2011,2011-05-11,Rajasthan Royals,Royal Challengers Bengaluru,Royal Challengers Bengaluru,field,Rajasthan Royals,Royal Challengers Bengaluru,146,151
208,501253,2011,2011-05-12,Chennai Super Kings,Delhi Capitals,Chennai Super Kings,bat,Chennai Super Kings,Chennai Super Kings,176,158
209,501255,2011,2011-05-14,Kolkata Knight Riders,Royal Challengers Bengaluru,Royal Challengers Bengaluru,field,Kolkata Knight Riders,Royal Challengers Bengaluru,89,105
210,501256,2011,2011-05-14,Sunrisers Hyderabad,Mumbai Indians,Sunrisers Hyderabad,bat,Sunrisers Hyderabad,Sunrisers Hyderabad,135,125
211,501257,2011,2011-05-15,Punjab Kings,Delhi Capitals,Delhi Capitals,field,Punjab Kings,Punjab Kings,170,141
212,501260,2011,2011-05-17,Punjab Kings,Royal Challengers Bengaluru,Punjab Kings,bat,Punjab Kings,Punjab Kings,232,121
213,501263,2011,2011-05-20,Mumbai Indians,Rajasthan Royals,Mumbai Indians,bat,Mumbai Indians,Rajasthan Royals,133,134
214,501264,2011,2011-05-21,Sunrisers Hyderabad,Punjab Kings,Punjab Kings,field,Sunrisers Hyderabad,Sunrisers Hyderabad,198,116
215,501266,2011,2011-05-22,Chennai Super Kings,Royal Challengers Bengaluru,Royal Challengers Bengaluru,field,Chennai Super Kings,Royal Challengers Bengaluru,128,129
216,501267,2011,2011-05-22,Kolkata Knight Riders,Mumbai Indians,Mumbai Indians,field,Kolkata Knight Riders,Mumbai Indians,175,178
217,501268,2011,2011-05-24,Royal Challengers Bengaluru,Chennai Super Kings,Chennai Super Kings,field,Royal Challengers Bengaluru,Chennai Super Kings,175,177
218,501269,2011,2011-05-25,Kolkata Knight Riders,Mumbai Indians,Mumbai Indians,field,Kolkata Knight Riders,Mumbai Indians,147,148
219,501270,2011,2011-05-27,Royal Challengers Bengaluru,Mumbai Indians,Mumbai Indians,field,Royal Challengers Bengaluru,Royal Challengers Bengaluru,185,142
220,501271,2011,2011-05-28,Chennai Super Kings,Royal Challengers Bengaluru,Chennai Super Kings,bat,Chennai Super Kings,Chennai Super Kings,205,147
221,548306,2012,2012-04-04,Chennai Super Kings,Mumbai Indians,Mumbai Indians,field,Chennai Super Kings,Mumbai Indians,112,115
222,548307,2012,2012-04-05,Kolkata Knight Riders,Delhi Capitals,Delhi Capitals,field,Kolkata Knight Riders,Delhi Capitals,97,100
223,548309,2012,2012-04-06,Rajasthan Royals,Punjab Kings,Punjab Kings,field,Rajasthan Royals,Rajasthan Royals,191,160
224,548310,2012,2012-04-07,Royal Challengers Bengaluru,Delhi Capitals,Delhi Capitals,field,Royal Challengers Bengaluru,Royal Challengers Bengaluru,157,137
225,548311,2012,2012-04-07,Chennai Super Kings,Sunrisers Hyderabad,Sunrisers Hyderabad,field,Chennai Super Kings,Chennai Super Kings,193,119
226,548312,2012,2012-04-08,Rajasthan Royals,Kolkata Knight Riders,Kolkata Knight Riders,field,Rajasthan Royals,Rajasthan Royals,164,142
227,548314,2012,2012-04-09,Sunrisers Hyderabad,Mumbai Indians,Sunrisers Hyderabad,bat,Sunrisers Hyderabad,Mumbai Indians,138,142
228,548315,2012,2012-04-10,Kolkata Knight Riders,Royal Challengers Bengaluru,Royal Challengers Bengaluru,field,Kolkata Knight Riders,Kolkata Knight Riders,165,123
229,548316,2012,2012-04-10,Chennai Super Kings,Delhi Capitals,Delhi Capitals,field,Chennai Super Kings,Delhi Capitals,110,111
230,548317,2012,2012-04-11,Mumbai Indians,Rajasthan Royals,Rajasthan Royals,field,Mumbai Indians,Mumbai Indians,197,170
231,548318,2012,2012-04-12,Royal Challengers Bengaluru,Chennai Super Kings,Royal Challengers Bengaluru,bat,Royal Challengers Bengaluru,Chennai Super Kings,205,208
232,548320,2012,2012-04-13,Rajasthan Royals,Kolkata Knight Riders,Rajasthan Royals,bat,Rajasthan Royals,Kolkata Knight Riders,131,137
233,548321,2012,2012-04-19,Sunrisers Hyderabad,Delhi Capitals,Sunrisers Hyderabad,bat,Sunrisers Hyderabad,Delhi Capitals,157,162
234,548323,2012,2012-04-15,Punjab Kings,Kolkata Knight Riders,Kolkata Knight Riders,field,Punjab Kings,Punjab Kings,134,132
235,548324,2012,2012-04-15,Rajasthan Royals,Royal Challengers Bengaluru,Rajasthan Royals,bat,Rajasthan Royals,Rajasthan Royals,195,136
236,548325,2012,2012-04-16,Mumbai Indians,Delhi Capitals,Delhi Capitals,field,Mumbai Indians,Delhi Capitals,92,93
237,548326,2012,2012-04-17,Sunrisers Hyderabad,Rajasthan Royals,Sunrisers Hyderabad,bat,Sunrisers Hyderabad,Rajasthan Royals,196,197
238,548328,2012,2012-04-18,Punjab Kings,Kolkata Knight Riders,Punjab Kings,bat,Punjab Kings,Kolkata Knight Riders,124,127
239,548329,2012,2012-05-10,Sunrisers Hyderabad,Delhi Capitals,Sunrisers Hyderabad,bat,Sunrisers Hyderabad,Delhi Capitals,187,193
240,548331,2012,2012-04-20,Punjab Kings,Royal Challengers Bengaluru,Royal Challengers Bengaluru,field,Punjab Kings,Royal Challengers Bengaluru,163,166
241,548332,2012,2012-04-21,Rajasthan Royals,Chennai Super Kings,Rajasthan Royals,bat,Rajasthan Royals,Chennai Super Kings,146,147
242,548334,2012,2012-04-22,Mumbai Indians,Punjab Kings,Mumbai Indians,bat,Mumbai Indians,Punjab Kings,163,164
243,548335,2012,2012-04-22,Sunrisers Hyderabad,Kolkata Knight Riders,Kolkata Knight Riders,field,Sunrisers Hyderabad,Kolkata Knight Riders,126,127
244,548336,2012,2012-04-23,Royal Challengers Bengaluru,Rajasthan Royals,Rajasthan Royals,field,Royal Challengers Bengaluru,Royal Challengers Bengaluru,189,143
245,548339,2012,2012-04-25,Punjab Kings,Mumbai Indians,Punjab Kings,bat,Punjab Kings,Mumbai Indians,168,171
246,548342,2012,2012-04-27,Delhi Capitals,Mumbai Indians,Mumbai Indians,field,Delhi Capitals,Delhi Capitals,207,170
247,548343,2012,2012-04-28,Punjab Kings,Chennai Super Kings,Punjab Kings,bat,Punjab Kings,Punjab Kings,156,149
248,548344,2012,2012-04-28,Kolkata Knight Riders,Royal Challengers Bengaluru,Kolkata Knight Riders,bat,Kolkata Knight Riders,Kolkata Knight Riders,190,143
249,548345,2012,2012-04-29,Delhi Capitals,Rajasthan Royals,Delhi Capitals,bat,Delhi Capitals,Delhi Capitals,152,151
250,548346,2012,2012-04-29,Sunrisers Hyderabad,Mumbai Indians,Mumbai Indians,field,Sunrisers Hyderabad,Mumbai Indians,100,101
251,548347,2012,2012-04-30,Chennai Super Kings,Kolkata Knight Riders,Chennai Super Kings,bat,Chennai Super Kings,Kolkata Knight Riders,139,140
252,548349,2012,2012-05-01,Rajasthan Royals,Delhi Capitals,Rajasthan Royals,bat,Rajasthan Royals,Delhi Capitals,141,144
253,548350,2012,2012-05-02,Royal Challengers Bengaluru,Punjab Kings,Punjab Kings,field,Royal Challengers Bengaluru,Punjab Kings,158,163
254,548352,2012,2012-05-04,Chennai Super Kings,Sunrisers Hyderabad,Chennai Super Kings,bat,Chennai Super Kings,Chennai Super Kings,160,150
255,548354,2012,2012-05-05,Rajasthan Royals,Punjab Kings,Rajasthan Royals,bat,Rajasthan Royals,Rajasthan Royals,177,134
256,548355,2012,2012-05-06,Chennai Super Kings,Mumbai Indians,Mumbai Indians,field,Chennai Super Kings,Mumbai Indians,173,174
257,548356,2012,2012-05-06,Sunrisers Hyderabad,Royal Challengers Bengaluru,Royal Challengers Bengaluru,field,Sunrisers Hyderabad,Royal Challengers Bengaluru,181,185
258,548357,2012,2012-05-07,Delhi Capitals,Kolkata Knight Riders,Delhi Capitals,bat,Delhi Capitals,Kolkata Knight Riders,153,154
259,548359,2012,2012-05-08,Punjab Kings,Sunrisers Hyderabad,Sunrisers Hyderabad,field,Punjab Kings,Punjab Kings,170,145
260,548360,2012,2012-05-09,Mumbai Indians,Royal Challengers Bengaluru,Royal Challengers Bengaluru,field,Mumbai Indians,Royal Challengers Bengaluru,141,142
261,548361,2012,2012-05-10,Rajasthan Royals,Chennai Super Kings,Chennai Super Kings,field,Rajasthan Royals,Chennai Super Kings,126,127
262,548363,2012,2012-05-12,Mumbai Indians,Kolkata Knight Riders,Mumbai Indians,bat,Mumbai Indians,Mumbai Indians,182,155
263,548364,2012,2012-05-12,Delhi Capitals,Chennai Super Kings,Chennai Super Kings,field,Delhi Capitals,Chennai Super Kings,114,115
264,548366,2012,2012-05-13,Sunrisers Hyderabad,Punjab Kings,Sunrisers Hyderabad,bat,Sunrisers Hyderabad,Punjab Kings,190,194
265,548367,2012,2012-05-14,Royal Challengers Bengaluru,Mumbai Indians,Mumbai Indians,field,Royal Challengers Bengaluru,Mumbai Indians,171,173
266,548368,2012,2012-05-14,Kolkata Knight Riders,Chennai Super Kings,Chennai Super Kings,field,Kolkata Knight Riders,Chennai Super Kings,158,160
267,548369,2012,2012-05-15,Punjab Kings,Delhi Capitals,Punjab Kings,bat,Punjab Kings,Delhi Capitals,136,140
268,548370,2012,2012-05-16,Kolkata Knight Riders,Mumbai Indians,Mumbai Indians,field,Kolkata Knight Riders,Kolkata Knight Riders,140,108
269,548371,2012,2012-05-17,Chennai Super Kings,Punjab Kings,Punjab Kings,field,Chennai Super Kings,Punjab Kings,120,123
270,548372,2012,2012-05-17,Royal Challengers Bengaluru,Delhi Capitals,Delhi Capitals,field,Royal Challengers Bengaluru,Royal Challengers Bengaluru,215,194
271,548373,2012,2012-05-18,Rajasthan Royals,Sunrisers Hyderabad,Rajasthan Royals,bat,Rajasthan Royals,Sunrisers Hyderabad,126,128
272,548374,2012,2012-05-19,Punjab Kings,Delhi Capitals,Delhi Capitals,field,Punjab Kings,Delhi Capitals,141,145
273,548376,2012,2012-05-20,Sunrisers Hyderabad,Royal Challengers Bengaluru,Royal Challengers Bengaluru,field,Sunrisers Hyderabad,Sunrisers Hyderabad,132,123
274,548377,2012,2012-05-20,Rajasthan Royals,Mumbai Indians,Rajasthan Royals,bat,Rajasthan Royals,Mumbai Indians,162,163
275,548378,2012,2012-05-22,Kolkata Knight Riders,Delhi Capitals,Kolkata Knight Riders,bat,Kolkata Knight Riders,Kolkata Knight Riders,162,144
276,548379,2012,2012-05-23,Chennai Super Kings,Mumbai Indians,Mumbai Indians,field,Chennai Super Kings,Chennai Super Kings,187,149
277,548380,2012,2012-05-25,Chennai Super Kings,Delhi Capitals,Delhi Capitals,field,Chennai Super Kings,Chennai Super Kings,222,136
278,548381,2012,2012-05-27,Chennai Super Kings,Kolkata Knight Riders,Chennai Super Kings,bat,Chennai Super Kings,Kolkata Knight Riders,190,192
279,597998,2013,2013-04-03,Delhi Capitals,Kolkata Knight Riders,Kolkata Knight Riders,field,Delhi Capitals,Kolkata Knight Riders,128,129
280,597999,2013,2013-04-04,Royal Challengers Bengaluru,Mumbai Indians,Mumbai Indians,field,Royal Challengers Bengaluru,Royal Challengers Bengaluru,156,154
281,598001,2013,2013-04-06,Rajasthan Royals,Delhi Capitals,Rajasthan Royals,bat,Rajasthan Royals,Rajasthan Royals,165,160
282,598002,2013,2013-04-06,Mumbai Indians,Chennai Super Kings,Mumbai Indians,bat,Mumbai Indians,Mumbai Indians,148,139
283,598004,2013,2013-04-07,Royal Challengers Bengaluru,Sunrisers Hyderabad,Royal Challengers Bengaluru,bat,Royal Challengers Bengaluru,Unknown,130,130
284,598005,2013,2013-04-08,Rajasthan Royals,Kolkata Knight Riders,Kolkata Knight Riders,field,Rajasthan Royals,Rajasthan Royals,144,125
285,598006,2013,2013-04-09,Mumbai Indians,Delhi Capitals,Mumbai Indians,bat,Mumbai Indians,Mumbai Indians,209,165
286,598007,2013,2013-04-10,Punjab Kings,Chennai Super Kings,Chennai Super Kings,field,Punjab Kings,Chennai Super Kings,138,139
287,598008,2013,2013-04-11,Kolkata Knight Riders,Royal Challengers Bengaluru,Royal Challengers Bengaluru,field,Kolkata Knight Riders,Royal Challengers Bengaluru,154,158
288,598010,2013,2013-04-12,Delhi Capitals,Sunrisers Hyderabad,Delhi Capitals,bat,Delhi Capitals,Sunrisers Hyderabad,114,115
289,598012,2013,2013-04-13,Royal Challengers Bengaluru,Chennai Super Kings,Chennai Super Kings,field,Royal Challengers Bengaluru,Chennai Super Kings,165,166
290,598013,2013,2013-04-14,Kolkata Knight Riders,Sunrisers Hyderabad,Kolkata Knight Riders,bat,Kolkata Knight Riders,Kolkata Knight Riders,180,132
291,598014,2013,2013-04-14,Punjab Kings,Rajasthan Royals,Rajasthan Royals,field,Punjab Kings,Rajasthan Royals,124,126
292,598016,2013,2013-04-16,Punjab Kings,Kolkata Knight Riders,Kolkata Knight Riders,field,Punjab Kings,Punjab Kings,157,153
293,598017,2013,2013-04-16,Delhi Capitals,Royal Challengers Bengaluru,Royal Challengers Bengaluru,field,Delhi Capitals,Unknown,152,152
294,598019,2013,2013-04-17,Rajasthan Royals,Mumbai Indians,Rajasthan Royals,bat,Rajasthan Royals,Rajasthan Royals,179,92
295,598020,2013,2013-04-18,Chennai Super Kings,Delhi Capitals,Chennai Super Kings,bat,Chennai Super Kings,Chennai Super Kings,169,83
296,598021,2013,2013-04-19,Punjab Kings,Sunrisers Hyderabad,Punjab Kings,bat,Punjab Kings,Sunrisers Hyderabad,123,127
297,598022,2013,2013-04-20,Kolkata Knight Riders,Chennai Super Kings,Kolkata Knight Riders,bat,Kolkata Knight Riders,Chennai Super Kings,119,124
298,598023,2013,2013-04-20,Rajasthan Royals,Royal Challengers Bengaluru,Royal Challengers Bengaluru,field,Rajasthan Royals,Royal Challengers Bengaluru,117,123
299,598024,2013,2013-04-21,Mumbai Indians,Delhi Capitals,Mumbai Indians,bat,Mumbai Indians,Delhi Capitals,161,165
300,598026,2013,2013-04-22,Rajasthan Royals,Chennai Super Kings,Rajasthan Royals,bat,Rajasthan Royals,Chennai Super Kings,185,186
301,598028,2013,2013-05-16,Punjab Kings,Delhi Capitals,Delhi Capitals,field,Punjab Kings,Punjab Kings,171,164
302,598029,2013,2013-04-24,Kolkata Knight Riders,Mumbai Indians,Kolkata Knight Riders,bat,Kolkata Knight Riders,Mumbai Indians,159,162
303,598030,2013,2013-04-25,Sunrisers Hyderabad,Chennai Super Kings,Sunrisers Hyderabad,bat,Sunrisers Hyderabad,Chennai Super Kings,159,160
304,598031,2013,2013-04-26,Punjab Kings,Kolkata Knight Riders,Punjab Kings,bat,Punjab Kings,Kolkata Knight Riders,149,150
305,598032,2013,2013-04-27,Sunrisers Hyderabad,Rajasthan Royals,Sunrisers Hyderabad,bat,Sunrisers Hyderabad,Rajasthan Royals,144,146
306,598033,2013,2013-04-27,Mumbai Indians,Royal Challengers Bengaluru,Mumbai Indians,bat,Mumbai Indians,Mumbai Indians,194,136
307,598034,2013,2013-04-28,Chennai Super Kings,Kolkata Knight Riders,Kolkata Knight Riders,field,Chennai Super Kings,Chennai Super Kings,200,186
308,598036,2013,2013-04-29,Royal Challengers Bengaluru,Rajasthan Royals,Rajasthan Royals,field,Royal Challengers Bengaluru,Rajasthan Royals,171,173
309,598037,2013,2013-04-29,Mumbai Indians,Punjab Kings,Mumbai Indians,bat,Mumbai Indians,Mumbai Indians,174,170
310,598039,2013,2013-05-01,Mumbai Indians,Sunrisers Hyderabad,Mumbai Indians,bat,Mumbai Indians,Sunrisers Hyderabad,129,130
311,598040,2013,2013-05-01,Kolkata Knight Riders,Delhi Capitals,Kolkata Knight Riders,bat,Kolkata Knight Riders,Delhi Capitals,136,137
312,598041,2013,2013-05-02,Chennai Super Kings,Punjab Kings,Chennai Super Kings,bat,Chennai Super Kings,Chennai Super Kings,186,171
313,598043,2013,2013-05-03,Rajasthan Royals,Kolkata Knight Riders,Rajasthan Royals,bat,Rajasthan Royals,Kolkata Knight Riders,132,133
314,598044,2013,2013-05-04,Delhi Capitals,Sunrisers Hyderabad,Delhi Capitals,bat,Delhi Capitals,Sunrisers Hyderabad,80,81
315,598045,2013,2013-05-14,Royal Challengers Bengaluru,Punjab Kings,Punjab Kings,field,Royal Challengers Bengaluru,Punjab Kings,174,176
316,598046,2013,2013-05-05,Mumbai Indians,Chennai Super Kings,Mumbai Indians,bat,Mumbai Indians,Mumbai Indians,139,79
317,598048,2013,2013-04-09,Sunrisers Hyderabad,Royal Challengers Bengaluru,Sunrisers Hyderabad,bat,Sunrisers Hyderabad,Royal Challengers Bengaluru,161,162
318,598049,2013,2013-05-07,Delhi Capitals,Rajasthan Royals,Delhi Capitals,bat,Delhi Capitals,Rajasthan Royals,154,155
319,598050,2013,2013-05-07,Mumbai Indians,Kolkata Knight Riders,Mumbai Indians,bat,Mumbai Indians,Mumbai Indians,170,105
320,598051,2013,2013-05-08,Chennai Super Kings,Sunrisers Hyderabad,Sunrisers Hyderabad,field,Chennai Super Kings,Chennai Super Kings,223,146
321,598052,2013,2013-05-09,Punjab Kings,Rajasthan Royals,Rajasthan Royals,field,Punjab Kings,Rajasthan Royals,145,147
322,598054,2013,2013-05-10,Royal Challengers Bengaluru,Delhi Capitals,Delhi Capitals,field,Royal Challengers Bengaluru,Royal Challengers Bengaluru,183,179
323,598056,2013,2013-05-11,Sunrisers Hyderabad,Punjab Kings,Punjab Kings,field,Sunrisers Hyderabad,Sunrisers Hyderabad,150,120
324,598057,2013,2013-05-12,Royal Challengers Bengaluru,Kolkata Knight Riders,Kolkata Knight Riders,field,Royal Challengers Bengaluru,Kolkata Knight Riders,115,116
325,598058,2013,2013-05-12,Chennai Super Kings,Rajasthan Royals,Rajasthan Royals,field,Chennai Super Kings,Rajasthan Royals,141,144
326,598059,2013,2013-04-23,Delhi Capitals,Punjab Kings,Punjab Kings,field,Delhi Capitals,Punjab Kings,120,121
327,598060,2013,2013-05-13,Sunrisers Hyderabad,Mumbai Indians,Sunrisers Hyderabad,bat,Sunrisers Hyderabad,Mumbai Indians,178,184
328,598062,2013,2013-05-14,Chennai Super Kings,Delhi Capitals,Chennai Super Kings,bat,Chennai Super Kings,Chennai Super Kings,168,135
329,598063,2013,2013-05-15,Mumbai Indians,Rajasthan Royals,Rajasthan Royals,field,Mumbai Indians,Mumbai Indians,166,152
330,598064,2013,2013-05-06,Royal Challengers Bengaluru,Punjab Kings,Punjab Kings,field,Royal Challengers Bengaluru,Punjab Kings,190,194
331,598065,2013,2013-05-17,Sunrisers Hyderabad,Rajasthan Royals,Sunrisers Hyderabad,bat,Sunrisers Hyderabad,Sunrisers Hyderabad,136,113
332,598066,2013,2013-05-18,Punjab Kings,Mumbai Indians,Mumbai Indians,field,Punjab Kings,Punjab Kings,183,133
333,598068,2013,2013-05-18,Royal Challengers Bengaluru,Chennai Super Kings,Chennai Super Kings,field,Royal Challengers Bengaluru,Royal Challengers Bengaluru,106,82
334,598069,2013,2013-05-19,Kolkata Knight Riders,Sunrisers Hyderabad,Kolkata Knight Riders,bat,Kolkata Knight Riders,Sunrisers Hyderabad,130,132
335,598070,2013,2013-05-21,Chennai Super Kings,Mumbai Indians,Chennai Super Kings,bat,Chennai Super Kings,Chennai Super Kings,192,144
336,598071,2013,2013-05-22,Sunrisers Hyderabad,Rajasthan Royals,Sunrisers Hyderabad,bat,Sunrisers Hyderabad,Rajasthan Royals,132,135
337,598072,2013,2013-05-24,Rajasthan Royals,Mumbai Indians,Rajasthan Royals,bat,Rajasthan Royals,Mumbai Indians,165,169
338,598073,2013,2013-05-26,Mumbai Indians,Chennai Super Kings,Mumbai Indians,bat,Mumbai Indians,Mumbai Indians,148,125
339,729279,2014,2014-04-16,Kolkata Knight Riders,Mumbai Indians,Kolkata Knight Riders,bat,Kolkata Knight Riders,Kolkata Knight Riders,163,122
340,729281,2014,2014-04-17,Delhi Capitals,Royal Challengers Bengaluru,Royal Challengers Bengaluru,field,Delhi Capitals,Royal Challengers Bengaluru,145,146
341,729283,2014,2014-04-18,Chennai Super Kings,Punjab Kings,Chennai Super Kings,bat,Chennai Super Kings,Punjab Kings,205,206
342,729285,2014,2014-04-18,Sunrisers Hyderabad,Rajasthan Royals,Rajasthan Royals,field,Sunrisers Hyderabad,Rajasthan Royals,133,135
343,729287,2014,2014-04-19,Mumbai Indians,Royal Challengers Bengaluru,Royal Challengers Bengaluru,field,Mumbai Indians,Royal Challengers Bengaluru,115,116
344,729289,2014,2014-04-19,Kolkata Knight Riders,Delhi Capitals,Kolkata Knight Riders,bat,Kolkata Knight Riders,Delhi Capitals,166,167
345,729291,2014,2014-04-20,Rajasthan Royals,Punjab Kings,Punjab Kings,field,Rajasthan Royals,Punjab Kings,191,193
346,729293,2014,2014-04-21,Chennai Super Kings,Delhi Capitals,Chennai Super Kings,bat,Chennai Super Kings,Chennai Super Kings,177,84
347,729295,2014,2014-04-22,Punjab Kings,Sunrisers Hyderabad,Sunrisers Hyderabad,field,Punjab Kings,Punjab Kings,193,121
348,729297,2014,2014-04-23,Chennai Super Kings,Rajasthan Royals,Rajasthan Royals,field,Chennai Super Kings,Chennai Super Kings,140,133
349,729299,2014,2014-04-24,Kolkata Knight Riders,Royal Challengers Bengaluru,Royal Challengers Bengaluru,field,Kolkata Knight Riders,Kolkata Knight Riders,150,148
350,729301,2014,2014-04-25,Sunrisers Hyderabad,Delhi Capitals,Sunrisers Hyderabad,bat,Sunrisers Hyderabad,Sunrisers Hyderabad,184,180
351,729303,2014,2014-04-25,Mumbai Indians,Chennai Super Kings,Mumbai Indians,bat,Mumbai Indians,Chennai Super Kings,141,142
352,729305,2014,2014-04-26,Royal Challengers Bengaluru,Rajasthan Royals,Rajasthan Royals,field,Royal Challengers Bengaluru,Rajasthan Royals,70,71
353,729307,2014,2014-04-26,Punjab Kings,Kolkata Knight Riders,Kolkata Knight Riders,field,Punjab Kings,Punjab Kings,132,109
354,729309,2014,2014-04-27,Mumbai Indians,Delhi Capitals,Mumbai Indians,bat,Mumbai Indians,Delhi Capitals,125,126
355,729311,2014,2014-04-27,Sunrisers Hyderabad,Chennai Super Kings,Sunrisers Hyderabad,bat,Sunrisers Hyderabad,Chennai Super Kings,145,146
356,729313,2014,2014-04-28,Royal Challengers Bengaluru,Punjab Kings,Punjab Kings,field,Royal Challengers Bengaluru,Punjab Kings,124,127
357,729315,2014,2014-04-29,Rajasthan Royals,Kolkata Knight Riders,Rajasthan Royals,bat,Rajasthan Royals,Unknown,152,152
358,729317,2014,2014-04-30,Sunrisers Hyderabad,Mumbai Indians,Mumbai Indians,field,Sunrisers Hyderabad,Sunrisers Hyderabad,172,157
359,733971,2014,2014-05-02,Chennai Super Kings,Kolkata Knight Riders,Chennai Super Kings,bat,Chennai Super Kings,Chennai Super Kings,148,114
360,733973,2014,2014-05-03,Punjab Kings,Mumbai Indians,Punjab Kings,bat,Punjab Kings,Mumbai Indians,168,170
361,733975,2014,2014-05-03,Delhi Capitals,Rajasthan Royals,Rajasthan Royals,field,Delhi Capitals,Rajasthan Royals,152,156
362,733977,2014,2014-05-04,Sunrisers Hyderabad,Royal Challengers Bengaluru,Royal Challengers Bengaluru,field,Sunrisers Hyderabad,Royal Challengers Bengaluru,155,158
363,733979,2014,2014-05-05,Rajasthan Royals,Kolkata Knight Riders,Kolkata Knight Riders,field,Rajasthan Royals,Rajasthan Royals,170,160
364,733981,2014,2014-05-05,Delhi Capitals,Chennai Super Kings,Chennai Super Kings,field,Delhi Capitals,Chennai Super Kings,178,181
365,733983,2014,2014-05-06,Mumbai Indians,Royal Challengers Bengaluru,Royal Challengers Bengaluru,field,Mumbai Indians,Mumbai Indians,187,168
366,733985,2014,2014-05-07,Delhi Capitals,Kolkata Knight Riders,Delhi Capitals,bat,Delhi Capitals,Kolkata Knight Riders,160,161
367,733987,2014,2014-05-07,Punjab Kings,Chennai Super Kings,Chennai Super Kings,field,Punjab Kings,Punjab Kings,231,187
368,733989,2014,2014-05-08,Sunrisers Hyderabad,Rajasthan Royals,Rajasthan Royals,field,Sunrisers Hyderabad,Sunrisers Hyderabad,134,102
369,733991,2014,2014-05-09,Punjab Kings,Royal Challengers Bengaluru,Royal Challengers Bengaluru,field,Punjab Kings,Punjab Kings,198,166
370,733993,2014,2014-05-10,Delhi Capitals,Sunrisers Hyderabad,Sunrisers Hyderabad,field,Delhi Capitals,Sunrisers Hyderabad,143,44
371,733995,2014,2014-05-10,Mumbai Indians,Chennai Super Kings,Chennai Super Kings,field,Mumbai Indians,Chennai Super Kings,157,160
372,733997,2014,2014-05-11,Punjab Kings,Kolkata Knight Riders,Kolkata Knight Riders,field,Punjab Kings,Kolkata Knight Riders,149,150
373,733999,2014,2014-05-11,Royal Challengers Bengaluru,Rajasthan Royals,Royal Challengers Bengaluru,bat,Royal Challengers Bengaluru,Rajasthan Royals,190,191
374,734001,2014,2014-05-12,Sunrisers Hyderabad,Mumbai Indians,Sunrisers Hyderabad,bat,Sunrisers Hyderabad,Mumbai Indians,157,160
375,734003,2014,2014-05-13,Rajasthan Royals,Chennai Super Kings,Rajasthan Royals,bat,Rajasthan Royals,Chennai Super Kings,148,149
376,734005,2014,2014-05-13,Royal Challengers Bengaluru,Delhi Capitals,Delhi Capitals,field,Royal Challengers Bengaluru,Royal Challengers Bengaluru,186,170
377,734007,2014,2014-05-14,Sunrisers Hyderabad,Punjab Kings,Punjab Kings,field,Sunrisers Hyderabad,Punjab Kings,205,211
378,734009,2014,2014-05-14,Mumbai Indians,Kolkata Knight Riders,Kolkata Knight Riders,field,Mumbai Indians,Kolkata Knight Riders,141,142
379,734011,2014,2014-05-15,Rajasthan Royals,Delhi Capitals,Delhi Capitals,field,Rajasthan Royals,Rajasthan Royals,201,139
380,734013,2014,2014-05-18,Chennai Super Kings,Royal Challengers Bengaluru,Chennai Super Kings,bat,Chennai Super Kings,Royal Challengers Bengaluru,138,142
381,734015,2014,2014-05-18,Sunrisers Hyderabad,Kolkata Knight Riders,Sunrisers Hyderabad,bat,Sunrisers Hyderabad,Kolkata Knight Riders,142,146
382,734017,2014,2014-05-19,Mumbai Indians,Rajasthan Royals,Mumbai Indians,bat,Mumbai Indians,Mumbai Indians,178,153
383,734019,2014,2014-05-19,Delhi Capitals,Punjab Kings,Punjab Kings,field,Delhi Capitals,Punjab Kings,164,165
384,734021,2014,2014-05-20,Royal Challengers Bengaluru,Sunrisers Hyderabad,Royal Challengers Bengaluru,bat,Royal Challengers Bengaluru,Sunrisers Hyderabad,160,161
385,734023,2014,2014-05-20,Chennai Super Kings,Kolkata Knight Riders,Kolkata Knight Riders,field,Chennai Super Kings,Kolkata Knight Riders,154,156
386,734025,2014,2014-05-21,Punjab Kings,Mumbai Indians,Mumbai Indians,field,Punjab Kings,Mumbai Indians,156,159
387,734027,2014,2014-05-22,Kolkata Knight Riders,Royal Challengers Bengaluru,Royal Challengers Bengaluru,field,Kolkata Knight Riders,Kolkata Knight Riders,195,165
388,734029,2014,2014-05-22,Chennai Super Kings,Sunrisers Hyderabad,Sunrisers Hyderabad,field,Chennai Super Kings,Sunrisers Hyderabad,185,189
389,734031,2014,2014-05-23,Mumbai Indians,Delhi Capitals,Delhi Capitals,field,Mumbai Indians,Mumbai Indians,173,158
390,734033,2014,2014-05-23,Punjab Kings,Rajasthan Royals,Rajasthan Royals,field,Punjab Kings,Punjab Kings,179,163
391,734035,2014,2014-05-24,Royal Challengers Bengaluru,Chennai Super Kings,Chennai Super Kings,field,Royal Challengers Bengaluru,Chennai Super Kings,154,160
392,734037,2014,2014-05-24,Sunrisers Hyderabad,Kolkata Knight Riders,Kolkata Knight Riders,field,Sunrisers Hyderabad,Kolkata Knight Riders,160,161
393,734039,2014,2014-05-25,Delhi Capitals,Punjab Kings,Punjab Kings,field,Delhi Capitals,Punjab Kings,115,119
394,734041,2014,2014-05-25,Rajasthan Royals,Mumbai Indians,Mumbai Indians,field,Rajasthan Royals,Mumbai Indians,189,195
395,734043,2014,2014-05-27,Kolkata Knight Riders,Punjab Kings,Punjab Kings,field,Kolkata Knight Riders,Kolkata Knight Riders,163,135
396,734045,2014,2014-05-28,Mumbai Indians,Chennai Super Kings,Chennai Super Kings,field,Mumbai Indians,Chennai Super Kings,173,176
397,734047,2014,2014-05-30,Punjab Kings,Chennai Super Kings,Chennai Super Kings,field,Punjab Kings,Punjab Kings,226,202
398,734049,2014,2014-06-01,Punjab Kings,Kolkata Knight Riders,Kolkata Knight Riders,field,Punjab Kings,Kolkata Knight Riders,199,200
399,829705,2015,2015-04-08,Mumbai Indians,Kolkata Knight Riders,Kolkata Knight Riders,field,Mumbai Indians,Kolkata Knight Riders,168,170
400,829707,2015,2015-04-09,Chennai Super Kings,Delhi Capitals,Delhi Capitals,field,Chennai Super Kings,Chennai Super Kings,150,149
401,829709,2015,2015-04-10,Rajasthan Royals,Punjab Kings,Punjab Kings,field,Rajasthan Royals,Rajasthan Royals,162,136
402,829711,2015,2015-04-11,Chennai Super Kings,Sunrisers Hyderabad,Chennai Super Kings,bat,Chennai Super Kings,Chennai Super Kings,209,164
403,829713,2015,2015-04-11,Kolkata Knight Riders,Royal Challengers Bengaluru,Royal Challengers Bengaluru,field,Kolkata Knight Riders,Royal Challengers Bengaluru,177,179
404,829715,2015,2015-04-12,Delhi Capitals,Rajasthan Royals,Rajasthan Royals,field,Delhi Capitals,Rajasthan Royals,184,186
405,829717,2015,2015-04-12,Punjab Kings,Mumbai Indians,Mumbai Indians,field,Punjab Kings,Punjab Kings,177,159
406,829719,2015,2015-04-13,Royal Challengers Bengaluru,Sunrisers Hyderabad,Sunrisers Hyderabad,field,Royal Challengers Bengaluru,Sunrisers Hyderabad,166,172
407,829721,2015,2015-04-14,Mumbai Indians,Rajasthan Royals,Mumbai Indians,bat,Mumbai Indians,Rajasthan Royals,164,165
408,829723,2015,2015-04-30,Chennai Super Kings,Kolkata Knight Riders,Kolkata Knight Riders,field,Chennai Super Kings,Kolkata Knight Riders,165,169
409,829725,2015,2015-04-15,Punjab Kings,Delhi Capitals,Punjab Kings,bat,Punjab Kings,Delhi Capitals,165,169
410,829727,2015,2015-04-16,Sunrisers Hyderabad,Rajasthan Royals,Rajasthan Royals,field,Sunrisers Hyderabad,Rajasthan Royals,127,131
411,829729,2015,2015-04-17,Mumbai Indians,Chennai Super Kings,Mumbai Indians,bat,Mumbai Indians,Chennai Super Kings,183,189
412,829731,2015,2015-04-18,Delhi Capitals,Sunrisers Hyderabad,Delhi Capitals,bat,Delhi Capitals,Delhi Capitals,167,163
413,829733,2015,2015-04-18,Punjab Kings,Kolkata Knight Riders,Kolkata Knight Riders,field,Punjab Kings,Kolkata Knight Riders,155,159
414,829735,2015,2015-04-19,Chennai Super Kings,Rajasthan Royals,Chennai Super Kings,bat,Chennai Super Kings,Rajasthan Royals,156,157
415,829737,2015,2015-04-19,Mumbai Indians,Royal Challengers Bengaluru,Royal Challengers Bengaluru,field,Mumbai Indians,Mumbai Indians,209,191
416,829739,2015,2015-04-20,Delhi Capitals,Kolkata Knight Riders,Kolkata Knight Riders,field,Delhi Capitals,Kolkata Knight Riders,146,147
417,829741,2015,2015-04-21,Rajasthan Royals,Punjab Kings,Punjab Kings,field,Rajasthan Royals,Unknown,191,191
418,829743,2015,2015-04-22,Sunrisers Hyderabad,Kolkata Knight Riders,Kolkata Knight Riders,field,Sunrisers Hyderabad,Sunrisers Hyderabad,176,101
419,829745,2015,2015-04-22,Chennai Super Kings,Royal Challengers Bengaluru,Royal Challengers Bengaluru,field,Chennai Super Kings,Chennai Super Kings,181,154
420,829747,2015,2015-04-23,Delhi Capitals,Mumbai Indians,Mumbai Indians,field,Delhi Capitals,Delhi Capitals,190,153
421,829749,2015,2015-04-24,Rajasthan Royals,Royal Challengers Bengaluru,Royal Challengers Bengaluru,field,Rajasthan Royals,Royal Challengers Bengaluru,130,134
422,829751,2015,2015-04-25,Mumbai Indians,Sunrisers Hyderabad,Mumbai Indians,bat,Mumbai Indians,Mumbai Indians,157,137
423,829753,2015,2015-04-25,Chennai Super Kings,Punjab Kings,Chennai Super Kings,bat,Chennai Super Kings,Chennai Super Kings,192,95
424,829757,2015,2015-04-26,Delhi Capitals,Royal Challengers Bengaluru,Royal Challengers Bengaluru,field,Delhi Capitals,Royal Challengers Bengaluru,95,99
425,829759,2015,2015-04-27,Sunrisers Hyderabad,Punjab Kings,Punjab Kings,field,Sunrisers Hyderabad,Sunrisers Hyderabad,150,130
426,829761,2015,2015-05-07,Kolkata Knight Riders,Delhi Capitals,Kolkata Knight Riders,bat,Kolkata Knight Riders,Kolkata Knight Riders,171,158
427,829763,2015,2015-04-29,Royal Challengers Bengaluru,Rajasthan Royals,Rajasthan Royals,field,Royal Challengers Bengaluru,Unknown,200,0
428,829765,2015,2015-04-28,Chennai Super Kings,Kolkata Knight Riders,Kolkata Knight Riders,field,Chennai Super Kings,Chennai Super Kings,134,132
429,829767,2015,2015-05-01,Punjab Kings,Delhi Capitals,Delhi Capitals,field,Punjab Kings,Delhi Capitals,118,119
430,829769,2015,2015-05-01,Mumbai Indians,Rajasthan Royals,Rajasthan Royals,field,Mumbai Indians,Mumbai Indians,187,179
431,829771,2015,2015-05-02,Kolkata Knight Riders,Royal Challengers Bengaluru,Royal Challengers Bengaluru,field,Kolkata Knight Riders,Royal Challengers Bengaluru,111,115
432,829773,2015,2015-05-02,Sunrisers Hyderabad,Chennai Super Kings,Chennai Super Kings,field,Sunrisers Hyderabad,Sunrisers Hyderabad,192,170
433,829775,2015,2015-05-03,Mumbai Indians,Punjab Kings,Mumbai Indians,bat,Mumbai Indians,Mumbai Indians,172,149
434,829777,2015,2015-05-03,Rajasthan Royals,Delhi Capitals,Delhi Capitals,field,Rajasthan Royals,Rajasthan Royals,189,175
435,829779,2015,2015-05-04,Chennai Super Kings,Royal Challengers Bengaluru,Chennai Super Kings,bat,Chennai Super Kings,Chennai Super Kings,148,124
436,829781,2015,2015-05-04,Kolkata Knight Riders,Sunrisers Hyderabad,Sunrisers Hyderabad,field,Kolkata Knight Riders,Kolkata Knight Riders,167,132
437,829783,2015,2015-05-05,Delhi Capitals,Mumbai Indians,Delhi Capitals,bat,Delhi Capitals,Mumbai Indians,152,153
438,829785,2015,2015-05-06,Royal Challengers Bengaluru,Punjab Kings,Punjab Kings,field,Royal Challengers Bengaluru,Royal Challengers Bengaluru,226,88
439,829787,2015,2015-05-07,Sunrisers Hyderabad,Rajasthan Royals,Rajasthan Royals,field,Sunrisers Hyderabad,Sunrisers Hyderabad,201,194
440,829789,2015,2015-05-08,Chennai Super Kings,Mumbai Indians,Chennai Super Kings,bat,Chennai Super Kings,Mumbai Indians,158,159
441,829791,2015,2015-05-09,Punjab Kings,Kolkata Knight Riders,Punjab Kings,bat,Punjab Kings,Kolkata Knight Riders,183,184
442,829793,2015,2015-05-09,Sunrisers Hyderabad,Delhi Capitals,Sunrisers Hyderabad,bat,Sunrisers Hyderabad,Sunrisers Hyderabad,163,157
443,829795,2015,2015-05-10,Royal Challengers Bengaluru,Mumbai Indians,Royal Challengers Bengaluru,bat,Royal Challengers Bengaluru,Royal Challengers Bengaluru,235,196
444,829797,2015,2015-05-10,Chennai Super Kings,Rajasthan Royals,Chennai Super Kings,bat,Chennai Super Kings,Chennai Super Kings,157,145
445,829799,2015,2015-05-11,Sunrisers Hyderabad,Punjab Kings,Sunrisers Hyderabad,bat,Sunrisers Hyderabad,Sunrisers Hyderabad,185,180
446,829801,2015,2015-05-12,Chennai Super Kings,Delhi Capitals,Chennai Super Kings,bat,Chennai Super Kings,Delhi Capitals,119,120
447,829803,2015,2015-05-13,Punjab Kings,Royal Challengers Bengaluru,Royal Challengers Bengaluru,field,Punjab Kings,Punjab Kings,106,84
448,829805,2015,2015-05-14,Mumbai Indians,Kolkata Knight Riders,Kolkata Knight Riders,field,Mumbai Indians,Mumbai Indians,171,166
449,829807,2015,2015-05-15,Sunrisers Hyderabad,Royal Challengers Bengaluru,Sunrisers Hyderabad,bat,Sunrisers Hyderabad,Royal Challengers Bengaluru,135,83
450,829809,2015,2015-05-16,Punjab Kings,Chennai Super Kings,Punjab Kings,bat,Punjab Kings,Chennai Super Kings,130,134
451,829811,2015,2015-05-16,Rajasthan Royals,Kolkata Knight Riders,Rajasthan Royals,bat,Rajasthan Royals,Rajasthan Royals,199,190
452,829813,2015,2015-05-17,Delhi Capitals,Royal Challengers Bengaluru,Royal Challengers Bengaluru,field,Delhi Capitals,Unknown,187,2
453,829815,2015,2015-05-17,Sunrisers Hyderabad,Mumbai Indians,Sunrisers Hyderabad,bat,Sunrisers Hyderabad,Mumbai Indians,113,114
454,829817,2015,2015-05-19,Mumbai Indians,Chennai Super Kings,Mumbai Indians,bat,Mumbai Indians,Mumbai Indians,187,162
455,829819,2015,2015-05-20,Royal Challengers Bengaluru,Rajasthan Royals,Royal Challengers Bengaluru,bat,Royal Challengers Bengaluru,Royal Challengers Bengaluru,180,109
456,829821,2015,2015-05-22,Royal Challengers Bengaluru,Chennai Super Kings,Chennai Super Kings,field,Royal Challengers Bengaluru,Chennai Super Kings,139,140
457,829823,2015,2015-05-24,Mumbai Indians,Chennai Super Kings,Chennai Super Kings,field,Mumbai Indians,Mumbai Indians,202,161
458,980903,2016,2016-04-10,Delhi Capitals,Kolkata Knight Riders,Kolkata Knight Riders,field,Delhi Capitals,Kolkata Knight Riders,98,99
459,980907,2016,2016-04-12,Royal Challengers Bengaluru,Sunrisers Hyderabad,Sunrisers Hyderabad,field,Royal Challengers Bengaluru,Royal Challengers Bengaluru,227,182
460,980909,2016,2016-04-13,Kolkata Knight Riders,Mumbai Indians,Mumbai Indians,field,Kolkata Knight Riders,Mumbai Indians,187,188
461,980913,2016,2016-04-15,Punjab Kings,Delhi Capitals,Delhi Capitals,field,Punjab Kings,Delhi Capitals,111,113
462,980915,2016,2016-04-16,Sunrisers Hyderabad,Kolkata Knight Riders,Sunrisers Hyderabad,bat,Sunrisers Hyderabad,Kolkata Knight Riders,142,146
463,980921,2016,2016-04-17,Royal Challengers Bengaluru,Delhi Capitals,Delhi Capitals,field,Royal Challengers Bengaluru,Delhi Capitals,191,192
464,980923,2016,2016-04-18,Mumbai Indians,Sunrisers Hyderabad,Sunrisers Hyderabad,field,Mumbai Indians,Sunrisers Hyderabad,142,145
465,980925,2016,2016-04-19,Punjab Kings,Kolkata Knight Riders,Kolkata Knight Riders,field,Punjab Kings,Kolkata Knight Riders,138,141
466,980927,2016,2016-04-20,Royal Challengers Bengaluru,Mumbai Indians,Mumbai Indians,field,Royal Challengers Bengaluru,Mumbai Indians,170,171
467,980933,2016,2016-04-23,Delhi Capitals,Mumbai Indians,Mumbai Indians,field,Delhi Capitals,Delhi Capitals,164,154
468,980935,2016,2016-04-23,Punjab Kings,Sunrisers Hyderabad,Sunrisers Hyderabad,field,Punjab Kings,Sunrisers Hyderabad,143,146
469,980941,2016,2016-04-25,Mumbai Indians,Punjab Kings,Punjab Kings,field,Mumbai Indians,Mumbai Indians,189,164
470,980947,2016,2016-04-28,Kolkata Knight Riders,Mumbai Indians,Mumbai Indians,field,Kolkata Knight Riders,Mumbai Indians,174,178
471,980951,2016,2016-04-30,Delhi Capitals,Kolkata Knight Riders,Kolkata Knight Riders,field,Delhi Capitals,Delhi Capitals,186,159
472,980953,2016,2016-04-30,Sunrisers Hyderabad,Royal Challengers Bengaluru,Royal Challengers Bengaluru,field,Sunrisers Hyderabad,Sunrisers Hyderabad,194,179
473,980959,2016,2016-05-02,Royal Challengers Bengaluru,Kolkata Knight Riders,Kolkata Knight Riders,field,Royal Challengers Bengaluru,Kolkata Knight Riders,185,189
474,980963,2016,2016-05-04,Kolkata Knight Riders,Punjab Kings,Punjab Kings,field,Kolkata Knight Riders,Kolkata Knight Riders,164,157
475,980971,2016,2016-05-07,Punjab Kings,Delhi Capitals,Delhi Capitals,field,Punjab Kings,Punjab Kings,181,172
476,980973,2016,2016-05-08,Sunrisers Hyderabad,Mumbai Indians,Mumbai Indians,field,Sunrisers Hyderabad,Sunrisers Hyderabad,177,92
477,980977,2016,2016-05-09,Royal Challengers Bengaluru,Punjab Kings,Punjab Kings,field,Royal Challengers Bengaluru,Royal Challengers Bengaluru,175,174
478,980981,2016,2016-05-11,Royal Challengers Bengaluru,Mumbai Indians,Mumbai Indians,field,Royal Challengers Bengaluru,Mumbai Indians,151,153
479,980983,2016,2016-05-12,Sunrisers Hyderabad,Delhi Capitals,Delhi Capitals,field,Sunrisers Hyderabad,Delhi Capitals,146,150
480,980985,2016,2016-05-13,Mumbai Indians,Punjab Kings,Mumbai Indians,bat,Mumbai Indians,Punjab Kings,124,127
481,980991,2016,2016-05-15,Punjab Kings,Sunrisers Hyderabad,Punjab Kings,bat,Punjab Kings,Sunrisers Hyderabad,179,180
482,980993,2016,2016-05-15,Mumbai Indians,Delhi Capitals,Delhi Capitals,field,Mumbai Indians,Mumbai Indians,206,126
483,980995,2016,2016-05-16,Kolkata Knight Riders,Royal Challengers Bengaluru,Royal Challengers Bengaluru,field,Kolkata Knight Riders,Royal Challengers Bengaluru,183,186
484,980999,2016,2016-05-18,Royal Challengers Bengaluru,Punjab Kings,Punjab Kings,field,Royal Challengers Bengaluru,Royal Challengers Bengaluru,211,120
485,981003,2016,2016-05-20,Sunrisers Hyderabad,Delhi Capitals,Delhi Capitals,field,Sunrisers Hyderabad,Delhi Capitals,158,161
486,981009,2016,2016-05-22,Kolkata Knight Riders,Sunrisers Hyderabad,Sunrisers Hyderabad,field,Kolkata Knight Riders,Kolkata Knight Riders,171,149
487,981011,2016,2016-05-22,Delhi Capitals,Royal Challengers Bengaluru,Royal Challengers Bengaluru,field,Delhi Capitals,Royal Challengers Bengaluru,138,139
488,981015,2016,2016-05-25,Sunrisers Hyderabad,Kolkata Knight Riders,Kolkata Knight Riders,field,Sunrisers Hyderabad,Sunrisers Hyderabad,162,140
489,981019,2016,2016-05-29,Sunrisers Hyderabad,Royal Challengers Bengaluru,Sunrisers Hyderabad,bat,Sunrisers Hyderabad,Sunrisers Hyderabad,208,200
490,1082591,2017,2017-04-05,Sunrisers Hyderabad,Royal Challengers Bengaluru,Royal Challengers Bengaluru,field,Sunrisers Hyderabad,Sunrisers Hyderabad,207,172
491,1082595,2017,2017-04-08,Royal Challengers Bengaluru,Delhi Capitals,Royal Challengers Bengaluru,bat,Royal Challengers Bengaluru,Royal Challengers Bengaluru,157,142
492,1082597,2017,2017-04-09,Kolkata Knight Riders,Mumbai Indians,Mumbai Indians,field,Kolkata Knight Riders,Mumbai Indians,178,180
493,1082598,2017,2017-04-10,Royal Challengers Bengaluru,Punjab Kings,Royal Challengers Bengaluru,bat,Royal Challengers Bengaluru,Punjab Kings,148,150
494,1082600,2017,2017-04-12,Sunrisers Hyderabad,Mumbai Indians,Mumbai Indians,field,Sunrisers Hyderabad,Mumbai Indians,158,159
495,1082601,2017,2017-04-13,Punjab Kings,Kolkata Knight Riders,Kolkata Knight Riders,field,Punjab Kings,Kolkata Knight Riders,170,171
496,1082602,2017,2017-04-14,Royal Challengers Bengaluru,Mumbai Indians,Mumbai Indians,field,Royal Challengers Bengaluru,Mumbai Indians,142,145
497,1082604,2017,2017-04-15,Kolkata Knight Riders,Sunrisers Hyderabad,Sunrisers Hyderabad,field,Kolkata Knight Riders,Kolkata Knight Riders,172,155
498,1082605,2017,2017-04-15,Delhi Capitals,Punjab Kings,Delhi Capitals,bat,Delhi Capitals,Delhi Capitals,188,137
499,1082608,2017,2017-04-17,Delhi Capitals,Kolkata Knight Riders,Delhi Capitals,bat,Delhi Capitals,Kolkata Knight Riders,168,169
500,1082609,2017,2017-04-17,Sunrisers Hyderabad,Punjab Kings,Punjab Kings,field,Sunrisers Hyderabad,Sunrisers Hyderabad,159,154
501,1082611,2017,2017-04-19,Sunrisers Hyderabad,Delhi Capitals,Sunrisers Hyderabad,bat,Sunrisers Hyderabad,Sunrisers Hyderabad,191,176
502,1082612,2017,2017-04-20,Punjab Kings,Mumbai Indians,Mumbai Indians,field,Punjab Kings,Mumbai Indians,198,199
503,1082614,2017,2017-04-22,Mumbai Indians,Delhi Capitals,Delhi Capitals,field,Mumbai Indians,Mumbai Indians,142,128
504,1082617,2017,2017-04-23,Kolkata Knight Riders,Royal Challengers Bengaluru,Royal Challengers Bengaluru,field,Kolkata Knight Riders,Kolkata Knight Riders,131,49
505,1082622,2017,2017-04-28,Delhi Capitals,Kolkata Knight Riders,Kolkata Knight Riders,field,Delhi Capitals,Kolkata Knight Riders,160,161
506,1082623,2017,2017-04-28,Sunrisers Hyderabad,Punjab Kings,Punjab Kings,field,Sunrisers Hyderabad,Sunrisers Hyderabad,207,181
507,1082626,2017,2017-04-30,Delhi Capitals,Punjab Kings,Punjab Kings,field,Delhi Capitals,Punjab Kings,67,68
508,1082627,2017,2017-04-30,Sunrisers Hyderabad,Kolkata Knight Riders,Kolkata Knight Riders,field,Sunrisers Hyderabad,Sunrisers Hyderabad,209,161
509,1082628,2017,2017-05-01,Royal Challengers Bengaluru,Mumbai Indians,Royal Challengers Bengaluru,bat,Royal Challengers Bengaluru,Mumbai Indians,162,165
510,1082630,2017,2017-05-02,Sunrisers Hyderabad,Delhi Capitals,Delhi Capitals,field,Sunrisers Hyderabad,Delhi Capitals,185,189
511,1082633,2017,2017-05-05,Punjab Kings,Royal Challengers Bengaluru,Royal Challengers Bengaluru,field,Punjab Kings,Punjab Kings,138,119
512,1082635,2017,2017-05-06,Mumbai Indians,Delhi Capitals,Delhi Capitals,field,Mumbai Indians,Mumbai Indians,212,66
513,1082636,2017,2017-05-07,Royal Challengers Bengaluru,Kolkata Knight Riders,Kolkata Knight Riders,field,Royal Challengers Bengaluru,Kolkata Knight Riders,158,159
514,1082638,2017,2017-05-08,Mumbai Indians,Sunrisers Hyderabad,Mumbai Indians,bat,Mumbai Indians,Sunrisers Hyderabad,138,140
515,1082639,2017,2017-05-09,Punjab Kings,Kolkata Knight Riders,Kolkata Knight Riders,field,Punjab Kings,Punjab Kings,167,153
516,1082641,2017,2017-05-11,Punjab Kings,Mumbai Indians,Mumbai Indians,field,Punjab Kings,Punjab Kings,230,223
517,1082644,2017,2017-05-13,Mumbai Indians,Kolkata Knight Riders,Kolkata Knight Riders,field,Mumbai Indians,Mumbai Indians,173,164
518,1082646,2017,2017-05-14,Royal Challengers Bengaluru,Delhi Capitals,Royal Challengers Bengaluru,bat,Royal Challengers Bengaluru,Royal Challengers Bengaluru,161,151
519,1082648,2017,2017-05-17,Sunrisers Hyderabad,Kolkata Knight Riders,Kolkata Knight Riders,field,Sunrisers Hyderabad,Kolkata Knight Riders,128,48
520,1082649,2017,2017-05-19,Kolkata Knight Riders,Mumbai Indians,Mumbai Indians,field,Kolkata Knight Riders,Mumbai Indians,107,111
521,1136561,2018,2018-04-07,Mumbai Indians,Chennai Super Kings,Chennai Super Kings,field,Mumbai Indians,Chennai Super Kings,165,169
522,1136562,2018,2018-04-08,Delhi Capitals,Punjab Kings,Punjab Kings,field,Delhi Capitals,Punjab Kings,166,167
523,1136563,2018,2018-04-08,Royal Challengers Bengaluru,Kolkata Knight Riders,Kolkata Knight Riders,field,Royal Challengers Bengaluru,Kolkata Knight Riders,176,177
524,1136564,2018,2018-04-09,Rajasthan Royals,Sunrisers Hyderabad,Sunrisers Hyderabad,field,Rajasthan Royals,Sunrisers Hyderabad,125,127
525,1136565,2018,2018-04-10,Kolkata Knight Riders,Chennai Super Kings,Chennai Super Kings,field,Kolkata Knight Riders,Chennai Super Kings,202,205
526,1136566,2018,2018-04-11,Rajasthan Royals,Delhi Capitals,Delhi Capitals,field,Rajasthan Royals,Rajasthan Royals,153,60
527,1136567,2018,2018-04-12,Mumbai Indians,Sunrisers Hyderabad,Sunrisers Hyderabad,field,Mumbai Indians,Sunrisers Hyderabad,147,151
528,1136568,2018,2018-04-13,Punjab Kings,Royal Challengers Bengaluru,Royal Challengers Bengaluru,field,Punjab Kings,Royal Challengers Bengaluru,155,159
529,1136569,2018,2018-04-14,Mumbai Indians,Delhi Capitals,Delhi Capitals,field,Mumbai Indians,Delhi Capitals,194,195
530,1136570,2018,2018-04-14,Kolkata Knight Riders,Sunrisers Hyderabad,Sunrisers Hyderabad,field,Kolkata Knight Riders,Sunrisers Hyderabad,138,139
531,1136571,2018,2018-04-15,Rajasthan Royals,Royal Challengers Bengaluru,Royal Challengers Bengaluru,field,Rajasthan Royals,Rajasthan Royals,217,198
532,1136572,2018,2018-04-15,Punjab Kings,Chennai Super Kings,Chennai Super Kings,field,Punjab Kings,Punjab Kings,197,193
533,1136573,2018,2018-04-16,Kolkata Knight Riders,Delhi Capitals,Delhi Capitals,field,Kolkata Knight Riders,Kolkata Knight Riders,200,129
534,1136574,2018,2018-04-17,Mumbai Indians,Royal Challengers Bengaluru,Royal Challengers Bengaluru,field,Mumbai Indians,Mumbai Indians,213,167
535,1136575,2018,2018-04-18,Rajasthan Royals,Kolkata Knight Riders,Kolkata Knight Riders,field,Rajasthan Royals,Kolkata Knight Riders,160,163
536,1136576,2018,2018-04-19,Punjab Kings,Sunrisers Hyderabad,Punjab Kings,bat,Punjab Kings,Punjab Kings,193,178
537,1136577,2018,2018-04-20,Chennai Super Kings,Rajasthan Royals,Rajasthan Royals,field,Chennai Super Kings,Chennai Super Kings,204,140
538,1136578,2018,2018-04-21,Kolkata Knight Riders,Punjab Kings,Punjab Kings,field,Kolkata Knight Riders,Punjab Kings,191,126
539,1136579,2018,2018-04-21,Delhi Capitals,Royal Challengers Bengaluru,Royal Challengers Bengaluru,field,Delhi Capitals,Royal Challengers Bengaluru,174,176
540,1136580,2018,2018-04-22,Chennai Super Kings,Sunrisers Hyderabad,Sunrisers Hyderabad,field,Chennai Super Kings,Chennai Super Kings,182,178
541,1136581,2018,2018-04-22,Mumbai Indians,Rajasthan Royals,Mumbai Indians,bat,Mumbai Indians,Rajasthan Royals,167,168
542,1136582,2018,2018-04-23,Punjab Kings,Delhi Capitals,Delhi Capitals,field,Punjab Kings,Punjab Kings,143,139
543,1136583,2018,2018-04-24,Sunrisers Hyderabad,Mumbai Indians,Mumbai Indians,field,Sunrisers Hyderabad,Sunrisers Hyderabad,118,87
544,1136584,2018,2018-04-25,Royal Challengers Bengaluru,Chennai Super Kings,Chennai Super Kings,field,Royal Challengers Bengaluru,Chennai Super Kings,205,207
545,1136585,2018,2018-04-26,Sunrisers Hyderabad,Punjab Kings,Punjab Kings,field,Sunrisers Hyderabad,Sunrisers Hyderabad,132,119
546,1136586,2018,2018-04-27,Delhi Capitals,Kolkata Knight Riders,Kolkata Knight Riders,field,Delhi Capitals,Delhi Capitals,219,164
547,1136587,2018,2018-04-28,Chennai Super Kings,Mumbai Indians,Mumbai Indians,field,Chennai Super Kings,Mumbai Indians,169,170
548,1136588,2018,2018-04-29,Sunrisers Hyderabad,Rajasthan Royals,Sunrisers Hyderabad,bat,Sunrisers Hyderabad,Sunrisers Hyderabad,151,140
549,1136589,2018,2018-04-29,Royal Challengers Bengaluru,Kolkata Knight Riders,Kolkata Knight Riders,field,Royal Challengers Bengaluru,Kolkata Knight Riders,175,176
550,1136590,2018,2018-04-30,Chennai Super Kings,Delhi Capitals,Delhi Capitals,field,Chennai Super Kings,Chennai Super Kings,211,198
551,1136591,2018,2018-05-01,Royal Challengers Bengaluru,Mumbai Indians,Mumbai Indians,field,Royal Challengers Bengaluru,Royal Challengers Bengaluru,167,153
552,1136592,2018,2018-05-02,Delhi Capitals,Rajasthan Royals,Rajasthan Royals,field,Delhi Capitals,Delhi Capitals,196,146
553,1136593,2018,2018-05-03,Chennai Super Kings,Kolkata Knight Riders,Kolkata Knight Riders,field,Chennai Super Kings,Kolkata Knight Riders,177,180
554,1136594,2018,2018-05-04,Punjab Kings,Mumbai Indians,Mumbai Indians,field,Punjab Kings,Mumbai Indians,174,176
555,1136595,2018,2018-05-05,Royal Challengers Bengaluru,Chennai Super Kings,Chennai Super Kings,field,Royal Challengers Bengaluru,Chennai Super Kings,127,128
556,1136596,2018,2018-05-05,Delhi Capitals,Sunrisers Hyderabad,Delhi Capitals,bat,Delhi Capitals,Sunrisers Hyderabad,163,164
557,1136597,2018,2018-05-06,Mumbai Indians,Kolkata Knight Riders,Kolkata Knight Riders,field,Mumbai Indians,Mumbai Indians,181,168
558,1136598,2018,2018-05-06,Rajasthan Royals,Punjab Kings,Punjab Kings,field,Rajasthan Royals,Punjab Kings,152,155
559,1136599,2018,2018-05-07,Sunrisers Hyderabad,Royal Challengers Bengaluru,Royal Challengers Bengaluru,field,Sunrisers Hyderabad,Sunrisers Hyderabad,146,141
560,1136600,2018,2018-05-08,Rajasthan Royals,Punjab Kings,Rajasthan Royals,bat,Rajasthan Royals,Rajasthan Royals,158,143
561,1136601,2018,2018-05-09,Mumbai Indians,Kolkata Knight Riders,Kolkata Knight Riders,field,Mumbai Indians,Mumbai Indians,210,108
562,1136602,2018,2018-05-10,Delhi Capitals,Sunrisers Hyderabad,Delhi Capitals,bat,Delhi Capitals,Sunrisers Hyderabad,187,191
563,1136603,2018,2018-05-11,Chennai Super Kings,Rajasthan Royals,Chennai Super Kings,bat,Chennai Super Kings,Rajasthan Royals,176,177
564,1136604,2018,2018-05-12,Kolkata Knight Riders,Punjab Kings,Punjab Kings,field,Kolkata Knight Riders,Kolkata Knight Riders,245,214
565,1136605,2018,2018-05-12,Delhi Capitals,Royal Challengers Bengaluru,Royal Challengers Bengaluru,field,Delhi Capitals,Royal Challengers Bengaluru,181,187
566,1136606,2018,2018-05-13,Sunrisers Hyderabad,Chennai Super Kings,Chennai Super Kings,field,Sunrisers Hyderabad,Chennai Super Kings,179,180
567,1136607,2018,2018-05-13,Mumbai Indians,Rajasthan Royals,Rajasthan Royals,field,Mumbai Indians,Rajasthan Royals,168,171
568,1136608,2018,2018-05-14,Punjab Kings,Royal Challengers Bengaluru,Royal Challengers Bengaluru,field,Punjab Kings,Royal Challengers Bengaluru,88,92
569,1136609,2018,2018-05-15,Rajasthan Royals,Kolkata Knight Riders,Kolkata Knight Riders,field,Rajasthan Royals,Kolkata Knight Riders,142,145
570,1136610,2018,2018-05-16,Mumbai Indians,Punjab Kings,Punjab Kings,field,Mumbai Indians,Mumbai Indians,186,183
571,1136611,2018,2018-05-17,Royal Challengers Bengaluru,Sunrisers Hyderabad,Sunrisers Hyderabad,field,Royal Challengers Bengaluru,Royal Challengers Bengaluru,218,204
572,1136612,2018,2018-05-18,Delhi Capitals,Chennai Super Kings,Chennai Super Kings,field,Delhi Capitals,Delhi Capitals,162,128
573,1136613,2018,2018-05-19,Rajasthan Royals,Royal Challengers Bengaluru,Rajasthan Royals,bat,Rajasthan Royals,Rajasthan Royals,164,134
574,1136614,2018,2018-05-19,Sunrisers Hyderabad,Kolkata Knight Riders,Sunrisers Hyderabad,bat,Sunrisers Hyderabad,Kolkata Knight Riders,172,173
575,1136615,2018,2018-05-20,Delhi Capitals,Mumbai Indians,Delhi Capitals,bat,Delhi Capitals,Delhi Capitals,174,163
576,1136616,2018,2018-05-20,Punjab Kings,Chennai Super Kings,Chennai Super Kings,field,Punjab Kings,Chennai Super Kings,153,159
577,1136617,2018,2018-05-22,Sunrisers Hyderabad,Chennai Super Kings,Chennai Super Kings,field,Sunrisers Hyderabad,Chennai Super Kings,139,140
578,1136618,2018,2018-05-23,Kolkata Knight Riders,Rajasthan Royals,Rajasthan Royals,field,Kolkata Knight Riders,Kolkata Knight Riders,169,144
579,1136619,2018,2018-05-25,Sunrisers Hyderabad,Kolkata Knight Riders,Kolkata Knight Riders,field,Sunrisers Hyderabad,Sunrisers Hyderabad,174,160
580,1136620,2018,2018-05-27,Sunrisers Hyderabad,Chennai Super Kings,Chennai Super Kings,field,Sunrisers Hyderabad,Chennai Super Kings,178,181
581,1175356,2019,2019-03-23,Royal Challengers Bengaluru,Chennai Super Kings,Chennai Super Kings,field,Royal Challengers Bengaluru,Chennai Super Kings,70,71
582,1175357,2019,2019-03-24,Sunrisers Hyderabad,Kolkata Knight Riders,Kolkata Knight Riders,field,Sunrisers Hyderabad,Kolkata Knight Riders,181,183
583,1175358,2019,2019-03-24,Delhi Capitals,Mumbai Indians,Mumbai Indians,field,Delhi Capitals,Delhi Capitals,213,176
584,1175359,2019,2019-03-25,Punjab Kings,Rajasthan Royals,Rajasthan Royals,field,Punjab Kings,Punjab Kings,184,170
585,1175360,2019,2019-03-26,Delhi Capitals,Chennai Super Kings,Delhi Capitals,bat,Delhi Capitals,Chennai Super Kings,147,150
586,1175361,2019,2019-03-27,Kolkata Knight Riders,Punjab Kings,Punjab Kings,field,Kolkata Knight Riders,Kolkata Knight Riders,218,190
587,1175362,2019,2019-03-28,Mumbai Indians,Royal Challengers Bengaluru,Royal Challengers Bengaluru,field,Mumbai Indians,Mumbai Indians,187,181
588,1175363,2019,2019-03-29,Rajasthan Royals,Sunrisers Hyderabad,Rajasthan Royals,bat,Rajasthan Royals,Sunrisers Hyderabad,198,201
589,1175364,2019,2019-03-30,Mumbai Indians,Punjab Kings,Punjab Kings,field,Mumbai Indians,Punjab Kings,176,177
590,1175365,2019,2019-03-30,Kolkata Knight Riders,Delhi Capitals,Delhi Capitals,field,Kolkata Knight Riders,Unknown,185,185
591,1175366,2019,2019-03-31,Sunrisers Hyderabad,Royal Challengers Bengaluru,Royal Challengers Bengaluru,field,Sunrisers Hyderabad,Sunrisers Hyderabad,231,113
592,1175367,2019,2019-03-31,Chennai Super Kings,Rajasthan Royals,Rajasthan Royals,field,Chennai Super Kings,Chennai Super Kings,175,167
593,1175368,2019,2019-04-01,Punjab Kings,Delhi Capitals,Delhi Capitals,field,Punjab Kings,Punjab Kings,166,152
594,1175369,2019,2019-04-02,Royal Challengers Bengaluru,Rajasthan Royals,Rajasthan Royals,field,Royal Challengers Bengaluru,Rajasthan Royals,158,164
595,1175370,2019,2019-04-03,Mumbai Indians,Chennai Super Kings,Chennai Super Kings,field,Mumbai Indians,Mumbai Indians,170,133
596,1175371,2019,2019-04-04,Delhi Capitals,Sunrisers Hyderabad,Sunrisers Hyderabad,field,Delhi Capitals,Sunrisers Hyderabad,129,131
597,1175372,2019,2019-04-05,Royal Challengers Bengaluru,Kolkata Knight Riders,Kolkata Knight Riders,field,Royal Challengers Bengaluru,Kolkata Knight Riders,205,206
598,1178393,2019,2019-04-06,Chennai Super Kings,Punjab Kings,Chennai Super Kings,bat,Chennai Super Kings,Chennai Super Kings,160,138
599,1178394,2019,2019-04-06,Mumbai Indians,Sunrisers Hyderabad,Sunrisers Hyderabad,field,Mumbai Indians,Mumbai Indians,136,96
600,1178395,2019,2019-04-07,Royal Challengers Bengaluru,Delhi Capitals,Delhi Capitals,field,Royal Challengers Bengaluru,Delhi Capitals,149,152
601,1178396,2019,2019-04-07,Rajasthan Royals,Kolkata Knight Riders,Kolkata Knight Riders,field,Rajasthan Royals,Kolkata Knight Riders,139,140
602,1178397,2019,2019-04-08,Sunrisers Hyderabad,Punjab Kings,Punjab Kings,field,Sunrisers Hyderabad,Punjab Kings,150,151
603,1178398,2019,2019-04-09,Kolkata Knight Riders,Chennai Super Kings,Chennai Super Kings,field,Kolkata Knight Riders,Chennai Super Kings,108,111
604,1178399,2019,2019-04-10,Punjab Kings,Mumbai Indians,Mumbai Indians,field,Punjab Kings,Mumbai Indians,197,198
605,1178400,2019,2019-04-11,Rajasthan Royals,Chennai Super Kings,Chennai Super Kings,field,Rajasthan Royals,Chennai Super Kings,151,155
606,1178401,2019,2019-04-12,Kolkata Knight Riders,Delhi Capitals,Delhi Capitals,field,Kolkata Knight Riders,Delhi Capitals,178,180
607,1178402,2019,2019-04-13,Mumbai Indians,Rajasthan Royals,Rajasthan Royals,field,Mumbai Indians,Rajasthan Royals,187,188
608,1178403,2019,2019-04-13,Punjab Kings,Royal Challengers Bengaluru,Royal Challengers Bengaluru,field,Punjab Kings,Royal Challengers Bengaluru,173,174
609,1178404,2019,2019-04-14,Kolkata Knight Riders,Chennai Super Kings,Chennai Super Kings,field,Kolkata Knight Riders,Chennai Super Kings,161,162
610,1178405,2019,2019-04-14,Delhi Capitals,Sunrisers Hyderabad,Sunrisers Hyderabad,field,Delhi Capitals,Delhi Capitals,155,116
611,1178406,2019,2019-04-15,Royal Challengers Bengaluru,Mumbai Indians,Mumbai Indians,field,Royal Challengers Bengaluru,Mumbai Indians,171,172
612,1178407,2019,2019-04-16,Punjab Kings,Rajasthan Royals,Rajasthan Royals,field,Punjab Kings,Punjab Kings,182,170
613,1178408,2019,2019-04-17,Chennai Super Kings,Sunrisers Hyderabad,Chennai Super Kings,bat,Chennai Super Kings,Sunrisers Hyderabad,132,137
614,1178409,2019,2019-04-18,Mumbai Indians,Delhi Capitals,Mumbai Indians,bat,Mumbai Indians,Mumbai Indians,168,128
615,1178410,2019,2019-04-19,Royal Challengers Bengaluru,Kolkata Knight Riders,Kolkata Knight Riders,field,Royal Challengers Bengaluru,Royal Challengers Bengaluru,213,203
616,1178411,2019,2019-04-20,Mumbai Indians,Rajasthan Royals,Rajasthan Royals,field,Mumbai Indians,Rajasthan Royals,161,162
617,1178412,2019,2019-04-20,Punjab Kings,Delhi Capitals,Delhi Capitals,field,Punjab Kings,Delhi Capitals,163,166
618,1178413,2019,2019-04-21,Kolkata Knight Riders,Sunrisers Hyderabad,Sunrisers Hyderabad,field,Kolkata Knight Riders,Sunrisers Hyderabad,159,161
619,1178414,2019,2019-04-21,Royal Challengers Bengaluru,Chennai Super Kings,Chennai Super Kings,field,Royal Challengers Bengaluru,Royal Challengers Bengaluru,161,160
620,1178415,2019,2019-04-22,Rajasthan Royals,Delhi Capitals,Delhi Capitals,field,Rajasthan Royals,Delhi Capitals,191,193
621,1178416,2019,2019-04-23,Sunrisers Hyderabad,Chennai Super Kings,Chennai Super Kings,field,Sunrisers Hyderabad,Chennai Super Kings,175,176
622,1178417,2019,2019-04-24,Royal Challengers Bengaluru,Punjab Kings,Punjab Kings,field,Royal Challengers Bengaluru,Royal Challengers Bengaluru,202,185
623,1178418,2019,2019-04-25,Kolkata Knight Riders,Rajasthan Royals,Rajasthan Royals,field,Kolkata Knight Riders,Rajasthan Royals,175,177
624,1178419,2019,2019-04-26,Mumbai Indians,Chennai Super Kings,Chennai Super Kings,field,Mumbai Indians,Mumbai Indians,155,109
625,1178420,2019,2019-04-27,Sunrisers Hyderabad,Rajasthan Royals,Rajasthan Royals,field,Sunrisers Hyderabad,Rajasthan Royals,160,161
626,1178421,2019,2019-04-28,Delhi Capitals,Royal Challengers Bengaluru,Delhi Capitals,bat,Delhi Capitals,Delhi Capitals,187,171
627,1178422,2019,2019-04-28,Kolkata Knight Riders,Mumbai Indians,Mumbai Indians,field,Kolkata Knight Riders,Kolkata Knight Riders,232,198
628,1178423,2019,2019-04-29,Sunrisers Hyderabad,Punjab Kings,Punjab Kings,field,Sunrisers Hyderabad,Sunrisers Hyderabad,212,167
629,1178424,2019,2019-04-30,Royal Challengers Bengaluru,Rajasthan Royals,Rajasthan Royals,field,Royal Challengers Bengaluru,Unknown,62,41
630,1178425,2019,2019-05-01,Chennai Super Kings,Delhi Capitals,Delhi Capitals,field,Chennai Super Kings,Chennai Super Kings,179,99
631,1178426,2019,2019-05-02,Mumbai Indians,Sunrisers Hyderabad,Mumbai Indians,bat,Mumbai Indians,Unknown,162,162
632,1178427,2019,2019-05-03,Punjab Kings,Kolkata Knight Riders,Kolkata Knight Riders,field,Punjab Kings,Kolkata Knight Riders,183,185
633,1178428,2019,2019-05-04,Rajasthan Royals,Delhi Capitals,Rajasthan Royals,bat,Rajasthan Royals,Delhi Capitals,115,121
634,1178429,2019,2019-05-04,Sunrisers Hyderabad,Royal Challengers Bengaluru,Royal Challengers Bengaluru,field,Sunrisers Hyderabad,Royal Challengers Bengaluru,175,178
635,1178430,2019,2019-05-05,Chennai Super Kings,Punjab Kings,Punjab Kings,field,Chennai Super Kings,Punjab Kings,170,173
636,1178431,2019,2019-05-05,Kolkata Knight Riders,Mumbai Indians,Mumbai Indians,field,Kolkata Knight Riders,Mumbai Indians,133,134
637,1181764,2019,2019-05-07,Chennai Super Kings,Mumbai Indians,Chennai Super Kings,bat,Chennai Super Kings,Mumbai Indians,131,132
638,1181766,2019,2019-05-08,Sunrisers Hyderabad,Delhi Capitals,Delhi Capitals,field,Sunrisers Hyderabad,Delhi Capitals,162,165
639,1181767,2019,2019-05-10,Delhi Capitals,Chennai Super Kings,Chennai Super Kings,field,Delhi Capitals,Chennai Super Kings,147,151
640,1181768,2019,2019-05-12,Mumbai Indians,Chennai Super Kings,Mumbai Indians,bat,Mumbai Indians,Mumbai Indians,149,148
641,1216492,2020/21,2020-09-19,Mumbai Indians,Chennai Super Kings,Chennai Super Kings,field,Mumbai Indians,Chennai Super Kings,162,166
642,1216493,2020/21,2020-09-20,Delhi Capitals,Punjab Kings,Punjab Kings,field,Delhi Capitals,Unknown,157,157
643,1216494,2020/21,2020-10-21,Kolkata Knight Riders,Royal Challengers Bengaluru,Kolkata Knight Riders,bat,Kolkata Knight Riders,Royal Challengers Bengaluru,84,85
644,1216495,2020/21,2020-11-03,Mumbai Indians,Sunrisers Hyderabad,Sunrisers Hyderabad,field,Mumbai Indians,Sunrisers Hyderabad,149,151
645,1216496,2020/21,2020-09-22,Rajasthan Royals,Chennai Super Kings,Chennai Super Kings,field,Rajasthan Royals,Rajasthan Royals,216,200
646,1216497,2020/21,2020-10-24,Kolkata Knight Riders,Delhi Capitals,Delhi Capitals,field,Kolkata Knight Riders,Kolkata Knight Riders,194,135
647,1216498,2020/21,2020-10-24,Punjab Kings,Sunrisers Hyderabad,Sunrisers Hyderabad,field,Punjab Kings,Punjab Kings,126,114
648,1216499,2020/21,2020-10-28,Royal Challengers Bengaluru,Mumbai Indians,Mumbai Indians,field,Royal Challengers Bengaluru,Mumbai Indians,164,166
649,1216500,2020/21,2020-10-09,Delhi Capitals,Rajasthan Royals,Rajasthan Royals,field,Delhi Capitals,Delhi Capitals,184,138
650,1216501,2020/21,2020-10-07,Kolkata Knight Riders,Chennai Super Kings,Kolkata Knight Riders,bat,Kolkata Knight Riders,Kolkata Knight Riders,167,157
651,1216502,2020/21,2020-10-31,Royal Challengers Bengaluru,Sunrisers Hyderabad,Sunrisers Hyderabad,field,Royal Challengers Bengaluru,Sunrisers Hyderabad,120,121
652,1216503,2020/21,2020-10-01,Mumbai Indians,Punjab Kings,Punjab Kings,field,Mumbai Indians,Mumbai Indians,191,143
653,1216504,2020/21,2020-09-30,Kolkata Knight Riders,Rajasthan Royals,Rajasthan Royals,field,Kolkata Knight Riders,Kolkata Knight Riders,174,137
654,1216505,2020/21,2020-11-02,Royal Challengers Bengaluru,Delhi Capitals,Delhi Capitals,field,Royal Challengers Bengaluru,Delhi Capitals,152,154
655,1216506,2020/21,2020-11-01,Punjab Kings,Chennai Super Kings,Chennai Super Kings,field,Punjab Kings,Chennai Super Kings,153,154
656,1216507,2020/21,2020-10-11,Sunrisers Hyderabad,Rajasthan Royals,Sunrisers Hyderabad,bat,Sunrisers Hyderabad,Rajasthan Royals,158,163
657,1216508,2020/21,2020-09-23,Mumbai Indians,Kolkata Knight Riders,Kolkata Knight Riders,field,Mumbai Indians,Mumbai Indians,195,146
658,1216509,2020/21,2020-10-17,Chennai Super Kings,Delhi Capitals,Chennai Super Kings,bat,Chennai Super Kings,Delhi Capitals,179,185
659,1216510,2020/21,2020-09-24,Punjab Kings,Royal Challengers Bengaluru,Royal Challengers Bengaluru,field,Punjab Kings,Punjab Kings,206,109
660,1216511,2020/21,2020-10-06,Mumbai Indians,Rajasthan Royals,Mumbai Indians,bat,Mumbai Indians,Mumbai Indians,193,136
661,1216512,2020/21,2020-10-18,Kolkata Knight Riders,Sunrisers Hyderabad,Sunrisers Hyderabad,field,Kolkata Knight Riders,Unknown,163,163
662,1216513,2020/21,2020-10-04,Punjab Kings,Chennai Super Kings,Punjab Kings,bat,Punjab Kings,Chennai Super Kings,178,181
663,1216514,2020/21,2020-10-03,Rajasthan Royals,Royal Challengers Bengaluru,Rajasthan Royals,bat,Rajasthan Royals,Royal Challengers Bengaluru,154,158
664,1216515,2020/21,2020-10-03,Delhi Capitals,Kolkata Knight Riders,Kolkata Knight Riders,field,Delhi Capitals,Delhi Capitals,228,210
665,1216516,2020/21,2020-10-02,Sunrisers Hyderabad,Chennai Super Kings,Sunrisers Hyderabad,bat,Sunrisers Hyderabad,Sunrisers Hyderabad,164,157
666,1216517,2020/21,2020-10-18,Mumbai Indians,Punjab Kings,Mumbai Indians,bat,Mumbai Indians,Unknown,176,176
667,1216518,2020/21,2020-10-22,Rajasthan Royals,Sunrisers Hyderabad,Sunrisers Hyderabad,field,Rajasthan Royals,Sunrisers Hyderabad,154,156
668,1216519,2020/21,2020-10-05,Delhi Capitals,Royal Challengers Bengaluru,Royal Challengers Bengaluru,field,Delhi Capitals,Delhi Capitals,196,137
669,1216520,2020/21,2020-10-26,Kolkata Knight Riders,Punjab Kings,Punjab Kings,field,Kolkata Knight Riders,Punjab Kings,149,150
670,1216521,2020/21,2020-10-23,Chennai Super Kings,Mumbai Indians,Mumbai Indians,field,Chennai Super Kings,Mumbai Indians,114,116
671,1216522,2020/21,2020-10-17,Rajasthan Royals,Royal Challengers Bengaluru,Rajasthan Royals,bat,Rajasthan Royals,Royal Challengers Bengaluru,177,179
672,1216523,2020/21,2020-10-10,Kolkata Knight Riders,Punjab Kings,Kolkata Knight Riders,bat,Kolkata Knight Riders,Kolkata Knight Riders,164,162
673,1216524,2020/21,2020-10-27,Sunrisers Hyderabad,Delhi Capitals,Delhi Capitals,field,Sunrisers Hyderabad,Sunrisers Hyderabad,219,131
674,1216525,2020/21,2020-10-10,Royal Challengers Bengaluru,Chennai Super Kings,Royal Challengers Bengaluru,bat,Royal Challengers Bengaluru,Royal Challengers Bengaluru,169,132
675,1216526,2020/21,2020-10-16,Kolkata Knight Riders,Mumbai Indians,Kolkata Knight Riders,bat,Kolkata Knight Riders,Mumbai Indians,148,149
676,1216527,2020/21,2020-09-27,Punjab Kings,Rajasthan Royals,Rajasthan Royals,field,Punjab Kings,Rajasthan Royals,223,226
677,1216528,2020/21,2020-10-13,Chennai Super Kings,Sunrisers Hyderabad,Chennai Super Kings,bat,Chennai Super Kings,Chennai Super Kings,167,147
678,1216529,2020/21,2020-10-11,Delhi Capitals,Mumbai Indians,Delhi Capitals,bat,Delhi Capitals,Mumbai Indians,162,166
679,1216530,2020/21,2020-11-01,Kolkata Knight Riders,Rajasthan Royals,Rajasthan Royals,field,Kolkata Knight Riders,Kolkata Knight Riders,191,131
680,1216531,2020/21,2020-10-15,Royal Challengers Bengaluru,Punjab Kings,Royal Challengers Bengaluru,bat,Royal Challengers Bengaluru,Punjab Kings,171,177
681,1216532,2020/21,2020-09-29,Sunrisers Hyderabad,Delhi Capitals,Delhi Capitals,field,Sunrisers Hyderabad,Sunrisers Hyderabad,162,147
682,1216533,2020/21,2020-10-19,Chennai Super Kings,Rajasthan Royals,Chennai Super Kings,bat,Chennai Super Kings,Rajasthan Royals,125,126
683,1216534,2020/21,2020-09-21,Royal Challengers Bengaluru,Sunrisers Hyderabad,Sunrisers Hyderabad,field,Royal Challengers Bengaluru,Royal Challengers Bengaluru,163,153
684,1216535,2020/21,2020-10-31,Delhi Capitals,Mumbai Indians,Mumbai Indians,field,Delhi Capitals,Mumbai Indians,110,111
685,1216536,2020/21,2020-10-29,Kolkata Knight Riders,Chennai Super Kings,Chennai Super Kings,field,Kolkata Knight Riders,Chennai Super Kings,172,178
686,1216537,2020/21,2020-10-30,Punjab Kings,Rajasthan Royals,Rajasthan Royals,field,Punjab Kings,Rajasthan Royals,185,186
687,1216538,2020/21,2020-10-04,Mumbai Indians,Sunrisers Hyderabad,Mumbai Indians,bat,Mumbai Indians,Mumbai Indians,208,174
688,1216539,2020/21,2020-09-25,Delhi Capitals,Chennai Super Kings,Chennai Super Kings,field,Delhi Capitals,Delhi Capitals,175,131
689,1216540,2020/21,2020-10-12,Royal Challengers Bengaluru,Kolkata Knight Riders,Royal Challengers Bengaluru,bat,Royal Challengers Bengaluru,Royal Challengers Bengaluru,194,112
690,1216541,2020/21,2020-10-25,Mumbai Indians,Rajasthan Royals,Mumbai Indians,bat,Mumbai Indians,Rajasthan Royals,195,196
691,1216542,2020/21,2020-10-08,Sunrisers Hyderabad,Punjab Kings,Sunrisers Hyderabad,bat,Sunrisers Hyderabad,Sunrisers Hyderabad,201,132
692,1216543,2020/21,2020-10-14,Delhi Capitals,Rajasthan Royals,Delhi Capitals,bat,Delhi Capitals,Delhi Capitals,161,148
693,1216544,2020/21,2020-10-25,Royal Challengers Bengaluru,Chennai Super Kings,Royal Challengers Bengaluru,bat,Royal Challengers Bengaluru,Chennai Super Kings,145,150
694,1216545,2020/21,2020-09-26,Sunrisers Hyderabad,Kolkata Knight Riders,Sunrisers Hyderabad,bat,Sunrisers Hyderabad,Kolkata Knight Riders,142,145
695,1216546,2020/21,2020-10-20,Delhi Capitals,Punjab Kings,Delhi Capitals,bat,Delhi Capitals,Punjab Kings,164,167
696,1216547,2020/21,2020-09-28,Royal Challengers Bengaluru,Mumbai Indians,Mumbai Indians,field,Royal Challengers Bengaluru,Unknown,201,201
697,1237177,2020/21,2020-11-05,Mumbai Indians,Delhi Capitals,Delhi Capitals,field,Mumbai Indians,Mumbai Indians,200,143
698,1237178,2020/21,2020-11-06,Royal Challengers Bengaluru,Sunrisers Hyderabad,Sunrisers Hyderabad,field,Royal Challengers Bengaluru,Sunrisers Hyderabad,131,132
699,1237180,2020/21,2020-11-08,Delhi Capitals,Sunrisers Hyderabad,Delhi Capitals,bat,Delhi Capitals,Delhi Capitals,189,172
700,1237181,2020/21,2020-11-10,Delhi Capitals,Mumbai Indians,Delhi Capitals,bat,Delhi Capitals,Mumbai Indians,156,157
701,1254058,2021,2021-04-09,Mumbai Indians,Royal Challengers Bengaluru,Royal Challengers Bengaluru,field,Mumbai Indians,Royal Challengers Bengaluru,159,160
702,1254059,2021,2021-04-10,Chennai Super Kings,Delhi Capitals,Delhi Capitals,field,Chennai Super Kings,Delhi Capitals,188,190
703,1254060,2021,2021-04-11,Kolkata Knight Riders,Sunrisers Hyderabad,Sunrisers Hyderabad,field,Kolkata Knight Riders,Kolkata Knight Riders,187,177
704,1254061,2021,2021-04-12,Punjab Kings,Rajasthan Royals,Rajasthan Royals,field,Punjab Kings,Punjab Kings,221,217
705,1254062,2021,2021-04-13,Mumbai Indians,Kolkata Knight Riders,Kolkata Knight Riders,field,Mumbai Indians,Mumbai Indians,152,142
706,1254063,2021,2021-04-14,Royal Challengers Bengaluru,Sunrisers Hyderabad,Sunrisers Hyderabad,field,Royal Challengers Bengaluru,Royal Challengers Bengaluru,149,143
707,1254064,2021,2021-04-15,Delhi Capitals,Rajasthan Royals,Rajasthan Royals,field,Delhi Capitals,Rajasthan Royals,147,150
708,1254065,2021,2021-04-16,Punjab Kings,Chennai Super Kings,Chennai Super Kings,field,Punjab Kings,Chennai Super Kings,106,107
709,1254066,2021,2021-04-17,Mumbai Indians,Sunrisers Hyderabad,Mumbai Indians,bat,Mumbai Indians,Mumbai Indians,150,137
710,1254067,2021,2021-04-18,Royal Challengers Bengaluru,Kolkata Knight Riders,Royal Challengers Bengaluru,bat,Royal Challengers Bengaluru,Royal Challengers Bengaluru,204,166
711,1254068,2021,2021-04-18,Punjab Kings,Delhi Capitals,Delhi Capitals,field,Punjab Kings,Delhi Capitals,195,198
712,1254069,2021,2021-04-19,Chennai Super Kings,Rajasthan Royals,Rajasthan Royals,field,Chennai Super Kings,Chennai Super Kings,188,143
713,1254070,2021,2021-04-20,Mumbai Indians,Delhi Capitals,Mumbai Indians,bat,Mumbai Indians,Delhi Capitals,137,138
714,1254071,2021,2021-04-21,Punjab Kings,Sunrisers Hyderabad,Punjab Kings,bat,Punjab Kings,Sunrisers Hyderabad,120,121
715,1254072,2021,2021-04-21,Chennai Super Kings,Kolkata Knight Riders,Kolkata Knight Riders,field,Chennai Super Kings,Chennai Super Kings,220,202
716,1254073,2021,2021-04-22,Rajasthan Royals,Royal Challengers Bengaluru,Royal Challengers Bengaluru,field,Rajasthan Royals,Royal Challengers Bengaluru,177,181
717,1254074,2021,2021-04-23,Mumbai Indians,Punjab Kings,Punjab Kings,field,Mumbai Indians,Punjab Kings,131,132
718,1254075,2021,2021-04-24,Kolkata Knight Riders,Rajasthan Royals,Rajasthan Royals,field,Kolkata Knight Riders,Rajasthan Royals,133,134
719,1254076,2021,2021-04-25,Chennai Super Kings,Royal Challengers Bengaluru,Chennai Super Kings,bat,Chennai Super Kings,Chennai Super Kings,191,122
720,1254077,2021,2021-04-25,Delhi Capitals,Sunrisers Hyderabad,Delhi Capitals,bat,Delhi Capitals,Unknown,159,159
721,1254078,2021,2021-04-26,Punjab Kings,Kolkata Knight Riders,Kolkata Knight Riders,field,Punjab Kings,Kolkata Knight Riders,123,126
722,1254079,2021,2021-04-27,Royal Challengers Bengaluru,Delhi Capitals,Delhi Capitals,field,Royal Challengers Bengaluru,Royal Challengers Bengaluru,171,170
723,1254080,2021,2021-04-28,Sunrisers Hyderabad,Chennai Super Kings,Sunrisers Hyderabad,bat,Sunrisers Hyderabad,Chennai Super Kings,171,173
724,1254081,2021,2021-04-29,Rajasthan Royals,Mumbai Indians,Mumbai Indians,field,Rajasthan Royals,Mumbai Indians,171,172
725,1254082,2021,2021-04-29,Kolkata Knight Riders,Delhi Capitals,Delhi Capitals,field,Kolkata Knight Riders,Delhi Capitals,154,156
726,1254083,2021,2021-04-30,Punjab Kings,Royal Challengers Bengaluru,Royal Challengers Bengaluru,field,Punjab Kings,Punjab Kings,179,145
727,1254084,2021,2021-05-01,Chennai Super Kings,Mumbai Indians,Mumbai Indians,field,Chennai Super Kings,Mumbai Indians,218,219
728,1254085,2021,2021-05-02,Rajasthan Royals,Sunrisers Hyderabad,Sunrisers Hyderabad,field,Rajasthan Royals,Rajasthan Royals,220,165
729,1254086,2021,2021-05-02,Punjab Kings,Delhi Capitals,Delhi Capitals,field,Punjab Kings,Delhi Capitals,166,167
730,1254087,2021,2021-09-20,Royal Challengers Bengaluru,Kolkata Knight Riders,Royal Challengers Bengaluru,bat,Royal Challengers Bengaluru,Kolkata Knight Riders,92,94
731,1254088,2021,2021-10-08,Mumbai Indians,Sunrisers Hyderabad,Mumbai Indians,bat,Mumbai Indians,Mumbai Indians,235,193
732,1254089,2021,2021-10-02,Chennai Super Kings,Rajasthan Royals,Rajasthan Royals,field,Chennai Super Kings,Rajasthan Royals,189,190
733,1254090,2021,2021-10-03,Royal Challengers Bengaluru,Punjab Kings,Royal Challengers Bengaluru,bat,Royal Challengers Bengaluru,Royal Challengers Bengaluru,164,158
734,1254091,2021,2021-09-30,Sunrisers Hyderabad,Chennai Super Kings,Chennai Super Kings,field,Sunrisers Hyderabad,Chennai Super Kings,134,139
735,1254092,2021,2021-09-28,Delhi Capitals,Kolkata Knight Riders,Kolkata Knight Riders,field,Delhi Capitals,Kolkata Knight Riders,127,130
736,1254093,2021,2021-10-05,Rajasthan Royals,Mumbai Indians,Mumbai Indians,field,Rajasthan Royals,Mumbai Indians,90,94
737,1254094,2021,2021-10-07,Chennai Super Kings,Punjab Kings,Punjab Kings,field,Chennai Super Kings,Punjab Kings,134,139
738,1254095,2021,2021-10-06,Sunrisers Hyderabad,Royal Challengers Bengaluru,Royal Challengers Bengaluru,field,Sunrisers Hyderabad,Sunrisers Hyderabad,141,137
739,1254096,2021,2021-09-23,Mumbai Indians,Kolkata Knight Riders,Kolkata Knight Riders,field,Mumbai Indians,Kolkata Knight Riders,155,159
740,1254097,2021,2021-09-25,Delhi Capitals,Rajasthan Royals,Rajasthan Royals,field,Delhi Capitals,Delhi Capitals,154,121
741,1254098,2021,2021-09-26,Kolkata Knight Riders,Chennai Super Kings,Kolkata Knight Riders,bat,Kolkata Knight Riders,Chennai Super Kings,171,172
742,1254099,2021,2021-09-28,Punjab Kings,Mumbai Indians,Mumbai Indians,field,Punjab Kings,Mumbai Indians,135,137
743,1254100,2021,2021-09-27,Rajasthan Royals,Sunrisers Hyderabad,Rajasthan Royals,bat,Rajasthan Royals,Sunrisers Hyderabad,164,167
744,1254101,2021,2021-10-08,Delhi Capitals,Royal Challengers Bengaluru,Royal Challengers Bengaluru,field,Delhi Capitals,Royal Challengers Bengaluru,164,166
745,1254102,2021,2021-10-01,Kolkata Knight Riders,Punjab Kings,Punjab Kings,field,Kolkata Knight Riders,Punjab Kings,165,168
746,1254103,2021,2021-09-29,Rajasthan Royals,Royal Challengers Bengaluru,Royal Challengers Bengaluru,field,Rajasthan Royals,Royal Challengers Bengaluru,149,153
747,1254104,2021,2021-09-19,Chennai Super Kings,Mumbai Indians,Chennai Super Kings,bat,Chennai Super Kings,Chennai Super Kings,156,136
748,1254105,2021,2021-09-22,Sunrisers Hyderabad,Delhi Capitals,Sunrisers Hyderabad,bat,Sunrisers Hyderabad,Delhi Capitals,134,139
749,1254106,2021,2021-10-07,Kolkata Knight Riders,Rajasthan Royals,Rajasthan Royals,field,Kolkata Knight Riders,Kolkata Knight Riders,171,85
750,1254107,2021,2021-09-25,Punjab Kings,Sunrisers Hyderabad,Sunrisers Hyderabad,field,Punjab Kings,Punjab Kings,125,120
751,1254108,2021,2021-09-26,Royal Challengers Bengaluru,Mumbai Indians,Mumbai Indians,field,Royal Challengers Bengaluru,Royal Challengers Bengaluru,165,111
752,1254109,2021,2021-10-03,Sunrisers Hyderabad,Kolkata Knight Riders,Sunrisers Hyderabad,bat,Sunrisers Hyderabad,Kolkata Knight Riders,115,119
753,1254110,2021,2021-10-04,Chennai Super Kings,Delhi Capitals,Delhi Capitals,field,Chennai Super Kings,Delhi Capitals,136,139
754,1254111,2021,2021-09-21,Rajasthan Royals,Punjab Kings,Punjab Kings,field,Rajasthan Royals,Rajasthan Royals,185,183
755,1254112,2021,2021-10-02,Mumbai Indians,Delhi Capitals,Delhi Capitals,field,Mumbai Indians,Delhi Capitals,129,132
756,1254113,2021,2021-09-24,Royal Challengers Bengaluru,Chennai Super Kings,Chennai Super Kings,field,Royal Challengers Bengaluru,Chennai Super Kings,156,157
757,1254114,2021,2021-10-10,Delhi Capitals,Chennai Super Kings,Chennai Super Kings,field,Delhi Capitals,Chennai Super Kings,172,173
758,1254115,2021,2021-10-11,Royal Challengers Bengaluru,Kolkata Knight Riders,Royal Challengers Bengaluru,bat,Royal Challengers Bengaluru,Kolkata Knight Riders,138,139
759,1254116,2021,2021-10-13,Delhi Capitals,Kolkata Knight Riders,Kolkata Knight Riders,field,Delhi Capitals,Kolkata Knight Riders,135,136
760,1254117,2021,2021-10-15,Chennai Super Kings,Kolkata Knight Riders,Kolkata Knight Riders,field,Chennai Super Kings,Chennai Super Kings,192,165
761,1304047,2022,2022-03-26,Chennai Super Kings,Kolkata Knight Riders,Kolkata Knight Riders,field,Chennai Super Kings,Kolkata Knight Riders,131,133
762,1304048,2022,2022-03-27,Mumbai Indians,Delhi Capitals,Delhi Capitals,field,Mumbai Indians,Delhi Capitals,177,179
763,1304049,2022,2022-03-27,Royal Challengers Bengaluru,Punjab Kings,Punjab Kings,field,Royal Challengers Bengaluru,Punjab Kings,205,208
764,1304050,2022,2022-03-28,Lucknow Super Giants,Gujarat Titans,Gujarat Titans,field,Lucknow Super Giants,Gujarat Titans,158,161
765,1304051,2022,2022-03-29,Rajasthan Royals,Sunrisers Hyderabad,Sunrisers Hyderabad,field,Rajasthan Royals,Rajasthan Royals,210,149
766,1304052,2022,2022-03-30,Kolkata Knight Riders,Royal Challengers Bengaluru,Royal Challengers Bengaluru,field,Kolkata Knight Riders,Royal Challengers Bengaluru,128,132
767,1304053,2022,2022-03-31,Chennai Super Kings,Lucknow Super Giants,Lucknow Super Giants,field,Chennai Super Kings,Lucknow Super Giants,210,211
768,1304054,2022,2022-04-01,Punjab Kings,Kolkata Knight Riders,Kolkata Knight Riders,field,Punjab Kings,Kolkata Knight Riders,137,141
769,1304055,2022,2022-04-02,Rajasthan Royals,Mumbai Indians,Mumbai Indians,field,Rajasthan Royals,Rajasthan Royals,193,170
770,1304056,2022,2022-04-02,Gujarat Titans,Delhi Capitals,Delhi Capitals,field,Gujarat Titans,Gujarat Titans,171,157
771,1304057,2022,2022-04-03,Punjab Kings,Chennai Super Kings,Chennai Super Kings,field,Punjab Kings,Punjab Kings,180,126
772,1304058,2022,2022-04-04,Lucknow Super Giants,Sunrisers Hyderabad,Sunrisers Hyderabad,field,Lucknow Super Giants,Lucknow Super Giants,169,157
773,1304059,2022,2022-04-05,Rajasthan Royals,Royal Challengers Bengaluru,Royal Challengers Bengaluru,field,Rajasthan Royals,Royal Challengers Bengaluru,169,173
774,1304060,2022,2022-04-06,Mumbai Indians,Kolkata Knight Riders,Kolkata Knight Riders,field,Mumbai Indians,Kolkata Knight Riders,161,162
775,1304061,2022,2022-04-07,Delhi Capitals,Lucknow Super Giants,Lucknow Super Giants,field,Delhi Capitals,Lucknow Super Giants,149,155
776,1304062,2022,2022-04-08,Punjab Kings,Gujarat Titans,Gujarat Titans,field,Punjab Kings,Gujarat Titans,189,190
777,1304063,2022,2022-04-09,Chennai Super Kings,Sunrisers Hyderabad,Sunrisers Hyderabad,field,Chennai Super Kings,Sunrisers Hyderabad,154,155
778,1304064,2022,2022-04-09,Mumbai Indians,Royal Challengers Bengaluru,Royal Challengers Bengaluru,field,Mumbai Indians,Royal Challengers Bengaluru,151,152
779,1304065,2022,2022-04-10,Delhi Capitals,Kolkata Knight Riders,Kolkata Knight Riders,field,Delhi Capitals,Delhi Capitals,215,171
780,1304066,2022,2022-04-10,Rajasthan Royals,Lucknow Super Giants,Lucknow Super Giants,field,Rajasthan Royals,Rajasthan Royals,165,162
781,1304067,2022,2022-04-11,Gujarat Titans,Sunrisers Hyderabad,Sunrisers Hyderabad,field,Gujarat Titans,Sunrisers Hyderabad,162,168
782,1304068,2022,2022-04-12,Chennai Super Kings,Royal Challengers Bengaluru,Royal Challengers Bengaluru,field,Chennai Super Kings,Chennai Super Kings,216,193
783,1304069,2022,2022-04-13,Punjab Kings,Mumbai Indians,Mumbai Indians,field,Punjab Kings,Punjab Kings,198,186
784,1304070,2022,2022-04-14,Gujarat Titans,Rajasthan Royals,Rajasthan Royals,field,Gujarat Titans,Gujarat Titans,192,155
785,1304071,2022,2022-04-15,Kolkata Knight Riders,Sunrisers Hyderabad,Sunrisers Hyderabad,field,Kolkata Knight Riders,Sunrisers Hyderabad,175,176
786,1304072,2022,2022-04-16,Lucknow Super Giants,Mumbai Indians,Mumbai Indians,field,Lucknow Super Giants,Lucknow Super Giants,199,181
787,1304073,2022,2022-04-16,Royal Challengers Bengaluru,Delhi Capitals,Delhi Capitals,field,Royal Challengers Bengaluru,Royal Challengers Bengaluru,189,173
788,1304074,2022,2022-04-17,Punjab Kings,Sunrisers Hyderabad,Sunrisers Hyderabad,field,Punjab Kings,Sunrisers Hyderabad,151,152
789,1304075,2022,2022-04-17,Chennai Super Kings,Gujarat Titans,Gujarat Titans,field,Chennai Super Kings,Gujarat Titans,169,170
790,1304076,2022,2022-04-18,Rajasthan Royals,Kolkata Knight Riders,Kolkata Knight Riders,field,Rajasthan Royals,Rajasthan Royals,217,210
791,1304077,2022,2022-04-19,Royal Challengers Bengaluru,Lucknow Super Giants,Lucknow Super Giants,field,Royal Challengers Bengaluru,Royal Challengers Bengaluru,181,163
792,1304078,2022,2022-04-20,Punjab Kings,Delhi Capitals,Delhi Capitals,field,Punjab Kings,Delhi Capitals,115,119
793,1304079,2022,2022-04-21,Mumbai Indians,Chennai Super Kings,Chennai Super Kings,field,Mumbai Indians,Chennai Super Kings,155,156
794,1304080,2022,2022-04-22,Rajasthan Royals,Delhi Capitals,Delhi Capitals,field,Rajasthan Royals,Rajasthan Royals,222,207
795,1304081,2022,2022-04-23,Gujarat Titans,Kolkata Knight Riders,Gujarat Titans,bat,Gujarat Titans,Gujarat Titans,156,148
796,1304082,2022,2022-04-23,Royal Challengers Bengaluru,Sunrisers Hyderabad,Sunrisers Hyderabad,field,Royal Challengers Bengaluru,Sunrisers Hyderabad,68,72
797,1304083,2022,2022-04-24,Lucknow Super Giants,Mumbai Indians,Mumbai Indians,field,Lucknow Super Giants,Lucknow Super Giants,168,132
798,1304084,2022,2022-04-25,Punjab Kings,Chennai Super Kings,Chennai Super Kings,field,Punjab Kings,Punjab Kings,187,176
799,1304085,2022,2022-04-26,Rajasthan Royals,Royal Challengers Bengaluru,Royal Challengers Bengaluru,field,Rajasthan Royals,Rajasthan Royals,144,115
800,1304086,2022,2022-04-27,Sunrisers Hyderabad,Gujarat Titans,Gujarat Titans,field,Sunrisers Hyderabad,Gujarat Titans,195,199
801,1304087,2022,2022-04-28,Kolkata Knight Riders,Delhi Capitals,Delhi Capitals,field,Kolkata Knight Riders,Delhi Capitals,146,150
802,1304088,2022,2022-04-29,Lucknow Super Giants,Punjab Kings,Punjab Kings,field,Lucknow Super Giants,Lucknow Super Giants,153,133
803,1304089,2022,2022-04-30,Royal Challengers Bengaluru,Gujarat Titans,Royal Challengers Bengaluru,bat,Royal Challengers Bengaluru,Gujarat Titans,170,174
804,1304090,2022,2022-04-30,Rajasthan Royals,Mumbai Indians,Mumbai Indians,field,Rajasthan Royals,Mumbai Indians,158,161
805,1304091,2022,2022-05-01,Lucknow Super Giants,Delhi Capitals,Lucknow Super Giants,bat,Lucknow Super Giants,Lucknow Super Giants,195,189
806,1304092,2022,2022-05-01,Chennai Super Kings,Sunrisers Hyderabad,Sunrisers Hyderabad,field,Chennai Super Kings,Chennai Super Kings,202,189
807,1304093,2022,2022-05-02,Rajasthan Royals,Kolkata Knight Riders,Kolkata Knight Riders,field,Rajasthan Royals,Kolkata Knight Riders,152,158
808,1304094,2022,2022-05-03,Gujarat Titans,Punjab Kings,Gujarat Titans,bat,Gujarat Titans,Punjab Kings,143,145
809,1304095,2022,2022-05-04,Royal Challengers Bengaluru,Chennai Super Kings,Chennai Super Kings,field,Royal Challengers Bengaluru,Royal Challengers Bengaluru,173,160
810,1304096,2022,2022-05-05,Delhi Capitals,Sunrisers Hyderabad,Sunrisers Hyderabad,field,Delhi Capitals,Delhi Capitals,207,186
811,1304097,2022,2022-05-06,Mumbai Indians,Gujarat Titans,Gujarat Titans,field,Mumbai Indians,Mumbai Indians,177,172
812,1304098,2022,2022-05-07,Punjab Kings,Rajasthan Royals,Punjab Kings,bat,Punjab Kings,Rajasthan Royals,189,190
813,1304099,2022,2022-05-07,Lucknow Super Giants,Kolkata Knight Riders,Kolkata Knight Riders,field,Lucknow Super Giants,Lucknow Super Giants,176,101
814,1304100,2022,2022-05-08,Royal Challengers Bengaluru,Sunrisers Hyderabad,Royal Challengers Bengaluru,bat,Royal Challengers Bengaluru,Royal Challengers Bengaluru,192,125
815,1304101,2022,2022-05-08,Chennai Super Kings,Delhi Capitals,Delhi Capitals,field,Chennai Super Kings,Chennai Super Kings,208,117
816,1304102,2022,2022-05-09,Kolkata Knight Riders,Mumbai Indians,Mumbai Indians,field,Kolkata Knight Riders,Kolkata Knight Riders,165,113
817,1304103,2022,2022-05-10,Gujarat Titans,Lucknow Super Giants,Gujarat Titans,bat,Gujarat Titans,Gujarat Titans,144,82
818,1304104,2022,2022-05-11,Rajasthan Royals,Delhi Capitals,Delhi Capitals,field,Rajasthan Royals,Delhi Capitals,160,161
819,1304105,2022,2022-05-12,Chennai Super Kings,Mumbai Indians,Mumbai Indians,field,Chennai Super Kings,Mumbai Indians,97,103
820,1304106,2022,2022-05-13,Punjab Kings,Royal Challengers Bengaluru,Royal Challengers Bengaluru,field,Punjab Kings,Punjab Kings,209,155
821,1304107,2022,2022-05-14,Kolkata Knight Riders,Sunrisers Hyderabad,Kolkata Knight Riders,bat,Kolkata Knight Riders,Kolkata Knight Riders,177,123
822,1304108,2022,2022-05-15,Chennai Super Kings,Gujarat Titans,Chennai Super Kings,bat,Chennai Super Kings,Gujarat Titans,133,137
823,1304109,2022,2022-05-15,Rajasthan Royals,Lucknow Super Giants,Rajasthan Royals,bat,Rajasthan Royals,Rajasthan Royals,178,154
824,1304110,2022,2022-05-16,Delhi Capitals,Punjab Kings,Punjab Kings,field,Delhi Capitals,Delhi Capitals,159,142
825,1304111,2022,2022-05-17,Sunrisers Hyderabad,Mumbai Indians,Mumbai Indians,field,Sunrisers Hyderabad,Sunrisers Hyderabad,193,190
826,1304112,2022,2022-05-18,Lucknow Super Giants,Kolkata Knight Riders,Lucknow Super Giants,bat,Lucknow Super Giants,Lucknow Super Giants,210,208
827,1304113,2022,2022-05-19,Gujarat Titans,Royal Challengers Bengaluru,Gujarat Titans,bat,Gujarat Titans,Royal Challengers Bengaluru,168,170
828,1304114,2022,2022-05-20,Chennai Super Kings,Rajasthan Royals,Chennai Super Kings,bat,Chennai Super Kings,Rajasthan Royals,150,151
829,1304115,2022,2022-05-21,Delhi Capitals,Mumbai Indians,Mumbai Indians,field,Delhi Capitals,Mumbai Indians,159,160
830,1304116,2022,2022-05-22,Sunrisers Hyderabad,Punjab Kings,Sunrisers Hyderabad,bat,Sunrisers Hyderabad,Punjab Kings,157,160
831,1312197,2022,2022-05-24,Rajasthan Royals,Gujarat Titans,Gujarat Titans,field,Rajasthan Royals,Gujarat Titans,188,191
832,1312198,2022,2022-05-25,Royal Challengers Bengaluru,Lucknow Super Giants,Lucknow Super Giants,field,Royal Challengers Bengaluru,Royal Challengers Bengaluru,207,193
833,1312199,2022,2022-05-27,Royal Challengers Bengaluru,Rajasthan Royals,Rajasthan Royals,field,Royal Challengers Bengaluru,Rajasthan Royals,157,161
834,1312200,2022,2022-05-29,Rajasthan Royals,Gujarat Titans,Rajasthan Royals,bat,Rajasthan Royals,Gujarat Titans,130,133
835,1359475,2023,2023-03-31,Chennai Super Kings,Gujarat Titans,Gujarat Titans,field,Chennai Super Kings,Gujarat Titans,178,182
836,1359476,2023,2023-04-01,Punjab Kings,Kolkata Knight Riders,Kolkata Knight Riders,field,Punjab Kings,Punjab Kings,191,146
837,1359477,2023,2023-04-01,Lucknow Super Giants,Delhi Capitals,Delhi Capitals,field,Lucknow Super Giants,Lucknow Super Giants,193,143
838,1359478,2023,2023-04-02,Rajasthan Royals,Sunrisers Hyderabad,Sunrisers Hyderabad,field,Rajasthan Royals,Rajasthan Royals,203,131
839,1359479,2023,2023-04-02,Mumbai Indians,Royal Challengers Bengaluru,Royal Challengers Bengaluru,field,Mumbai Indians,Royal Challengers Bengaluru,171,172
840,1359480,2023,2023-04-03,Chennai Super Kings,Lucknow Super Giants,Lucknow Super Giants,field,Chennai Super Kings,Chennai Super Kings,217,205
841,1359481,2023,2023-04-04,Delhi Capitals,Gujarat Titans,Gujarat Titans,field,Delhi Capitals,Gujarat Titans,162,163
842,1359482,2023,2023-04-05,Punjab Kings,Rajasthan Royals,Rajasthan Royals,field,Punjab Kings,Punjab Kings,197,192
843,1359483,2023,2023-04-06,Kolkata Knight Riders,Royal Challengers Bengaluru,Royal Challengers Bengaluru,field,Kolkata Knight Riders,Kolkata Knight Riders,204,123
844,1359484,2023,2023-04-07,Sunrisers Hyderabad,Lucknow Super Giants,Sunrisers Hyderabad,bat,Sunrisers Hyderabad,Lucknow Super Giants,121,127
845,1359485,2023,2023-04-08,Rajasthan Royals,Delhi Capitals,Delhi Capitals,field,Rajasthan Royals,Rajasthan Royals,199,142
846,1359486,2023,2023-04-08,Mumbai Indians,Chennai Super Kings,Chennai Super Kings,field,Mumbai Indians,Chennai Super Kings,157,159
847,1359487,2023,2023-04-09,Gujarat Titans,Kolkata Knight Riders,Gujarat Titans,bat,Gujarat Titans,Kolkata Knight Riders,204,207
848,1359488,2023,2023-04-09,Punjab Kings,Sunrisers Hyderabad,Sunrisers Hyderabad,field,Punjab Kings,Sunrisers Hyderabad,143,145
849,1359489,2023,2023-04-10,Royal Challengers Bengaluru,Lucknow Super Giants,Lucknow Super Giants,field,Royal Challengers Bengaluru,Lucknow Super Giants,212,213
850,1359490,2023,2023-04-11,Delhi Capitals,Mumbai Indians,Mumbai Indians,field,Delhi Capitals,Mumbai Indians,172,173
851,1359491,2023,2023-04-12,Rajasthan Royals,Chennai Super Kings,Chennai Super Kings,field,Rajasthan Royals,Rajasthan Royals,175,172
852,1359492,2023,2023-04-13,Punjab Kings,Gujarat Titans,Gujarat Titans,field,Punjab Kings,Gujarat Titans,153,154
853,1359493,2023,2023-04-14,Sunrisers Hyderabad,Kolkata Knight Riders,Kolkata Knight Riders,field,Sunrisers Hyderabad,Sunrisers Hyderabad,228,205
854,1359494,2023,2023-04-15,Royal Challengers Bengaluru,Delhi Capitals,Delhi Capitals,field,Royal Challengers Bengaluru,Royal Challengers Bengaluru,174,151
855,1359495,2023,2023-04-15,Lucknow Super Giants,Punjab Kings,Punjab Kings,field,Lucknow Super Giants,Punjab Kings,159,161
856,1359496,2023,2023-04-16,Kolkata Knight Riders,Mumbai Indians,Mumbai Indians,field,Kolkata Knight Riders,Mumbai Indians,185,186
857,1359497,2023,2023-04-16,Gujarat Titans,Rajasthan Royals,Rajasthan Royals,field,Gujarat Titans,Rajasthan Royals,177,179
858,1359498,2023,2023-04-17,Chennai Super Kings,Royal Challengers Bengaluru,Royal Challengers Bengaluru,field,Chennai Super Kings,Chennai Super Kings,226,218
859,1359499,2023,2023-04-18,Mumbai Indians,Sunrisers Hyderabad,Sunrisers Hyderabad,field,Mumbai Indians,Mumbai Indians,192,178
860,1359500,2023,2023-04-19,Lucknow Super Giants,Rajasthan Royals,Rajasthan Royals,field,Lucknow Super Giants,Lucknow Super Giants,154,144
861,1359501,2023,2023-04-20,Royal Challengers Bengaluru,Punjab Kings,Punjab Kings,field,Royal Challengers Bengaluru,Royal Challengers Bengaluru,174,150
862,1359502,2023,2023-04-20,Kolkata Knight Riders,Delhi Capitals,Delhi Capitals,field,Kolkata Knight Riders,Delhi Capitals,127,128
863,1359503,2023,2023-04-21,Sunrisers Hyderabad,Chennai Super Kings,Chennai Super Kings,field,Sunrisers Hyderabad,Chennai Super Kings,134,138
864,1359504,2023,2023-04-22,Gujarat Titans,Lucknow Super Giants,Gujarat Titans,bat,Gujarat Titans,Gujarat Titans,135,128
865,1359505,2023,2023-04-22,Punjab Kings,Mumbai Indians,Mumbai Indians,field,Punjab Kings,Punjab Kings,214,201
866,1359506,2023,2023-04-23,Royal Challengers Bengaluru,Rajasthan Royals,Rajasthan Royals,field,Royal Challengers Bengaluru,Royal Challengers Bengaluru,189,182
867,1359507,2023,2023-04-23,Chennai Super Kings,Kolkata Knight Riders,Kolkata Knight Riders,field,Chennai Super Kings,Chennai Super Kings,235,186
868,1359508,2023,2023-04-24,Delhi Capitals,Sunrisers Hyderabad,Delhi Capitals,bat,Delhi Capitals,Delhi Capitals,144,137
869,1359509,2023,2023-04-25,Gujarat Titans,Mumbai Indians,Mumbai Indians,field,Gujarat Titans,Gujarat Titans,207,152
870,1359510,2023,2023-04-26,Kolkata Knight Riders,Royal Challengers Bengaluru,Royal Challengers Bengaluru,field,Kolkata Knight Riders,Kolkata Knight Riders,200,179
871,1359511,2023,2023-04-27,Rajasthan Royals,Chennai Super Kings,Rajasthan Royals,bat,Rajasthan Royals,Rajasthan Royals,202,170
872,1359512,2023,2023-04-28,Lucknow Super Giants,Punjab Kings,Punjab Kings,field,Lucknow Super Giants,Lucknow Super Giants,257,201
873,1359513,2023,2023-04-29,Kolkata Knight Riders,Gujarat Titans,Gujarat Titans,field,Kolkata Knight Riders,Gujarat Titans,179,180
874,1359514,2023,2023-04-29,Sunrisers Hyderabad,Delhi Capitals,Sunrisers Hyderabad,bat,Sunrisers Hyderabad,Sunrisers Hyderabad,197,188
875,1359515,2023,2023-04-30,Chennai Super Kings,Punjab Kings,Chennai Super Kings,bat,Chennai Super Kings,Punjab Kings,200,201
876,1359516,2023,2023-04-30,Rajasthan Royals,Mumbai Indians,Rajasthan Royals,bat,Rajasthan Royals,Mumbai Indians,212,214
877,1359517,2023,2023-05-01,Royal Challengers Bengaluru,Lucknow Super Giants,Royal Challengers Bengaluru,bat,Royal Challengers Bengaluru,Royal Challengers Bengaluru,126,108
878,1359518,2023,2023-05-02,Delhi Capitals,Gujarat Titans,Delhi Capitals,bat,Delhi Capitals,Delhi Capitals,130,125
879,1359519,2023,2023-05-03,Lucknow Super Giants,Chennai Super Kings,Chennai Super Kings,field,Lucknow Super Giants,Unknown,125,0
880,1359520,2023,2023-05-03,Punjab Kings,Mumbai Indians,Mumbai Indians,field,Punjab Kings,Mumbai Indians,214,216
881,1359521,2023,2023-05-04,Kolkata Knight Riders,Sunrisers Hyderabad,Kolkata Knight Riders,bat,Kolkata Knight Riders,Kolkata Knight Riders,171,166
882,1359522,2023,2023-05-05,Rajasthan Royals,Gujarat Titans,Rajasthan Royals,bat,Rajasthan Royals,Gujarat Titans,118,119
883,1359523,2023,2023-05-06,Mumbai Indians,Chennai Super Kings,Chennai Super Kings,field,Mumbai Indians,Chennai Super Kings,139,140
884,1359524,2023,2023-05-06,Royal Challengers Bengaluru,Delhi Capitals,Royal Challengers Bengaluru,bat,Royal Challengers Bengaluru,Delhi Capitals,181,187
885,1359525,2023,2023-05-07,Gujarat Titans,Lucknow Super Giants,Lucknow Super Giants,field,Gujarat Titans,Gujarat Titans,227,171
886,1359526,2023,2023-05-07,Rajasthan Royals,Sunrisers Hyderabad,Rajasthan Royals,bat,Rajasthan Royals,Sunrisers Hyderabad,214,217
887,1359527,2023,2023-05-08,Punjab Kings,Kolkata Knight Riders,Punjab Kings,bat,Punjab Kings,Kolkata Knight Riders,179,182
888,1359528,2023,2023-05-09,Royal Challengers Bengaluru,Mumbai Indians,Mumbai Indians,field,Royal Challengers Bengaluru,Mumbai Indians,199,200
889,1359529,2023,2023-05-10,Chennai Super Kings,Delhi Capitals,Chennai Super Kings,bat,Chennai Super Kings,Chennai Super Kings,167,140
890,1359530,2023,2023-05-11,Kolkata Knight Riders,Rajasthan Royals,Rajasthan Royals,field,Kolkata Knight Riders,Rajasthan Royals,149,151
891,1359531,2023,2023-05-12,Mumbai Indians,Gujarat Titans,Gujarat Titans,field,Mumbai Indians,Mumbai Indians,218,191
892,1359532,2023,2023-05-13,Sunrisers Hyderabad,Lucknow Super Giants,Sunrisers Hyderabad,bat,Sunrisers Hyderabad,Lucknow Super Giants,182,185
893,1359533,2023,2023-05-13,Punjab Kings,Delhi Capitals,Delhi Capitals,field,Punjab Kings,Punjab Kings,167,136
894,1359534,2023,2023-05-14,Royal Challengers Bengaluru,Rajasthan Royals,Royal Challengers Bengaluru,bat,Royal Challengers Bengaluru,Royal Challengers Bengaluru,171,59
895,1359535,2023,2023-05-14,Chennai Super Kings,Kolkata Knight Riders,Chennai Super Kings,bat,Chennai Super Kings,Kolkata Knight Riders,144,147
896,1359536,2023,2023-05-15,Gujarat Titans,Sunrisers Hyderabad,Sunrisers Hyderabad,field,Gujarat Titans,Gujarat Titans,188,154
897,1359537,2023,2023-05-16,Lucknow Super Giants,Mumbai Indians,Mumbai Indians,field,Lucknow Super Giants,Lucknow Super Giants,177,172
898,1359538,2023,2023-05-17,Delhi Capitals,Punjab Kings,Punjab Kings,field,Delhi Capitals,Delhi Capitals,213,198
899,1359539,2023,2023-05-18,Sunrisers Hyderabad,Royal Challengers Bengaluru,Royal Challengers Bengaluru,field,Sunrisers Hyderabad,Royal Challengers Bengaluru,186,187
900,1359540,2023,2023-05-19,Punjab Kings,Rajasthan Royals,Rajasthan Royals,field,Punjab Kings,Rajasthan Royals,187,189
901,1359541,2023,2023-05-20,Chennai Super Kings,Delhi Capitals,Chennai Super Kings,bat,Chennai Super Kings,Chennai Super Kings,223,146
902,1359542,2023,2023-05-20,Lucknow Super Giants,Kolkata Knight Riders,Kolkata Knight Riders,field,Lucknow Super Giants,Lucknow Super Giants,176,175
903,1359543,2023,2023-05-21,Sunrisers Hyderabad,Mumbai Indians,Mumbai Indians,field,Sunrisers Hyderabad,Mumbai Indians,200,201
904,1359544,2023,2023-05-21,Royal Challengers Bengaluru,Gujarat Titans,Gujarat Titans,field,Royal Challengers Bengaluru,Gujarat Titans,197,198
905,1370350,2023,2023-05-23,Chennai Super Kings,Gujarat Titans,Gujarat Titans,field,Chennai Super Kings,Chennai Super Kings,172,157
906,1370351,2023,2023-05-24,Mumbai Indians,Lucknow Super Giants,Mumbai Indians,bat,Mumbai Indians,Mumbai Indians,182,101
907,1370352,2023,2023-05-26,Gujarat Titans,Mumbai Indians,Mumbai Indians,field,Gujarat Titans,Gujarat Titans,233,171
908,1370353,2023,2023-05-29,Gujarat Titans,Chennai Super Kings,Chennai Super Kings,field,Gujarat Titans,Chennai Super Kings,214,171
909,1422119,2024,2024-03-22,Royal Challengers Bengaluru,Chennai Super Kings,Royal Challengers Bengaluru,bat,Royal Challengers Bengaluru,Chennai Super Kings,173,176
910,1422120,2024,2024-03-23,Delhi Capitals,Punjab Kings,Punjab Kings,field,Delhi Capitals,Punjab Kings,174,177
911,1422121,2024,2024-03-23,Kolkata Knight Riders,Sunrisers Hyderabad,Sunrisers Hyderabad,field,Kolkata Knight Riders,Kolkata Knight Riders,208,204
912,1422122,2024,2024-03-24,Rajasthan Royals,Lucknow Super Giants,Rajasthan Royals,bat,Rajasthan Royals,Rajasthan Royals,193,173
913,1422123,2024,2024-03-24,Gujarat Titans,Mumbai Indians,Mumbai Indians,field,Gujarat Titans,Gujarat Titans,168,162
914,1422124,2024,2024-03-25,Punjab Kings,Royal Challengers Bengaluru,Royal Challengers Bengaluru,field,Punjab Kings,Royal Challengers Bengaluru,176,178
915,1422125,2024,2024-03-26,Chennai Super Kings,Gujarat Titans,Gujarat Titans,field,Chennai Super Kings,Chennai Super Kings,206,143
916,1422126,2024,2024-03-27,Sunrisers Hyderabad,Mumbai Indians,Mumbai Indians,field,Sunrisers Hyderabad,Sunrisers Hyderabad,277,246
917,1422127,2024,2024-03-28,Rajasthan Royals,Delhi Capitals,Delhi Capitals,field,Rajasthan Royals,Rajasthan Royals,185,173
918,1422128,2024,2024-03-29,Royal Challengers Bengaluru,Kolkata Knight Riders,Kolkata Knight Riders,field,Royal Challengers Bengaluru,Kolkata Knight Riders,182,186
919,1422129,2024,2024-03-30,Lucknow Super Giants,Punjab Kings,Lucknow Super Giants,bat,Lucknow Super Giants,Lucknow Super Giants,199,178
920,1422130,2024,2024-03-31,Sunrisers Hyderabad,Gujarat Titans,Sunrisers Hyderabad,bat,Sunrisers Hyderabad,Gujarat Titans,162,168
921,1422131,2024,2024-03-31,Delhi Capitals,Chennai Super Kings,Delhi Capitals,bat,Delhi Capitals,Delhi Capitals,191,171
922,1422132,2024,2024-04-01,Mumbai Indians,Rajasthan Royals,Rajasthan Royals,field,Mumbai Indians,Rajasthan Royals,125,127
923,1422133,2024,2024-04-02,Lucknow Super Giants,Royal Challengers Bengaluru,Royal Challengers Bengaluru,field,Lucknow Super Giants,Lucknow Super Giants,181,153
924,1422134,2024,2024-04-03,Kolkata Knight Riders,Delhi Capitals,Kolkata Knight Riders,bat,Kolkata Knight Riders,Kolkata Knight Riders,272,166
925,1422135,2024,2024-04-04,Gujarat Titans,Punjab Kings,Punjab Kings,field,Gujarat Titans,Punjab Kings,199,200
926,1422136,2024,2024-04-05,Chennai Super Kings,Sunrisers Hyderabad,Sunrisers Hyderabad,field,Chennai Super Kings,Sunrisers Hyderabad,165,166
927,1422137,2024,2024-04-06,Royal Challengers Bengaluru,Rajasthan Royals,Rajasthan Royals,field,Royal Challengers Bengaluru,Rajasthan Royals,183,189
928,1422138,2024,2024-04-07,Mumbai Indians,Delhi Capitals,Delhi Capitals,field,Mumbai Indians,Mumbai Indians,234,205
929,1422139,2024,2024-04-07,Lucknow Super Giants,Gujarat Titans,Lucknow Super Giants,bat,Lucknow Super Giants,Lucknow Super Giants,163,130
930,1426260,2024,2024-04-08,Kolkata Knight Riders,Chennai Super Kings,Chennai Super Kings,field,Kolkata Knight Riders,Chennai Super Kings,137,141
931,1426261,2024,2024-04-09,Sunrisers Hyderabad,Punjab Kings,Punjab Kings,field,Sunrisers Hyderabad,Sunrisers Hyderabad,182,180
932,1426262,2024,2024-04-10,Rajasthan Royals,Gujarat Titans,Gujarat Titans,field,Rajasthan Royals,Gujarat Titans,196,199
933,1426263,2024,2024-04-11,Royal Challengers Bengaluru,Mumbai Indians,Mumbai Indians,field,Royal Challengers Bengaluru,Mumbai Indians,196,199
934,1426264,2024,2024-04-12,Lucknow Super Giants,Delhi Capitals,Lucknow Super Giants,bat,Lucknow Super Giants,Delhi Capitals,167,170
935,1426265,2024,2024-04-13,Punjab Kings,Rajasthan Royals,Rajasthan Royals,field,Punjab Kings,Rajasthan Royals,147,152
936,1426266,2024,2024-04-14,Lucknow Super Giants,Kolkata Knight Riders,Kolkata Knight Riders,field,Lucknow Super Giants,Kolkata Knight Riders,161,162
937,1426267,2024,2024-04-14,Chennai Super Kings,Mumbai Indians,Mumbai Indians,field,Chennai Super Kings,Chennai Super Kings,206,186
938,1426268,2024,2024-04-15,Sunrisers Hyderabad,Royal Challengers Bengaluru,Royal Challengers Bengaluru,field,Sunrisers Hyderabad,Sunrisers Hyderabad,287,262
939,1426269,2024,2024-04-16,Kolkata Knight Riders,Rajasthan Royals,Rajasthan Royals,field,Kolkata Knight Riders,Rajasthan Royals,223,224
940,1426270,2024,2024-04-17,Gujarat Titans,Delhi Capitals,Delhi Capitals,field,Gujarat Titans,Delhi Capitals,89,92
941,1426271,2024,2024-04-18,Mumbai Indians,Punjab Kings,Punjab Kings,field,Mumbai Indians,Mumbai Indians,192,183
942,1426272,2024,2024-04-19,Chennai Super Kings,Lucknow Super Giants,Lucknow Super Giants,field,Chennai Super Kings,Lucknow Super Giants,176,180
943,1426273,2024,2024-04-20,Sunrisers Hyderabad,Delhi Capitals,Delhi Capitals,field,Sunrisers Hyderabad,Sunrisers Hyderabad,266,199
944,1426274,2024,2024-04-21,Kolkata Knight Riders,Royal Challengers Bengaluru,Royal Challengers Bengaluru,field,Kolkata Knight Riders,Kolkata Knight Riders,222,221
945,1426275,2024,2024-04-21,Punjab Kings,Gujarat Titans,Punjab Kings,bat,Punjab Kings,Gujarat Titans,142,146
946,1426276,2024,2024-04-22,Mumbai Indians,Rajasthan Royals,Mumbai Indians,bat,Mumbai Indians,Rajasthan Royals,179,183
947,1426277,2024,2024-04-23,Chennai Super Kings,Lucknow Super Giants,Lucknow Super Giants,field,Chennai Super Kings,Lucknow Super Giants,210,213
948,1426278,2024,2024-04-24,Delhi Capitals,Gujarat Titans,Gujarat Titans,field,Delhi Capitals,Delhi Capitals,224,220
949,1426279,2024,2024-04-25,Royal Challengers Bengaluru,Sunrisers Hyderabad,Royal Challengers Bengaluru,bat,Royal Challengers Bengaluru,Royal Challengers Bengaluru,206,171
950,1426280,2024,2024-04-26,Kolkata Knight Riders,Punjab Kings,Punjab Kings,field,Kolkata Knight Riders,Punjab Kings,261,262
951,1426281,2024,2024-04-27,Delhi Capitals,Mumbai Indians,Mumbai Indians,field,Delhi Capitals,Delhi Capitals,257,247
952,1426282,2024,2024-04-27,Lucknow Super Giants,Rajasthan Royals,Rajasthan Royals,field,Lucknow Super Giants,Rajasthan Royals,196,199
953,1426283,2024,2024-04-28,Gujarat Titans,Royal Challengers Bengaluru,Royal Challengers Bengaluru,field,Gujarat Titans,Royal Challengers Bengaluru,200,206
954,1426284,2024,2024-04-28,Chennai Super Kings,Sunrisers Hyderabad,Sunrisers Hyderabad,field,Chennai Super Kings,Chennai Super Kings,212,134
955,1426285,2024,2024-04-29,Delhi Capitals,Kolkata Knight Riders,Delhi Capitals,bat,Delhi Capitals,Kolkata Knight Riders,153,157
956,1426286,2024,2024-04-30,Mumbai Indians,Lucknow Super Giants,Lucknow Super Giants,field,Mumbai Indians,Lucknow Super Giants,144,145
957,1426287,2024,2024-05-01,Chennai Super Kings,Punjab Kings,Punjab Kings,field,Chennai Super Kings,Punjab Kings,162,163
958,1426288,2024,2024-05-02,Sunrisers Hyderabad,Rajasthan Royals,Sunrisers Hyderabad,bat,Sunrisers Hyderabad,Sunrisers Hyderabad,201,200
959,1426289,2024,2024-05-03,Kolkata Knight Riders,Mumbai Indians,Mumbai Indians,field,Kolkata Knight Riders,Kolkata Knight Riders,169,145
960,1426290,2024,2024-05-04,Gujarat Titans,Royal Challengers Bengaluru,Royal Challengers Bengaluru,field,Gujarat Titans,Royal Challengers Bengaluru,147,152
961,1426291,2024,2024-05-05,Chennai Super Kings,Punjab Kings,Punjab Kings,field,Chennai Super Kings,Chennai Super Kings,167,139
962,1426292,2024,2024-05-05,Kolkata Knight Riders,Lucknow Super Giants,Lucknow Super Giants,field,Kolkata Knight Riders,Kolkata Knight Riders,235,137
963,1426293,2024,2024-05-06,Sunrisers Hyderabad,Mumbai Indians,Mumbai Indians,field,Sunrisers Hyderabad,Mumbai Indians,173,174
964,1426294,2024,2024-05-07,Delhi Capitals,Rajasthan Royals,Rajasthan Royals,field,Delhi Capitals,Delhi Capitals,221,201
965,1426295,2024,2024-05-08,Lucknow Super Giants,Sunrisers Hyderabad,Lucknow Super Giants,bat,Lucknow Super Giants,Sunrisers Hyderabad,165,167
966,1426296,2024,2024-05-09,Royal Challengers Bengaluru,Punjab Kings,Punjab Kings,field,Royal Challengers Bengaluru,Royal Challengers Bengaluru,241,181
967,1426297,2024,2024-05-10,Gujarat Titans,Chennai Super Kings,Chennai Super Kings,field,Gujarat Titans,Gujarat Titans,231,196
968,1426298,2024,2024-05-11,Kolkata Knight Riders,Mumbai Indians,Mumbai Indians,field,Kolkata Knight Riders,Kolkata Knight Riders,157,139
969,1426299,2024,2024-05-12,Rajasthan Royals,Chennai Super Kings,Rajasthan Royals,bat,Rajasthan Royals,Chennai Super Kings,141,145
970,1426300,2024,2024-05-12,Royal Challengers Bengaluru,Delhi Capitals,Delhi Capitals,field,Royal Challengers Bengaluru,Royal Challengers Bengaluru,187,140
971,1426302,2024,2024-05-14,Delhi Capitals,Lucknow Super Giants,Lucknow Super Giants,field,Delhi Capitals,Delhi Capitals,208,189
972,1426303,2024,2024-05-15,Rajasthan Royals,Punjab Kings,Rajasthan Royals,bat,Rajasthan Royals,Punjab Kings,144,145
973,1426305,2024,2024-05-17,Lucknow Super Giants,Mumbai Indians,Mumbai Indians,field,Lucknow Super Giants,Lucknow Super Giants,214,196
974,1426306,2024,2024-05-18,Royal Challengers Bengaluru,Chennai Super Kings,Chennai Super Kings,field,Royal Challengers Bengaluru,Royal Challengers Bengaluru,218,191
975,1426307,2024,2024-05-19,Punjab Kings,Sunrisers Hyderabad,Punjab Kings,bat,Punjab Kings,Sunrisers Hyderabad,214,215
976,1426309,2024,2024-05-21,Sunrisers Hyderabad,Kolkata Knight Riders,Sunrisers Hyderabad,bat,Sunrisers Hyderabad,Kolkata Knight Riders,159,164
977,1426310,2024,2024-05-22,Royal Challengers Bengaluru,Rajasthan Royals,Rajasthan Royals,field,Royal Challengers Bengaluru,Rajasthan Royals,172,174
978,1426311,2024,2024-05-24,Sunrisers Hyderabad,Rajasthan Royals,Rajasthan Royals,field,Sunrisers Hyderabad,Sunrisers Hyderabad,175,139
979,1426312,2024,2024-05-26,Sunrisers Hyderabad,Kolkata Knight Riders,Sunrisers Hyderabad,bat,Sunrisers Hyderabad,Kolkata Knight Riders,113,114
980,1473438,2025,2025-03-22,Kolkata Knight Riders,Royal Challengers Bengaluru,Royal Challengers Bengaluru,field,Kolkata Knight Riders,Royal Challengers Bengaluru,174,177
981,1473439,2025,2025-03-23,Sunrisers Hyderabad,Rajasthan Royals,Rajasthan Royals,field,Sunrisers Hyderabad,Sunrisers Hyderabad,286,242
982,1473440,2025,2025-03-23,Mumbai Indians,Chennai Super Kings,Chennai Super Kings,field,Mumbai Indians,Chennai Super Kings,155,158
983,1473441,2025,2025-03-24,Lucknow Super Giants,Delhi Capitals,Delhi Capitals,field,Lucknow Super Giants,Delhi Capitals,209,211
984,1473442,2025,2025-03-25,Punjab Kings,Gujarat Titans,Gujarat Titans,field,Punjab Kings,Punjab Kings,243,232
985,1473443,2025,2025-03-26,Rajasthan Royals,Kolkata Knight Riders,Kolkata Knight Riders,field,Rajasthan Royals,Kolkata Knight Riders,151,153
986,1473444,2025,2025-03-27,Sunrisers Hyderabad,Lucknow Super Giants,Lucknow Super Giants,field,Sunrisers Hyderabad,Lucknow Super Giants,190,193
987,1473445,2025,2025-03-28,Royal Challengers Bengaluru,Chennai Super Kings,Chennai Super Kings,field,Royal Challengers Bengaluru,Royal Challengers Bengaluru,196,146
988,1473446,2025,2025-03-29,Gujarat Titans,Mumbai Indians,Mumbai Indians,field,Gujarat Titans,Gujarat Titans,196,160
989,1473447,2025,2025-03-30,Sunrisers Hyderabad,Delhi Capitals,Sunrisers Hyderabad,bat,Sunrisers Hyderabad,Delhi Capitals,163,166
990,1473448,2025,2025-03-30,Rajasthan Royals,Chennai Super Kings,Chennai Super Kings,field,Rajasthan Royals,Rajasthan Royals,182,176
991,1473449,2025,2025-03-31,Kolkata Knight Riders,Mumbai Indians,Mumbai Indians,field,Kolkata Knight Riders,Mumbai Indians,116,121
992,1473450,2025,2025-04-01,Lucknow Super Giants,Punjab Kings,Punjab Kings,field,Lucknow Super Giants,Punjab Kings,171,177
993,1473451,2025,2025-04-02,Royal Challengers Bengaluru,Gujarat Titans,Gujarat Titans,field,Royal Challengers Bengaluru,Gujarat Titans,169,170
994,1473452,2025,2025-04-03,Kolkata Knight Riders,Sunrisers Hyderabad,Sunrisers Hyderabad,field,Kolkata Knight Riders,Kolkata Knight Riders,200,120
995,1473453,2025,2025-04-04,Lucknow Super Giants,Mumbai Indians,Mumbai Indians,field,Lucknow Super Giants,Lucknow Super Giants,203,191
996,1473454,2025,2025-04-05,Delhi Capitals,Chennai Super Kings,Delhi Capitals,bat,Delhi Capitals,Delhi Capitals,183,158
997,1473455,2025,2025-04-05,Rajasthan Royals,Punjab Kings,Punjab Kings,field,Rajasthan Royals,Rajasthan Royals,205,155
998,1473456,2025,2025-04-08,Lucknow Super Giants,Kolkata Knight Riders,Kolkata Knight Riders,field,Lucknow Super Giants,Lucknow Super Giants,238,234
999,1473457,2025,2025-04-06,Sunrisers Hyderabad,Gujarat Titans,Gujarat Titans,field,Sunrisers Hyderabad,Gujarat Titans,152,153
1000,1473458,2025,2025-04-07,Royal Challengers Bengaluru,Mumbai Indians,Mumbai Indians,field,Royal Challengers Bengaluru,Royal Challengers Bengaluru,221,209
1001,1473459,2025,2025-04-08,Punjab Kings,Chennai Super Kings,Punjab Kings,bat,Punjab Kings,Punjab Kings,219,201
1002,1473460,2025,2025-04-09,Gujarat Titans,Rajasthan Royals,Rajasthan Royals,field,Gujarat Titans,Gujarat Titans,217,159
1003,1473461,2025,2025-04-10,Royal Challengers Bengaluru,Delhi Capitals,Delhi Capitals,field,Royal Challengers Bengaluru,Delhi Capitals,163,169
1004,1473462,2025,2025-04-11,Chennai Super Kings,Kolkata Knight Riders,Kolkata Knight Riders,field,Chennai Super Kings,Kolkata Knight Riders,103,107
1005,1473463,2025,2025-04-12,Gujarat Titans,Lucknow Super Giants,Lucknow Super Giants,field,Gujarat Titans,Lucknow Super Giants,180,186
1006,1473464,2025,2025-04-12,Punjab Kings,Sunrisers Hyderabad,Punjab Kings,bat,Punjab Kings,Sunrisers Hyderabad,245,247
1007,1473465,2025,2025-04-13,Rajasthan Royals,Royal Challengers Bengaluru,Royal Challengers Bengaluru,field,Rajasthan Royals,Royal Challengers Bengaluru,173,175
1008,1473466,2025,2025-04-13,Mumbai Indians,Delhi Capitals,Delhi Capitals,field,Mumbai Indians,Mumbai Indians,205,193
1009,1473467,2025,2025-04-14,Lucknow Super Giants,Chennai Super Kings,Chennai Super Kings,field,Lucknow Super Giants,Chennai Super Kings,166,168
1010,1473468,2025,2025-04-15,Punjab Kings,Kolkata Knight Riders,Punjab Kings,bat,Punjab Kings,Punjab Kings,111,95
1011,1473469,2025,2025-04-16,Delhi Capitals,Rajasthan Royals,Rajasthan Royals,field,Delhi Capitals,Unknown,188,188
1012,1473470,2025,2025-04-17,Sunrisers Hyderabad,Mumbai Indians,Mumbai Indians,field,Sunrisers Hyderabad,Mumbai Indians,162,166
1013,1473471,2025,2025-04-18,Royal Challengers Bengaluru,Punjab Kings,Punjab Kings,field,Royal Challengers Bengaluru,Punjab Kings,95,98
1014,1473472,2025,2025-04-19,Delhi Capitals,Gujarat Titans,Gujarat Titans,field,Delhi Capitals,Gujarat Titans,203,204
1015,1473473,2025,2025-04-19,Lucknow Super Giants,Rajasthan Royals,Lucknow Super Giants,bat,Lucknow Super Giants,Lucknow Super Giants,180,178
1016,1473474,2025,2025-04-20,Punjab Kings,Royal Challengers Bengaluru,Royal Challengers Bengaluru,field,Punjab Kings,Royal Challengers Bengaluru,157,159
1017,1473475,2025,2025-04-20,Chennai Super Kings,Mumbai Indians,Mumbai Indians,field,Chennai Super Kings,Mumbai Indians,176,177
1018,1473476,2025,2025-04-21,Gujarat Titans,Kolkata Knight Riders,Kolkata Knight Riders,field,Gujarat Titans,Gujarat Titans,198,159
1019,1473477,2025,2025-04-22,Lucknow Super Giants,Delhi Capitals,Delhi Capitals,field,Lucknow Super Giants,Delhi Capitals,159,161
1020,1473478,2025,2025-04-23,Sunrisers Hyderabad,Mumbai Indians,Mumbai Indians,field,Sunrisers Hyderabad,Mumbai Indians,143,146
1021,1473479,2025,2025-04-24,Royal Challengers Bengaluru,Rajasthan Royals,Rajasthan Royals,field,Royal Challengers Bengaluru,Royal Challengers Bengaluru,205,194
1022,1473480,2025,2025-04-25,Chennai Super Kings,Sunrisers Hyderabad,Sunrisers Hyderabad,field,Chennai Super Kings,Sunrisers Hyderabad,154,155
1023,1473481,2025,2025-04-26,Punjab Kings,Kolkata Knight Riders,Punjab Kings,bat,Punjab Kings,Unknown,201,7
1024,1473482,2025,2025-04-27,Mumbai Indians,Lucknow Super Giants,Lucknow Super Giants,field,Mumbai Indians,Mumbai Indians,215,161
1025,1473483,2025,2025-04-27,Delhi Capitals,Royal Challengers Bengaluru,Royal Challengers Bengaluru,field,Delhi Capitals,Royal Challengers Bengaluru,162,165
1026,1473484,2025,2025-04-28,Gujarat Titans,Rajasthan Royals,Rajasthan Royals,field,Gujarat Titans,Rajasthan Royals,209,212
1027,1473485,2025,2025-04-29,Kolkata Knight Riders,Delhi Capitals,Delhi Capitals,field,Kolkata Knight Riders,Kolkata Knight Riders,204,190
1028,1473486,2025,2025-04-30,Chennai Super Kings,Punjab Kings,Punjab Kings,field,Chennai Super Kings,Punjab Kings,190,194
1029,1473487,2025,2025-05-01,Mumbai Indians,Rajasthan Royals,Rajasthan Royals,field,Mumbai Indians,Mumbai Indians,217,117
1030,1473488,2025,2025-05-02,Gujarat Titans,Sunrisers Hyderabad,Sunrisers Hyderabad,field,Gujarat Titans,Gujarat Titans,224,186
1031,1473489,2025,2025-05-03,Royal Challengers Bengaluru,Chennai Super Kings,Chennai Super Kings,field,Royal Challengers Bengaluru,Royal Challengers Bengaluru,213,211
1032,1473490,2025,2025-05-04,Kolkata Knight Riders,Rajasthan Royals,Kolkata Knight Riders,bat,Kolkata Knight Riders,Kolkata Knight Riders,206,205
1033,1473491,2025,2025-05-04,Punjab Kings,Lucknow Super Giants,Lucknow Super Giants,field,Punjab Kings,Punjab Kings,236,199
1034,1473492,2025,2025-05-05,Delhi Capitals,Sunrisers Hyderabad,Sunrisers Hyderabad,field,Delhi Capitals,Unknown,133,0
1035,1473493,2025,2025-05-06,Mumbai Indians,Gujarat Titans,Gujarat Titans,field,Mumbai Indians,Gujarat Titans,155,147
1036,1473494,2025,2025-05-07,Kolkata Knight Riders,Chennai Super Kings,Kolkata Knight Riders,bat,Kolkata Knight Riders,Chennai Super Kings,179,183
1037,1473495,2025,2025-05-08,Punjab Kings,Delhi Capitals,Punjab Kings,bat,Punjab Kings,Unknown,122,0
1038,1473497,2025,2025-05-18,Punjab Kings,Rajasthan Royals,Punjab Kings,bat,Punjab Kings,Punjab Kings,219,209
1039,1473498,2025,2025-05-18,Delhi Capitals,Gujarat Titans,Gujarat Titans,field,Delhi Capitals,Gujarat Titans,199,205
1040,1473499,2025,2025-05-19,Lucknow Super Giants,Sunrisers Hyderabad,Sunrisers Hyderabad,field,Lucknow Super Giants,Sunrisers Hyderabad,205,206
1041,1473500,2025,2025-05-20,Chennai Super Kings,Rajasthan Royals,Rajasthan Royals,field,Chennai Super Kings,Rajasthan Royals,187,188
1042,1473501,2025,2025-05-21,Mumbai Indians,Delhi Capitals,Delhi Capitals,field,Mumbai Indians,Mumbai Indians,180,121
1043,1473502,2025,2025-05-22,Lucknow Super Giants,Gujarat Titans,Gujarat Titans,field,Lucknow Super Giants,Lucknow Super Giants,235,202
1044,1473503,2025,2025-05-23,Sunrisers Hyderabad,Royal Challengers Bengaluru,Royal Challengers Bengaluru,field,Sunrisers Hyderabad,Sunrisers Hyderabad,231,189
1045,1473504,2025,2025-05-25,Chennai Super Kings,Gujarat Titans,Chennai Super Kings,bat,Chennai Super Kings,Chennai Super Kings,230,147
1046,1473505,2025,2025-05-25,Sunrisers Hyderabad,Kolkata Knight Riders,Sunrisers Hyderabad,bat,Sunrisers Hyderabad,Sunrisers Hyderabad,278,168
1047,1473506,2025,2025-05-26,Mumbai Indians,Punjab Kings,Punjab Kings,field,Mumbai Indians,Punjab Kings,184,187
1048,1473507,2025,2025-05-27,Lucknow Super Giants,Royal Challengers Bengaluru,Royal Challengers Bengaluru,field,Lucknow Super Giants,Royal Challengers Bengaluru,227,230
1049,1473508,2025,2025-05-29,Punjab Kings,Royal Challengers Bengaluru,Royal Challengers Bengaluru,field,Punjab Kings,Royal Challengers Bengaluru,101,106
1050,1473509,2025,2025-05-30,Mumbai Indians,Gujarat Titans,Mumbai Indians,bat,Mumbai Indians,Mumbai Indians,228,208
1051,1473510,2025,2025-06-01,Mumbai Indians,Punjab Kings,Punjab Kings,field,Mumbai Indians,Punjab Kings,203,207
1052,1473511,2025,2025-06-03,Royal Challengers Bengaluru,Punjab Kings,Punjab Kings,field,Royal Challengers Bengaluru,Royal Challengers Bengaluru,190,184
1053,1485779,2025,2025-05-24,Punjab Kings,Delhi Capitals,Delhi Capitals,field,Punjab Kings,Delhi Capitals,206,208
