match_id,season,match_date,team_1,team_2,toss_winner,toss_decision,batting_first,winner,first_innings_score,second_innings_score
335982,2007/08,2008-04-18,Kolkata Knight Riders,Royal Challengers Bangalore,Royal Challengers Bangalore,field,Kolkata Knight Riders,Kolkata Knight Riders,222,82
335983,2007/08,2008-04-19,Chennai Super Kings,Kings XI Punjab,Chennai Super Kings,bat,Chennai Super Kings,Chennai Super Kings,240,207
335984,2007/08,2008-04-19,Rajasthan Royals,Delhi Daredevils,Rajasthan Royals,bat,Rajasthan Royals,Delhi Daredevils,129,132
335985,2007/08,2008-04-20,Mumbai Indians,Royal Challengers Bangalore,Mumbai Indians,bat,Mumbai Indians,Royal Challengers Bangalore,165,166
335986,2007/08,2008-04-20,Deccan Chargers,Kolkata Knight Riders,Deccan Chargers,bat,Deccan Chargers,Kolkata Knight Riders,110,112
335987,2007/08,2008-04-21,Kings XI Punjab,Rajasthan Royals,Kings XI Punjab,bat,Kings XI Punjab,Rajasthan Royals,166,168
335988,2007/08,2008-04-22,Deccan Chargers,Delhi Daredevils,Deccan Chargers,bat,Deccan Chargers,Delhi Daredevils,142,143
335989,2007/08,2008-04-23,Chennai Super Kings,Mumbai Indians,Mumbai Indians,field,Chennai Super Kings,Chennai Super Kings,208,202
335990,2007/08,2008-04-24,Deccan Chargers,Rajasthan Royals,Rajasthan Royals,field,Deccan Chargers,Rajasthan Royals,214,217
335991,2007/08,2008-04-25,Kings XI Punjab,Mumbai Indians,Mumbai Indians,field,Kings XI Punjab,Kings XI Punjab,182,116
335992,2007/08,2008-04-26,Royal Challengers Bangalore,Rajasthan Royals,Rajasthan Royals,field,Royal Challengers Bangalore,Rajasthan Royals,135,138
335993,2007/08,2008-04-26,Kolkata Knight Riders,Chennai Super Kings,Kolkata Knight Riders,bat,Kolkata Knight Riders,Chennai Super Kings,147,152
335994,2007/08,2008-04-27,Mumbai Indians,Deccan Chargers,Deccan Chargers,field,Mumbai Indians,Deccan Chargers,154,155
335995,2007/08,2008-04-27,Delhi Daredevils,Kings XI Punjab,Delhi Daredevils,bat,Delhi Daredevils,Kings XI Punjab,158,162
335996,2007/08,2008-04-28,Chennai Super Kings,Royal Challengers Bangalore,Chennai Super Kings,bat,Chennai Super Kings,Chennai Super Kings,178,165
335997,2007/08,2008-04-29,Kolkata Knight Riders,Mumbai Indians,Kolkata Knight Riders,bat,Kolkata Knight Riders,Mumbai Indians,137,138
335998,2007/08,2008-04-30,Delhi Daredevils,Royal Challengers Bangalore,Royal Challengers Bangalore,field,Delhi Daredevils,Delhi Daredevils,191,181
335999,2007/08,2008-05-01,Deccan Chargers,Kings XI Punjab,Kings XI Punjab,field,Deccan Chargers,Kings XI Punjab,164,167
336000,2007/08,2008-05-01,Rajasthan Royals,Kolkata Knight Riders,Rajasthan Royals,bat,Rajasthan Royals,Rajasthan Royals,196,151
336001,2007/08,2008-05-02,Chennai Super Kings,Delhi Daredevils,Chennai Super Kings,bat,Chennai Super Kings,Delhi Daredevils,169,172
336002,2007/08,2008-05-25,Deccan Chargers,Royal Challengers Bangalore,Deccan Chargers,bat,Deccan Chargers,Royal Challengers Bangalore,165,171
336003,2007/08,2008-05-03,Kings XI Punjab,Kolkata Knight Riders,Kings XI Punjab,bat,Kings XI Punjab,Kings XI Punjab,178,169
336004,2007/08,2008-05-04,Mumbai Indians,Delhi Daredevils,Delhi Daredevils,field,Mumbai Indians,Mumbai Indians,162,133
336005,2007/08,2008-05-04,Chennai Super Kings,Rajasthan Royals,Chennai Super Kings,bat,Chennai Super Kings,Rajasthan Royals,109,110
336006,2007/08,2008-05-05,Royal Challengers Bangalore,Kings XI Punjab,Kings XI Punjab,field,Royal Challengers Bangalore,Kings XI Punjab,126,127
336007,2007/08,2008-05-06,Chennai Super Kings,Deccan Chargers,Deccan Chargers,field,Chennai Super Kings,Deccan Chargers,144,148
336008,2007/08,2008-05-07,Rajasthan Royals,Mumbai Indians,Mumbai Indians,field,Rajasthan Royals,Mumbai Indians,103,104
336009,2007/08,2008-05-08,Delhi Daredevils,Chennai Super Kings,Chennai Super Kings,field,Delhi Daredevils,Chennai Super Kings,187,188
336010,2007/08,2008-05-08,Kolkata Knight Riders,Royal Challengers Bangalore,Kolkata Knight Riders,bat,Kolkata Knight Riders,Kolkata Knight Riders,129,124
336011,2007/08,2008-05-09,Deccan Chargers,Rajasthan Royals,Rajasthan Royals,field,Deccan Chargers,Rajasthan Royals,140,141
336012,2007/08,2008-05-28,Royal Challengers Bangalore,Mumbai Indians,Mumbai Indians,field,Royal Challengers Bangalore,Mumbai Indians,122,126
336013,2007/08,2008-05-10,Chennai Super Kings,Kings XI Punjab,Kings XI Punjab,field,Chennai Super Kings,Chennai Super Kings,181,163
336014,2007/08,2008-05-11,Kolkata Knight Riders,Deccan Chargers,Kolkata Knight Riders,bat,Kolkata Knight Riders,Kolkata Knight Riders,204,181
336015,2007/08,2008-05-11,Delhi Daredevils,Rajasthan Royals,Rajasthan Royals,field,Delhi Daredevils,Rajasthan Royals,156,159
336016,2007/08,2008-05-12,Royal Challengers Bangalore,Kings XI Punjab,Royal Challengers Bangalore,bat,Royal Challengers Bangalore,Kings XI Punjab,143,144
336017,2007/08,2008-05-13,Kolkata Knight Riders,Delhi Daredevils,Kolkata Knight Riders,bat,Kolkata Knight Riders,Kolkata Knight Riders,133,110
336018,2007/08,2008-05-14,Chennai Super Kings,Mumbai Indians,Mumbai Indians,field,Chennai Super Kings,Mumbai Indians,156,158
336019,2007/08,2008-05-28,Kings XI Punjab,Rajasthan Royals,Rajasthan Royals,field,Kings XI Punjab,Kings XI Punjab,221,180
336020,2007/08,2008-05-15,Delhi Daredevils,Deccan Chargers,Deccan Chargers,field,Delhi Daredevils,Delhi Daredevils,194,182
336021,2007/08,2008-05-16,Kolkata Knight Riders,Mumbai Indians,Mumbai Indians,field,Kolkata Knight Riders,Mumbai Indians,67,68
336022,2007/08,2008-05-17,Delhi Daredevils,Kings XI Punjab,Delhi Daredevils,bat,Delhi Daredevils,Kings XI Punjab,118,94
336023,2007/08,2008-05-17,Rajasthan Royals,Royal Challengers Bangalore,Royal Challengers Bangalore,field,Rajasthan Royals,Rajasthan Royals,197,132
336024,2007/08,2008-05-18,Mumbai Indians,Deccan Chargers,Deccan Chargers,field,Mumbai Indians,Mumbai Indians,178,153
336025,2007/08,2008-05-18,Kolkata Knight Riders,Chennai Super Kings,Kolkata Knight Riders,bat,Kolkata Knight Riders,Chennai Super Kings,149,55
336026,2007/08,2008-05-19,Royal Challengers Bangalore,Delhi Daredevils,Delhi Daredevils,field,Royal Challengers Bangalore,Delhi Daredevils,154,158
336027,2007/08,2008-05-20,Kolkata Knight Riders,Rajasthan Royals,Rajasthan Royals,field,Kolkata Knight Riders,Rajasthan Royals,147,150
336028,2007/08,2008-05-21,Kings XI Punjab,Mumbai Indians,Mumbai Indians,field,Kings XI Punjab,Kings XI Punjab,189,188
336029,2007/08,2008-05-21,Royal Challengers Bangalore,Chennai Super Kings,Royal Challengers Bangalore,bat,Royal Challengers Bangalore,Royal Challengers Bangalore,126,112
336031,2007/08,2008-05-23,Deccan Chargers,Kings XI Punjab,Kings XI Punjab,field,Deccan Chargers,Kings XI Punjab,175,178
336032,2007/08,2008-05-24,Mumbai Indians,Delhi Daredevils,Delhi Daredevils,field,Mumbai Indians,Delhi Daredevils,176,179
336033,2007/08,2008-05-24,Rajasthan Royals,Chennai Super Kings,Rajasthan Royals,bat,Rajasthan Royals,Rajasthan Royals,211,201
336034,2007/08,2008-05-03,Royal Challengers Bangalore,Deccan Chargers,Deccan Chargers,field,Royal Challengers Bangalore,Royal Challengers Bangalore,156,153
336035,2007/08,2008-05-25,Kings XI Punjab,Kolkata Knight Riders,Kings XI Punjab,bat,Kings XI Punjab,Kolkata Knight Riders,174,175
336036,2007/08,2008-05-26,Mumbai Indians,Rajasthan Royals,Rajasthan Royals,field,Mumbai Indians,Rajasthan Royals,145,146
336037,2007/08,2008-05-27,Deccan Chargers,Chennai Super Kings,Deccan Chargers,bat,Deccan Chargers,Chennai Super Kings,147,148
336038,2007/08,2008-05-30,Rajasthan Royals,Delhi Daredevils,Delhi Daredevils,field,Rajasthan Royals,Rajasthan Royals,192,87
336039,2007/08,2008-05-31,Kings XI Punjab,Chennai Super Kings,Kings XI Punjab,bat,Kings XI Punjab,Chennai Super Kings,112,116
336040,2007/08,2008-06-01,Chennai Super Kings,Rajasthan Royals,Rajasthan Royals,field,Chennai Super Kings,Rajasthan Royals,163,164
392181,2009,2009-04-18,Mumbai Indians,Chennai Super Kings,Chennai Super Kings,field,Mumbai Indians,Mumbai Indians,165,146
392182,2009,2009-04-18,Royal Challengers Bangalore,Rajasthan Royals,Royal Challengers Bangalore,bat,Royal Challengers Bangalore,Royal Challengers Bangalore,133,58
392183,2009,2009-04-19,Kings XI Punjab,Delhi Daredevils,Delhi Daredevils,field,Kings XI Punjab,Delhi Daredevils,104,58
392184,2009,2009-04-19,Kolkata Knight Riders,Deccan Chargers,Kolkata Knight Riders,bat,Kolkata Knight Riders,Deccan Chargers,101,104
392185,2009,2009-04-20,Chennai Super Kings,Royal Challengers Bangalore,Chennai Super Kings,bat,Chennai Super Kings,Chennai Super Kings,179,87
392186,2009,2009-04-21,Kings XI Punjab,Kolkata Knight Riders,Kolkata Knight Riders,field,Kings XI Punjab,Kolkata Knight Riders,158,79
392188,2009,2009-04-22,Deccan Chargers,Royal Challengers Bangalore,Deccan Chargers,bat,Deccan Chargers,Deccan Chargers,184,160
392189,2009,2009-04-23,Delhi Daredevils,Chennai Super Kings,Delhi Daredevils,bat,Delhi Daredevils,Delhi Daredevils,189,180
392190,2009,2009-04-23,Rajasthan Royals,Kolkata Knight Riders,Kolkata Knight Riders,field,Rajasthan Royals,Unknown,150,150
392191,2009,2009-04-24,Royal Challengers Bangalore,Kings XI Punjab,Royal Challengers Bangalore,bat,Royal Challengers Bangalore,Kings XI Punjab,168,173
392192,2009,2009-04-25,Deccan Chargers,Mumbai Indians,Deccan Chargers,bat,Deccan Chargers,Deccan Chargers,168,156
392194,2009,2009-04-26,Royal Challengers Bangalore,Delhi Daredevils,Royal Challengers Bangalore,bat,Royal Challengers Bangalore,Delhi Daredevils,149,150
392195,2009,2009-04-26,Kings XI Punjab,Rajasthan Royals,Kings XI Punjab,bat,Kings XI Punjab,Kings XI Punjab,139,112
392196,2009,2009-04-27,Chennai Super Kings,Deccan Chargers,Deccan Chargers,field,Chennai Super Kings,Deccan Chargers,165,169
392197,2009,2009-04-27,Mumbai Indians,Kolkata Knight Riders,Mumbai Indians,bat,Mumbai Indians,Mumbai Indians,187,95
392198,2009,2009-04-28,Delhi Daredevils,Rajasthan Royals,Delhi Daredevils,bat,Delhi Daredevils,Rajasthan Royals,143,147
392199,2009,2009-04-29,Kolkata Knight Riders,Royal Challengers Bangalore,Kolkata Knight Riders,bat,Kolkata Knight Riders,Royal Challengers Bangalore,139,143
392200,2009,2009-04-29,Kings XI Punjab,Mumbai Indians,Kings XI Punjab,bat,Kings XI Punjab,Kings XI Punjab,119,116
392201,2009,2009-04-30,Deccan Chargers,Delhi Daredevils,Delhi Daredevils,field,Deccan Chargers,Delhi Daredevils,148,150
392202,2009,2009-04-30,Chennai Super Kings,Rajasthan Royals,Rajasthan Royals,field,Chennai Super Kings,Chennai Super Kings,164,126
392203,2009,2009-05-01,Mumbai Indians,Kolkata Knight Riders,Mumbai Indians,bat,Mumbai Indians,Mumbai Indians,148,139
392204,2009,2009-05-01,Royal Challengers Bangalore,Kings XI Punjab,Royal Challengers Bangalore,bat,Royal Challengers Bangalore,Royal Challengers Bangalore,145,137
392205,2009,2009-05-02,Deccan Chargers,Rajasthan Royals,Deccan Chargers,bat,Deccan Chargers,Rajasthan Royals,141,142
392206,2009,2009-05-02,Chennai Super Kings,Delhi Daredevils,Delhi Daredevils,field,Chennai Super Kings,Chennai Super Kings,163,145
392207,2009,2009-05-03,Kolkata Knight Riders,Kings XI Punjab,Kolkata Knight Riders,bat,Kolkata Knight Riders,Kings XI Punjab,153,154
392208,2009,2009-05-03,Mumbai Indians,Royal Challengers Bangalore,Mumbai Indians,bat,Mumbai Indians,Royal Challengers Bangalore,149,150
392209,2009,2009-05-04,Chennai Super Kings,Deccan Chargers,Chennai Super Kings,bat,Chennai Super Kings,Chennai Super Kings,178,100
392210,2009,2009-05-05,Rajasthan Royals,Kings XI Punjab,Kings XI Punjab,field,Rajasthan Royals,Rajasthan Royals,211,133
392211,2009,2009-05-05,Kolkata Knight Riders,Delhi Daredevils,Kolkata Knight Riders,bat,Kolkata Knight Riders,Delhi Daredevils,154,157
392212,2009,2009-05-06,Deccan Chargers,Mumbai Indians,Deccan Chargers,bat,Deccan Chargers,Deccan Chargers,145,126
392213,2009,2009-05-07,Royal Challengers Bangalore,Rajasthan Royals,Rajasthan Royals,field,Royal Challengers Bangalore,Rajasthan Royals,105,107
392214,2009,2009-05-07,Chennai Super Kings,Kings XI Punjab,Chennai Super Kings,bat,Chennai Super Kings,Chennai Super Kings,185,174
392215,2009,2009-05-08,Mumbai Indians,Delhi Daredevils,Mumbai Indians,bat,Mumbai Indians,Delhi Daredevils,116,118
392216,2009,2009-05-09,Deccan Chargers,Kings XI Punjab,Kings XI Punjab,field,Deccan Chargers,Kings XI Punjab,168,169
392217,2009,2009-05-09,Rajasthan Royals,Chennai Super Kings,Rajasthan Royals,bat,Rajasthan Royals,Chennai Super Kings,140,141
392218,2009,2009-05-10,Mumbai Indians,Royal Challengers Bangalore,Mumbai Indians,bat,Mumbai Indians,Mumbai Indians,157,141
392219,2009,2009-05-10,Kolkata Knight Riders,Delhi Daredevils,Delhi Daredevils,field,Kolkata Knight Riders,Delhi Daredevils,123,125
392220,2009,2009-05-11,Deccan Chargers,Rajasthan Royals,Deccan Chargers,bat,Deccan Chargers,Deccan Chargers,166,113
392221,2009,2009-05-12,Kolkata Knight Riders,Royal Challengers Bangalore,Royal Challengers Bangalore,field,Kolkata Knight Riders,Royal Challengers Bangalore,173,176
392222,2009,2009-05-12,Kings XI Punjab,Mumbai Indians,Kings XI Punjab,bat,Kings XI Punjab,Mumbai Indians,119,122
392223,2009,2009-05-13,Delhi Daredevils,Deccan Chargers,Deccan Chargers,field,Delhi Daredevils,Delhi Daredevils,173,161
392224,2009,2009-05-14,Chennai Super Kings,Royal Challengers Bangalore,Chennai Super Kings,bat,Chennai Super Kings,Royal Challengers Bangalore,129,132
392225,2009,2009-05-14,Rajasthan Royals,Mumbai Indians,Rajasthan Royals,bat,Rajasthan Royals,Rajasthan Royals,145,143
392226,2009,2009-05-15,Delhi Daredevils,Kings XI Punjab,Kings XI Punjab,field,Delhi Daredevils,Kings XI Punjab,120,123
392227,2009,2009-05-16,Mumbai Indians,Chennai Super Kings,Mumbai Indians,bat,Mumbai Indians,Chennai Super Kings,147,151
392228,2009,2009-05-16,Kolkata Knight Riders,Deccan Chargers,Deccan Chargers,field,Kolkata Knight Riders,Deccan Chargers,160,166
392229,2009,2009-05-17,Kings XI Punjab,Deccan Chargers,Deccan Chargers,field,Kings XI Punjab,Kings XI Punjab,134,133
392230,2009,2009-05-17,Delhi Daredevils,Rajasthan Royals,Delhi Daredevils,bat,Delhi Daredevils,Delhi Daredevils,150,136
392231,2009,2009-05-18,Chennai Super Kings,Kolkata Knight Riders,Chennai Super Kings,bat,Chennai Super Kings,Kolkata Knight Riders,188,189
392232,2009,2009-05-19,Delhi Daredevils,Royal Challengers Bangalore,Delhi Daredevils,bat,Delhi Daredevils,Royal Challengers Bangalore,134,135
392233,2009,2009-05-20,Rajasthan Royals,Kolkata Knight Riders,Kolkata Knight Riders,field,Rajasthan Royals,Kolkata Knight Riders,101,102
392234,2009,2009-05-20,Chennai Super Kings,Kings XI Punjab,Chennai Super Kings,bat,Chennai Super Kings,Chennai Super Kings,116,92
392235,2009,2009-05-21,Mumbai Indians,Delhi Daredevils,Delhi Daredevils,field,Mumbai Indians,Delhi Daredevils,165,166
392236,2009,2009-05-21,Royal Challengers Bangalore,Deccan Chargers,Royal Challengers Bangalore,bat,Royal Challengers Bangalore,Royal Challengers Bangalore,170,158
392237,2009,2009-05-22,Delhi Daredevils,Deccan Chargers,Deccan Chargers,field,Delhi Daredevils,Deccan Chargers,153,154
392238,2009,2009-05-23,Chennai Super Kings,Royal Challengers Bangalore,Royal Challengers Bangalore,field,Chennai Super Kings,Royal Challengers Bangalore,146,149
392239,2009,2009-05-24,Deccan Chargers,Royal Challengers Bangalore,Royal Challengers Bangalore,field,Deccan Chargers,Deccan Chargers,143,137
419106,2009/10,2010-03-12,Kolkata Knight Riders,Deccan Chargers,Deccan Chargers,field,Kolkata Knight Riders,Kolkata Knight Riders,161,150
419107,2009/10,2010-03-13,Mumbai Indians,Rajasthan Royals,Mumbai Indians,bat,Mumbai Indians,Mumbai Indians,212,208
419108,2009/10,2010-03-13,Kings XI Punjab,Delhi Daredevils,Delhi Daredevils,field,Kings XI Punjab,Delhi Daredevils,142,146
419109,2009/10,2010-03-14,Royal Challengers Bangalore,Kolkata Knight Riders,Kolkata Knight Riders,field,Royal Challengers Bangalore,Kolkata Knight Riders,135,136
419110,2009/10,2010-03-14,Deccan Chargers,Chennai Super Kings,Deccan Chargers,bat,Deccan Chargers,Deccan Chargers,190,159
419111,2009/10,2010-03-15,Rajasthan Royals,Delhi Daredevils,Delhi Daredevils,field,Rajasthan Royals,Delhi Daredevils,141,142
419112,2009/10,2010-03-16,Kings XI Punjab,Royal Challengers Bangalore,Kings XI Punjab,bat,Kings XI Punjab,Royal Challengers Bangalore,203,204
419113,2009/10,2010-03-16,Chennai Super Kings,Kolkata Knight Riders,Chennai Super Kings,bat,Chennai Super Kings,Chennai Super Kings,164,109
419114,2009/10,2010-03-17,Mumbai Indians,Delhi Daredevils,Delhi Daredevils,field,Mumbai Indians,Mumbai Indians,218,120
419115,2009/10,2010-03-18,Rajasthan Royals,Royal Challengers Bangalore,Royal Challengers Bangalore,field,Rajasthan Royals,Royal Challengers Bangalore,92,93
419116,2009/10,2010-03-19,Delhi Daredevils,Chennai Super Kings,Delhi Daredevils,bat,Delhi Daredevils,Chennai Super Kings,185,190
419117,2009/10,2010-03-19,Deccan Chargers,Kings XI Punjab,Kings XI Punjab,field,Deccan Chargers,Deccan Chargers,170,164
419118,2009/10,2010-03-20,Rajasthan Royals,Kolkata Knight Riders,Rajasthan Royals,bat,Rajasthan Royals,Rajasthan Royals,168,134
419119,2009/10,2010-03-20,Mumbai Indians,Royal Challengers Bangalore,Mumbai Indians,bat,Mumbai Indians,Royal Challengers Bangalore,151,155
419120,2009/10,2010-03-21,Deccan Chargers,Delhi Daredevils,Deccan Chargers,bat,Deccan Chargers,Deccan Chargers,171,161
419121,2009/10,2010-03-21,Kings XI Punjab,Chennai Super Kings,Chennai Super Kings,field,Kings XI Punjab,Unknown,136,136
419122,2009/10,2010-03-22,Kolkata Knight Riders,Mumbai Indians,Kolkata Knight Riders,bat,Kolkata Knight Riders,Mumbai Indians,155,156
419123,2009/10,2010-03-23,Royal Challengers Bangalore,Chennai Super Kings,Chennai Super Kings,field,Royal Challengers Bangalore,Royal Challengers Bangalore,171,135
419124,2009/10,2010-03-24,Rajasthan Royals,Kings XI Punjab,Kings XI Punjab,field,Rajasthan Royals,Rajasthan Royals,183,152
419125,2009/10,2010-03-25,Chennai Super Kings,Mumbai Indians,Mumbai Indians,field,Chennai Super Kings,Mumbai Indians,180,181
419126,2009/10,2010-03-26,Deccan Chargers,Rajasthan Royals,Deccan Chargers,bat,Deccan Chargers,Rajasthan Royals,148,151
419127,2009/10,2010-03-27,Kolkata Knight Riders,Kings XI Punjab,Kolkata Knight Riders,bat,Kolkata Knight Riders,Kolkata Knight Riders,183,144
419128,2009/10,2010-03-25,Delhi Daredevils,Royal Challengers Bangalore,Royal Challengers Bangalore,field,Delhi Daredevils,Delhi Daredevils,183,166
419129,2009/10,2010-03-28,Rajasthan Royals,Chennai Super Kings,Rajasthan Royals,bat,Rajasthan Royals,Rajasthan Royals,177,160
419130,2009/10,2010-03-28,Mumbai Indians,Deccan Chargers,Deccan Chargers,field,Mumbai Indians,Mumbai Indians,172,131
419131,2009/10,2010-03-29,Delhi Daredevils,Kolkata Knight Riders,Delhi Daredevils,bat,Delhi Daredevils,Delhi Daredevils,177,137
419132,2009/10,2010-03-30,Kings XI Punjab,Mumbai Indians,Mumbai Indians,field,Kings XI Punjab,Mumbai Indians,163,164
419133,2009/10,2010-03-31,Royal Challengers Bangalore,Chennai Super Kings,Royal Challengers Bangalore,bat,Royal Challengers Bangalore,Chennai Super Kings,161,162
419134,2009/10,2010-03-31,Delhi Daredevils,Rajasthan Royals,Delhi Daredevils,bat,Delhi Daredevils,Delhi Daredevils,188,121
419135,2009/10,2010-04-01,Kolkata Knight Riders,Deccan Chargers,Kolkata Knight Riders,bat,Kolkata Knight Riders,Kolkata Knight Riders,181,157
419136,2009/10,2010-04-02,Kings XI Punjab,Royal Challengers Bangalore,Kings XI Punjab,bat,Kings XI Punjab,Royal Challengers Bangalore,181,184
419137,2009/10,2010-04-03,Chennai Super Kings,Rajasthan Royals,Chennai Super Kings,bat,Chennai Super Kings,Chennai Super Kings,246,223
419138,2009/10,2010-04-03,Mumbai Indians,Deccan Chargers,Mumbai Indians,bat,Mumbai Indians,Mumbai Indians,178,115
419139,2009/10,2010-04-04,Kolkata Knight Riders,Kings XI Punjab,Kolkata Knight Riders,bat,Kolkata Knight Riders,Kings XI Punjab,200,204
419140,2009/10,2010-04-04,Delhi Daredevils,Royal Challengers Bangalore,Delhi Daredevils,bat,Delhi Daredevils,Delhi Daredevils,184,147
419141,2009/10,2010-04-05,Rajasthan Royals,Deccan Chargers,Rajasthan Royals,bat,Rajasthan Royals,Rajasthan Royals,159,157
419142,2009/10,2010-04-06,Chennai Super Kings,Mumbai Indians,Chennai Super Kings,bat,Chennai Super Kings,Chennai Super Kings,165,141
419143,2009/10,2010-04-07,Kings XI Punjab,Rajasthan Royals,Kings XI Punjab,bat,Kings XI Punjab,Rajasthan Royals,153,157
419144,2009/10,2010-04-07,Kolkata Knight Riders,Delhi Daredevils,Kolkata Knight Riders,bat,Kolkata Knight Riders,Kolkata Knight Riders,181,167
419145,2009/10,2010-04-08,Royal Challengers Bangalore,Deccan Chargers,Deccan Chargers,field,Royal Challengers Bangalore,Deccan Chargers,184,186
419146,2009/10,2010-04-09,Mumbai Indians,Kings XI Punjab,Mumbai Indians,bat,Mumbai Indians,Kings XI Punjab,154,158
419147,2009/10,2010-04-10,Chennai Super Kings,Deccan Chargers,Chennai Super Kings,bat,Chennai Super Kings,Deccan Chargers,138,139
419148,2009/10,2010-04-10,Kolkata Knight Riders,Royal Challengers Bangalore,Royal Challengers Bangalore,field,Kolkata Knight Riders,Royal Challengers Bangalore,160,162
419149,2009/10,2010-04-11,Delhi Daredevils,Kings XI Punjab,Delhi Daredevils,bat,Delhi Daredevils,Kings XI Punjab,111,112
419150,2009/10,2010-04-11,Mumbai Indians,Rajasthan Royals,Rajasthan Royals,field,Mumbai Indians,Mumbai Indians,174,137
419151,2009/10,2010-04-12,Deccan Chargers,Royal Challengers Bangalore,Royal Challengers Bangalore,field,Deccan Chargers,Deccan Chargers,151,138
419152,2009/10,2010-04-13,Mumbai Indians,Delhi Daredevils,Mumbai Indians,bat,Mumbai Indians,Mumbai Indians,183,144
419153,2009/10,2010-04-13,Kolkata Knight Riders,Chennai Super Kings,Kolkata Knight Riders,bat,Kolkata Knight Riders,Chennai Super Kings,139,143
419154,2009/10,2010-04-14,Rajasthan Royals,Royal Challengers Bangalore,Rajasthan Royals,bat,Rajasthan Royals,Royal Challengers Bangalore,130,132
419155,2009/10,2010-04-15,Chennai Super Kings,Delhi Daredevils,Chennai Super Kings,bat,Chennai Super Kings,Delhi Daredevils,112,113
419156,2009/10,2010-04-16,Kings XI Punjab,Deccan Chargers,Deccan Chargers,field,Kings XI Punjab,Deccan Chargers,174,178
419157,2009/10,2010-04-17,Mumbai Indians,Royal Challengers Bangalore,Royal Challengers Bangalore,field,Mumbai Indians,Mumbai Indians,191,134
419158,2009/10,2010-04-17,Rajasthan Royals,Kolkata Knight Riders,Rajasthan Royals,bat,Rajasthan Royals,Kolkata Knight Riders,132,133
419159,2009/10,2010-04-18,Kings XI Punjab,Chennai Super Kings,Chennai Super Kings,field,Kings XI Punjab,Chennai Super Kings,192,195
419160,2009/10,2010-04-18,Deccan Chargers,Delhi Daredevils,Deccan Chargers,bat,Deccan Chargers,Deccan Chargers,145,134
419161,2009/10,2010-04-19,Mumbai Indians,Kolkata Knight Riders,Mumbai Indians,bat,Mumbai Indians,Kolkata Knight Riders,133,135
419162,2009/10,2010-04-21,Mumbai Indians,Royal Challengers Bangalore,Mumbai Indians,bat,Mumbai Indians,Mumbai Indians,184,149
419163,2009/10,2010-04-22,Chennai Super Kings,Deccan Chargers,Chennai Super Kings,bat,Chennai Super Kings,Chennai Super Kings,142,104
419164,2009/10,2010-04-24,Deccan Chargers,Royal Challengers Bangalore,Deccan Chargers,bat,Deccan Chargers,Royal Challengers Bangalore,82,86
419165,2009/10,2010-04-25,Chennai Super Kings,Mumbai Indians,Chennai Super Kings,bat,Chennai Super Kings,Chennai Super Kings,168,146
501198,2011,2011-04-08,Chennai Super Kings,Kolkata Knight Riders,Chennai Super Kings,bat,Chennai Super Kings,Chennai Super Kings,153,151
501199,2011,2011-04-09,Deccan Chargers,Rajasthan Royals,Rajasthan Royals,field,Deccan Chargers,Rajasthan Royals,137,141
501200,2011,2011-04-09,Kochi Tuskers Kerala,Royal Challengers Bangalore,Kochi Tuskers Kerala,bat,Kochi Tuskers Kerala,Royal Challengers Bangalore,161,162
501201,2011,2011-04-10,Delhi Daredevils,Mumbai Indians,Delhi Daredevils,bat,Delhi Daredevils,Mumbai Indians,95,99
501202,2011,2011-04-10,Kings XI Punjab,Pune Warriors,Kings XI Punjab,bat,Kings XI Punjab,Pune Warriors,112,113
501203,2011,2011-04-11,Kolkata Knight Riders,Deccan Chargers,Kolkata Knight Riders,bat,Kolkata Knight Riders,Kolkata Knight Riders,163,154
501204,2011,2011-04-12,Delhi Daredevils,Rajasthan Royals,Delhi Daredevils,bat,Delhi Daredevils,Rajasthan Royals,151,152
501205,2011,2011-04-12,Royal Challengers Bangalore,Mumbai Indians,Mumbai Indians,field,Royal Challengers Bangalore,Mumbai Indians,140,143
501206,2011,2011-04-13,Chennai Super Kings,Kings XI Punjab,Kings XI Punjab,field,Chennai Super Kings,Kings XI Punjab,188,193
501207,2011,2011-04-13,Kochi Tuskers Kerala,Pune Warriors,Kochi Tuskers Kerala,bat,Kochi Tuskers Kerala,Pune Warriors,148,151
501208,2011,2011-04-14,Deccan Chargers,Royal Challengers Bangalore,Royal Challengers Bangalore,field,Deccan Chargers,Deccan Chargers,175,142
501209,2011,2011-04-15,Rajasthan Royals,Kolkata Knight Riders,Kolkata Knight Riders,field,Rajasthan Royals,Kolkata Knight Riders,159,160
501210,2011,2011-04-15,Mumbai Indians,Kochi Tuskers Kerala,Kochi Tuskers Kerala,field,Mumbai Indians,Kochi Tuskers Kerala,182,184
501211,2011,2011-04-16,Chennai Super Kings,Royal Challengers Bangalore,Chennai Super Kings,bat,Chennai Super Kings,Chennai Super Kings,183,162
501212,2011,2011-04-16,Deccan Chargers,Kings XI Punjab,Kings XI Punjab,field,Deccan Chargers,Kings XI Punjab,165,166
501213,2011,2011-04-17,Pune Warriors,Delhi Daredevils,Delhi Daredevils,field,Pune Warriors,Delhi Daredevils,187,190
501214,2011,2011-04-17,Rajasthan Royals,Kolkata Knight Riders,Kolkata Knight Riders,field,Rajasthan Royals,Kolkata Knight Riders,81,85
501215,2011,2011-04-18,Chennai Super Kings,Kochi Tuskers Kerala,Kochi Tuskers Kerala,field,Chennai Super Kings,Kochi Tuskers Kerala,131,135
501216,2011,2011-04-19,Deccan Chargers,Delhi Daredevils,Deccan Chargers,bat,Deccan Chargers,Deccan Chargers,168,152
501218,2011,2011-04-20,Pune Warriors,Mumbai Indians,Pune Warriors,bat,Pune Warriors,Mumbai Indians,118,124
501219,2011,2011-04-20,Kochi Tuskers Kerala,Kolkata Knight Riders,Kolkata Knight Riders,field,Kochi Tuskers Kerala,Kochi Tuskers Kerala,132,126
501220,2011,2011-04-21,Kings XI Punjab,Rajasthan Royals,Rajasthan Royals,field,Kings XI Punjab,Kings XI Punjab,195,147
501221,2011,2011-04-22,Mumbai Indians,Chennai Super Kings,Chennai Super Kings,field,Mumbai Indians,Mumbai Indians,164,156
501222,2011,2011-04-22,Kolkata Knight Riders,Royal Challengers Bangalore,Royal Challengers Bangalore,field,Kolkata Knight Riders,Royal Challengers Bangalore,171,175
501223,2011,2011-04-23,Delhi Daredevils,Kings XI Punjab,Kings XI Punjab,field,Delhi Daredevils,Delhi Daredevils,231,202
501224,2011,2011-04-24,Mumbai Indians,Deccan Chargers,Deccan Chargers,field,Mumbai Indians,Mumbai Indians,172,135
501225,2011,2011-04-24,Kochi Tuskers Kerala,Rajasthan Royals,Rajasthan Royals,field,Kochi Tuskers Kerala,Rajasthan Royals,109,111
501226,2011,2011-04-25,Chennai Super Kings,Pune Warriors,Pune Warriors,field,Chennai Super Kings,Chennai Super Kings,142,117
501227,2011,2011-04-26,Delhi Daredevils,Royal Challengers Bangalore,Royal Challengers Bangalore,field,Delhi Daredevils,Royal Challengers Bangalore,160,161
501228,2011,2011-04-27,Pune Warriors,Chennai Super Kings,Pune Warriors,bat,Pune Warriors,Chennai Super Kings,141,145
501229,2011,2011-04-27,Deccan Chargers,Kochi Tuskers Kerala,Kochi Tuskers Kerala,field,Deccan Chargers,Deccan Chargers,129,74
501230,2011,2011-04-28,Kolkata Knight Riders,Delhi Daredevils,Delhi Daredevils,field,Kolkata Knight Riders,Kolkata Knight Riders,148,131
501231,2011,2011-04-29,Mumbai Indians,Rajasthan Royals,Rajasthan Royals,field,Mumbai Indians,Rajasthan Royals,94,95
501232,2011,2011-04-29,Royal Challengers Bangalore,Pune Warriors,Pune Warriors,field,Royal Challengers Bangalore,Royal Challengers Bangalore,181,155
501233,2011,2011-04-30,Delhi Daredevils,Kochi Tuskers Kerala,Delhi Daredevils,bat,Delhi Daredevils,Delhi Daredevils,157,119
501234,2011,2011-04-30,Kings XI Punjab,Kolkata Knight Riders,Kolkata Knight Riders,field,Kings XI Punjab,Kolkata Knight Riders,119,120
501235,2011,2011-05-01,Pune Warriors,Rajasthan Royals,Rajasthan Royals,field,Pune Warriors,Rajasthan Royals,143,144
501236,2011,2011-05-01,Chennai Super Kings,Deccan Chargers,Chennai Super Kings,bat,Chennai Super Kings,Chennai Super Kings,165,146
501237,2011,2011-05-02,Mumbai Indians,Kings XI Punjab,Kings XI Punjab,field,Mumbai Indians,Mumbai Indians,159,136
501238,2011,2011-05-02,Delhi Daredevils,Kochi Tuskers Kerala,Kochi Tuskers Kerala,field,Delhi Daredevils,Kochi Tuskers Kerala,140,141
501239,2011,2011-05-03,Kolkata Knight Riders,Deccan Chargers,Deccan Chargers,field,Kolkata Knight Riders,Kolkata Knight Riders,169,149
501240,2011,2011-05-04,Rajasthan Royals,Chennai Super Kings,Rajasthan Royals,bat,Rajasthan Royals,Chennai Super Kings,147,149
501241,2011,2011-05-04,Mumbai Indians,Pune Warriors,Pune Warriors,field,Mumbai Indians,Mumbai Indians,160,139
501242,2011,2011-05-05,Kochi Tuskers Kerala,Kolkata Knight Riders,Kolkata Knight Riders,field,Kochi Tuskers Kerala,Kochi Tuskers Kerala,156,139
501243,2011,2011-05-05,Deccan Chargers,Delhi Daredevils,Delhi Daredevils,field,Deccan Chargers,Delhi Daredevils,175,179
501244,2011,2011-05-06,Royal Challengers Bangalore,Kings XI Punjab,Kings XI Punjab,field,Royal Challengers Bangalore,Royal Challengers Bangalore,205,120
501245,2011,2011-05-07,Chennai Super Kings,Kolkata Knight Riders,Chennai Super Kings,bat,Chennai Super Kings,Kolkata Knight Riders,114,61
501246,2011,2011-05-07,Mumbai Indians,Delhi Daredevils,Delhi Daredevils,field,Mumbai Indians,Mumbai Indians,178,146
501247,2011,2011-05-08,Kochi Tuskers Kerala,Royal Challengers Bangalore,Kochi Tuskers Kerala,bat,Kochi Tuskers Kerala,Royal Challengers Bangalore,125,128
501248,2011,2011-05-08,Kings XI Punjab,Pune Warriors,Kings XI Punjab,bat,Kings XI Punjab,Pune Warriors,119,120
501249,2011,2011-05-09,Chennai Super Kings,Rajasthan Royals,Rajasthan Royals,field,Chennai Super Kings,Chennai Super Kings,196,133
501250,2011,2011-05-10,Deccan Chargers,Pune Warriors,Deccan Chargers,bat,Deccan Chargers,Pune Warriors,136,137
501251,2011,2011-05-10,Kings XI Punjab,Mumbai Indians,Mumbai Indians,field,Kings XI Punjab,Kings XI Punjab,163,87
501252,2011,2011-05-11,Rajasthan Royals,Royal Challengers Bangalore,Royal Challengers Bangalore,field,Rajasthan Royals,Royal Challengers Bangalore,146,151
501253,2011,2011-05-12,Chennai Super Kings,Delhi Daredevils,Chennai Super Kings,bat,Chennai Super Kings,Chennai Super Kings,176,158
501254,2011,2011-05-13,Kochi Tuskers Kerala,Kings XI Punjab,Kings XI Punjab,field,Kochi Tuskers Kerala,Kings XI Punjab,178,181
501255,2011,2011-05-14,Kolkata Knight Riders,Royal Challengers Bangalore,Royal Challengers Bangalore,field,Kolkata Knight Riders,Royal Challengers Bangalore,89,105
501256,2011,2011-05-14,Deccan Chargers,Mumbai Indians,Deccan Chargers,bat,Deccan Chargers,Deccan Chargers,135,125
501257,2011,2011-05-15,Kings XI Punjab,Delhi Daredevils,Delhi Daredevils,field,Kings XI Punjab,Kings XI Punjab,170,141
501258,2011,2011-05-15,Rajasthan Royals,Kochi Tuskers Kerala,Kochi Tuskers Kerala,field,Rajasthan Royals,Kochi Tuskers Kerala,97,98
501259,2011,2011-05-16,Pune Warriors,Deccan Chargers,Deccan Chargers,field,Pune Warriors,Deccan Chargers,136,138
501260,2011,2011-05-17,Kings XI Punjab,Royal Challengers Bangalore,Kings XI Punjab,bat,Kings XI Punjab,Kings XI Punjab,232,121
501261,2011,2011-05-18,Chennai Super Kings,Kochi Tuskers Kerala,Chennai Super Kings,bat,Chennai Super Kings,Chennai Super Kings,152,141
501262,2011,2011-05-19,Pune Warriors,Kolkata Knight Riders,Kolkata Knight Riders,field,Pune Warriors,Kolkata Knight Riders,118,119
501263,2011,2011-05-20,Mumbai Indians,Rajasthan Royals,Mumbai Indians,bat,Mumbai Indians,Rajasthan Royals,133,134
501264,2011,2011-05-21,Deccan Chargers,Kings XI Punjab,Kings XI Punjab,field,Deccan Chargers,Deccan Chargers,198,116
501265,2011,2011-05-21,Delhi Daredevils,Pune Warriors,Delhi Daredevils,bat,Delhi Daredevils,Unknown,56,0
501266,2011,2011-05-22,Chennai Super Kings,Royal Challengers Bangalore,Royal Challengers Bangalore,field,Chennai Super Kings,Royal Challengers Bangalore,128,129
501267,2011,2011-05-22,Kolkata Knight Riders,Mumbai Indians,Mumbai Indians,field,Kolkata Knight Riders,Mumbai Indians,175,178
501268,2011,2011-05-24,Royal Challengers Bangalore,Chennai Super Kings,Chennai Super Kings,field,Royal Challengers Bangalore,Chennai Super Kings,175,177
501269,2011,2011-05-25,Kolkata Knight Riders,Mumbai Indians,Mumbai Indians,field,Kolkata Knight Riders,Mumbai Indians,147,148
501270,2011,2011-05-27,Royal Challengers Bangalore,Mumbai Indians,Mumbai Indians,field,Royal Challengers Bangalore,Royal Challengers Bangalore,185,142
501271,2011,2011-05-28,Chennai Super Kings,Royal Challengers Bangalore,Chennai Super Kings,bat,Chennai Super Kings,Chennai Super Kings,205,147
548306,2012,2012-04-04,Chennai Super Kings,Mumbai Indians,Mumbai Indians,field,Chennai Super Kings,Mumbai Indians,112,115
548307,2012,2012-04-05,Kolkata Knight Riders,Delhi Daredevils,Delhi Daredevils,field,Kolkata Knight Riders,Delhi Daredevils,97,100
548308,2012,2012-04-06,Pune Warriors,Mumbai Indians,Mumbai Indians,field,Pune Warriors,Pune Warriors,129,101
548309,2012,2012-04-06,Rajasthan Royals,Kings XI Punjab,Kings XI Punjab,field,Rajasthan Royals,Rajasthan Royals,191,160
548310,2012,2012-04-07,Royal Challengers Bangalore,Delhi Daredevils,Delhi Daredevils,field,Royal Challengers Bangalore,Royal Challengers Bangalore,157,137
548311,2012,2012-04-07,Chennai Super Kings,Deccan Chargers,Deccan Chargers,field,Chennai Super Kings,Chennai Super Kings,193,119
548312,2012,2012-04-08,Rajasthan Royals,Kolkata Knight Riders,Kolkata Knight Riders,field,Rajasthan Royals,Rajasthan Royals,164,142
548313,2012,2012-04-08,Pune Warriors,Kings XI Punjab,Pune Warriors,bat,Pune Warriors,Pune Warriors,166,144
548314,2012,2012-04-09,Deccan Chargers,Mumbai Indians,Deccan Chargers,bat,Deccan Chargers,Mumbai Indians,138,142
548315,2012,2012-04-10,Kolkata Knight Riders,Royal Challengers Bangalore,Royal Challengers Bangalore,field,Kolkata Knight Riders,Kolkata Knight Riders,165,123
548316,2012,2012-04-10,Chennai Super Kings,Delhi Daredevils,Delhi Daredevils,field,Chennai Super Kings,Delhi Daredevils,110,111
548317,2012,2012-04-11,Mumbai Indians,Rajasthan Royals,Rajasthan Royals,field,Mumbai Indians,Mumbai Indians,197,170
548318,2012,2012-04-12,Royal Challengers Bangalore,Chennai Super Kings,Royal Challengers Bangalore,bat,Royal Challengers Bangalore,Chennai Super Kings,205,208
548319,2012,2012-04-12,Pune Warriors,Kings XI Punjab,Kings XI Punjab,field,Pune Warriors,Kings XI Punjab,115,116
548320,2012,2012-04-13,Rajasthan Royals,Kolkata Knight Riders,Rajasthan Royals,bat,Rajasthan Royals,Kolkata Knight Riders,131,137
548321,2012,2012-04-19,Deccan Chargers,Delhi Daredevils,Deccan Chargers,bat,Deccan Chargers,Delhi Daredevils,157,162
548322,2012,2012-04-14,Chennai Super Kings,Pune Warriors,Chennai Super Kings,bat,Chennai Super Kings,Pune Warriors,155,156
548323,2012,2012-04-15,Kings XI Punjab,Kolkata Knight Riders,Kolkata Knight Riders,field,Kings XI Punjab,Kings XI Punjab,134,132
548324,2012,2012-04-15,Rajasthan Royals,Royal Challengers Bangalore,Rajasthan Royals,bat,Rajasthan Royals,Rajasthan Royals,195,136
548325,2012,2012-04-16,Mumbai Indians,Delhi Daredevils,Delhi Daredevils,field,Mumbai Indians,Delhi Daredevils,92,93
548326,2012,2012-04-17,Deccan Chargers,Rajasthan Royals,Deccan Chargers,bat,Deccan Chargers,Rajasthan Royals,196,197
548327,2012,2012-04-17,Pune Warriors,Royal Challengers Bangalore,Pune Warriors,bat,Pune Warriors,Royal Challengers Bangalore,182,186
548328,2012,2012-04-18,Kings XI Punjab,Kolkata Knight Riders,Kings XI Punjab,bat,Kings XI Punjab,Kolkata Knight Riders,124,127
548329,2012,2012-05-10,Deccan Chargers,Delhi Daredevils,Deccan Chargers,bat,Deccan Chargers,Delhi Daredevils,187,193
548330,2012,2012-04-19,Chennai Super Kings,Pune Warriors,Pune Warriors,field,Chennai Super Kings,Chennai Super Kings,164,151
548331,2012,2012-04-20,Kings XI Punjab,Royal Challengers Bangalore,Royal Challengers Bangalore,field,Kings XI Punjab,Royal Challengers Bangalore,163,166
548332,2012,2012-04-21,Rajasthan Royals,Chennai Super Kings,Rajasthan Royals,bat,Rajasthan Royals,Chennai Super Kings,146,147
548333,2012,2012-04-21,Pune Warriors,Delhi Daredevils,Delhi Daredevils,field,Pune Warriors,Pune Warriors,192,172
548334,2012,2012-04-22,Mumbai Indians,Kings XI Punjab,Mumbai Indians,bat,Mumbai Indians,Kings XI Punjab,163,164
548335,2012,2012-04-22,Deccan Chargers,Kolkata Knight Riders,Kolkata Knight Riders,field,Deccan Chargers,Kolkata Knight Riders,126,127
548336,2012,2012-04-23,Royal Challengers Bangalore,Rajasthan Royals,Rajasthan Royals,field,Royal Challengers Bangalore,Royal Challengers Bangalore,189,143
548337,2012,2012-04-24,Pune Warriors,Delhi Daredevils,Pune Warriors,bat,Pune Warriors,Delhi Daredevils,146,148
548339,2012,2012-04-25,Kings XI Punjab,Mumbai Indians,Kings XI Punjab,bat,Kings XI Punjab,Mumbai Indians,168,171
548341,2012,2012-04-26,Deccan Chargers,Pune Warriors,Deccan Chargers,bat,Deccan Chargers,Deccan Chargers,177,159
548342,2012,2012-04-27,Delhi Daredevils,Mumbai Indians,Mumbai Indians,field,Delhi Daredevils,Delhi Daredevils,207,170
548343,2012,2012-04-28,Kings XI Punjab,Chennai Super Kings,Kings XI Punjab,bat,Kings XI Punjab,Kings XI Punjab,156,149
548344,2012,2012-04-28,Kolkata Knight Riders,Royal Challengers Bangalore,Kolkata Knight Riders,bat,Kolkata Knight Riders,Kolkata Knight Riders,190,143
548345,2012,2012-04-29,Delhi Daredevils,Rajasthan Royals,Delhi Daredevils,bat,Delhi Daredevils,Delhi Daredevils,152,151
548346,2012,2012-04-29,Deccan Chargers,Mumbai Indians,Mumbai Indians,field,Deccan Chargers,Mumbai Indians,100,101
548347,2012,2012-04-30,Chennai Super Kings,Kolkata Knight Riders,Chennai Super Kings,bat,Chennai Super Kings,Kolkata Knight Riders,139,140
548348,2012,2012-05-01,Deccan Chargers,Pune Warriors,Deccan Chargers,bat,Deccan Chargers,Deccan Chargers,186,173
548349,2012,2012-05-01,Rajasthan Royals,Delhi Daredevils,Rajasthan Royals,bat,Rajasthan Royals,Delhi Daredevils,141,144
548350,2012,2012-05-02,Royal Challengers Bangalore,Kings XI Punjab,Kings XI Punjab,field,Royal Challengers Bangalore,Kings XI Punjab,158,163
548351,2012,2012-05-03,Mumbai Indians,Pune Warriors,Mumbai Indians,bat,Mumbai Indians,Mumbai Indians,120,119
548352,2012,2012-05-04,Chennai Super Kings,Deccan Chargers,Chennai Super Kings,bat,Chennai Super Kings,Chennai Super Kings,160,150
548353,2012,2012-05-05,Kolkata Knight Riders,Pune Warriors,Kolkata Knight Riders,bat,Kolkata Knight Riders,Kolkata Knight Riders,150,143
548354,2012,2012-05-05,Rajasthan Royals,Kings XI Punjab,Rajasthan Royals,bat,Rajasthan Royals,Rajasthan Royals,177,134
548355,2012,2012-05-06,Chennai Super Kings,Mumbai Indians,Mumbai Indians,field,Chennai Super Kings,Mumbai Indians,173,174
548356,2012,2012-05-06,Deccan Chargers,Royal Challengers Bangalore,Royal Challengers Bangalore,field,Deccan Chargers,Royal Challengers Bangalore,181,185
548357,2012,2012-05-07,Delhi Daredevils,Kolkata Knight Riders,Delhi Daredevils,bat,Delhi Daredevils,Kolkata Knight Riders,153,154
548358,2012,2012-05-08,Pune Warriors,Rajasthan Royals,Pune Warriors,bat,Pune Warriors,Rajasthan Royals,125,126
548359,2012,2012-05-08,Kings XI Punjab,Deccan Chargers,Deccan Chargers,field,Kings XI Punjab,Kings XI Punjab,170,145
548360,2012,2012-05-09,Mumbai Indians,Royal Challengers Bangalore,Royal Challengers Bangalore,field,Mumbai Indians,Royal Challengers Bangalore,141,142
548361,2012,2012-05-10,Rajasthan Royals,Chennai Super Kings,Chennai Super Kings,field,Rajasthan Royals,Chennai Super Kings,126,127
548362,2012,2012-05-11,Royal Challengers Bangalore,Pune Warriors,Pune Warriors,field,Royal Challengers Bangalore,Royal Challengers Bangalore,173,138
548363,2012,2012-05-12,Mumbai Indians,Kolkata Knight Riders,Mumbai Indians,bat,Mumbai Indians,Mumbai Indians,182,155
548364,2012,2012-05-12,Delhi Daredevils,Chennai Super Kings,Chennai Super Kings,field,Delhi Daredevils,Chennai Super Kings,114,115
548365,2012,2012-05-13,Rajasthan Royals,Pune Warriors,Rajasthan Royals,bat,Rajasthan Royals,Rajasthan Royals,170,125
548366,2012,2012-05-13,Deccan Chargers,Kings XI Punjab,Deccan Chargers,bat,Deccan Chargers,Kings XI Punjab,190,194
548367,2012,2012-05-14,Royal Challengers Bangalore,Mumbai Indians,Mumbai Indians,field,Royal Challengers Bangalore,Mumbai Indians,171,173
548368,2012,2012-05-14,Kolkata Knight Riders,Chennai Super Kings,Chennai Super Kings,field,Kolkata Knight Riders,Chennai Super Kings,158,160
548369,2012,2012-05-15,Kings XI Punjab,Delhi Daredevils,Kings XI Punjab,bat,Kings XI Punjab,Delhi Daredevils,136,140
548370,2012,2012-05-16,Kolkata Knight Riders,Mumbai Indians,Mumbai Indians,field,Kolkata Knight Riders,Kolkata Knight Riders,140,108
548371,2012,2012-05-17,Chennai Super Kings,Kings XI Punjab,Kings XI Punjab,field,Chennai Super Kings,Kings XI Punjab,120,123
548372,2012,2012-05-17,Royal Challengers Bangalore,Delhi Daredevils,Delhi Daredevils,field,Royal Challengers Bangalore,Royal Challengers Bangalore,215,194
548373,2012,2012-05-18,Rajasthan Royals,Deccan Chargers,Rajasthan Royals,bat,Rajasthan Royals,Deccan Chargers,126,128
548374,2012,2012-05-19,Kings XI Punjab,Delhi Daredevils,Delhi Daredevils,field,Kings XI Punjab,Delhi Daredevils,141,145
548375,2012,2012-05-19,Kolkata Knight Riders,Pune Warriors,Kolkata Knight Riders,bat,Kolkata Knight Riders,Kolkata Knight Riders,136,102
548376,2012,2012-05-20,Deccan Chargers,Royal Challengers Bangalore,Royal Challengers Bangalore,field,Deccan Chargers,Deccan Chargers,132,123
548377,2012,2012-05-20,Rajasthan Royals,Mumbai Indians,Rajasthan Royals,bat,Rajasthan Royals,Mumbai Indians,162,163
548378,2012,2012-05-22,Kolkata Knight Riders,Delhi Daredevils,Kolkata Knight Riders,bat,Kolkata Knight Riders,Kolkata Knight Riders,162,144
548379,2012,2012-05-23,Chennai Super Kings,Mumbai Indians,Mumbai Indians,field,Chennai Super Kings,Chennai Super Kings,187,149
548380,2012,2012-05-25,Chennai Super Kings,Delhi Daredevils,Delhi Daredevils,field,Chennai Super Kings,Chennai Super Kings,222,136
548381,2012,2012-05-27,Chennai Super Kings,Kolkata Knight Riders,Chennai Super Kings,bat,Chennai Super Kings,Kolkata Knight Riders,190,192
597998,2013,2013-04-03,Delhi Daredevils,Kolkata Knight Riders,Kolkata Knight Riders,field,Delhi Daredevils,Kolkata Knight Riders,128,129
597999,2013,2013-04-04,Royal Challengers Bangalore,Mumbai Indians,Mumbai Indians,field,Royal Challengers Bangalore,Royal Challengers Bangalore,156,154
598000,2013,2013-04-05,Sunrisers Hyderabad,Pune Warriors,Pune Warriors,field,Sunrisers Hyderabad,Sunrisers Hyderabad,126,104
598001,2013,2013-04-06,Rajasthan Royals,Delhi Daredevils,Rajasthan Royals,bat,Rajasthan Royals,Rajasthan Royals,165,160
598002,2013,2013-04-06,Mumbai Indians,Chennai Super Kings,Mumbai Indians,bat,Mumbai Indians,Mumbai Indians,148,139
598003,2013,2013-04-07,Pune Warriors,Kings XI Punjab,Pune Warriors,bat,Pune Warriors,Kings XI Punjab,99,100
598004,2013,2013-04-07,Royal Challengers Bangalore,Sunrisers Hyderabad,Royal Challengers Bangalore,bat,Royal Challengers Bangalore,Unknown,130,130
598005,2013,2013-04-08,Rajasthan Royals,Kolkata Knight Riders,Kolkata Knight Riders,field,Rajasthan Royals,Rajasthan Royals,144,125
598006,2013,2013-04-09,Mumbai Indians,Delhi Daredevils,Mumbai Indians,bat,Mumbai Indians,Mumbai Indians,209,165
598007,2013,2013-04-10,Kings XI Punjab,Chennai Super Kings,Chennai Super Kings,field,Kings XI Punjab,Chennai Super Kings,138,139
598008,2013,2013-04-11,Kolkata Knight Riders,Royal Challengers Bangalore,Royal Challengers Bangalore,field,Kolkata Knight Riders,Royal Challengers Bangalore,154,158
598009,2013,2013-04-11,Rajasthan Royals,Pune Warriors,Rajasthan Royals,bat,Rajasthan Royals,Pune Warriors,145,148
598010,2013,2013-04-12,Delhi Daredevils,Sunrisers Hyderabad,Delhi Daredevils,bat,Delhi Daredevils,Sunrisers Hyderabad,114,115
598011,2013,2013-04-13,Mumbai Indians,Pune Warriors,Mumbai Indians,bat,Mumbai Indians,Mumbai Indians,183,142
598012,2013,2013-04-13,Royal Challengers Bangalore,Chennai Super Kings,Chennai Super Kings,field,Royal Challengers Bangalore,Chennai Super Kings,165,166
598013,2013,2013-04-14,Kolkata Knight Riders,Sunrisers Hyderabad,Kolkata Knight Riders,bat,Kolkata Knight Riders,Kolkata Knight Riders,180,132
598014,2013,2013-04-14,Kings XI Punjab,Rajasthan Royals,Rajasthan Royals,field,Kings XI Punjab,Rajasthan Royals,124,126
598015,2013,2013-04-15,Pune Warriors,Chennai Super Kings,Pune Warriors,bat,Pune Warriors,Pune Warriors,159,135
598016,2013,2013-04-16,Kings XI Punjab,Kolkata Knight Riders,Kolkata Knight Riders,field,Kings XI Punjab,Kings XI Punjab,157,153
598017,2013,2013-04-16,Delhi Daredevils,Royal Challengers Bangalore,Royal Challengers Bangalore,field,Delhi Daredevils,Unknown,152,152
598018,2013,2013-04-17,Sunrisers Hyderabad,Pune Warriors,Pune Warriors,field,Sunrisers Hyderabad,Sunrisers Hyderabad,119,108
598019,2013,2013-04-17,Rajasthan Royals,Mumbai Indians,Rajasthan Royals,bat,Rajasthan Royals,Rajasthan Royals,179,92
598020,2013,2013-04-18,Chennai Super Kings,Delhi Daredevils,Chennai Super Kings,bat,Chennai Super Kings,Chennai Super Kings,169,83
598021,2013,2013-04-19,Kings XI Punjab,Sunrisers Hyderabad,Kings XI Punjab,bat,Kings XI Punjab,Sunrisers Hyderabad,123,127
598022,2013,2013-04-20,Kolkata Knight Riders,Chennai Super Kings,Kolkata Knight Riders,bat,Kolkata Knight Riders,Chennai Super Kings,119,124
598023,2013,2013-04-20,Rajasthan Royals,Royal Challengers Bangalore,Royal Challengers Bangalore,field,Rajasthan Royals,Royal Challengers Bangalore,117,123
598024,2013,2013-04-21,Mumbai Indians,Delhi Daredevils,Mumbai Indians,bat,Mumbai Indians,Delhi Daredevils,161,165
598025,2013,2013-04-21,Pune Warriors,Kings XI Punjab,Kings XI Punjab,field,Pune Warriors,Kings XI Punjab,185,186
598026,2013,2013-04-22,Rajasthan Royals,Chennai Super Kings,Rajasthan Royals,bat,Rajasthan Royals,Chennai Super Kings,185,186
598027,2013,2013-04-23,Royal Challengers Bangalore,Pune Warriors,Pune Warriors,field,Royal Challengers Bangalore,Royal Challengers Bangalore,263,133
598028,2013,2013-05-16,Kings XI Punjab,Delhi Daredevils,Delhi Daredevils,field,Kings XI Punjab,Kings XI Punjab,171,164
598029,2013,2013-04-24,Kolkata Knight Riders,Mumbai Indians,Kolkata Knight Riders,bat,Kolkata Knight Riders,Mumbai Indians,159,162
598030,2013,2013-04-25,Sunrisers Hyderabad,Chennai Super Kings,Sunrisers Hyderabad,bat,Sunrisers Hyderabad,Chennai Super Kings,159,160
598031,2013,2013-04-26,Kings XI Punjab,Kolkata Knight Riders,Kings XI Punjab,bat,Kings XI Punjab,Kolkata Knight Riders,149,150
598032,2013,2013-04-27,Sunrisers Hyderabad,Rajasthan Royals,Sunrisers Hyderabad,bat,Sunrisers Hyderabad,Rajasthan Royals,144,146
598033,2013,2013-04-27,Mumbai Indians,Royal Challengers Bangalore,Mumbai Indians,bat,Mumbai Indians,Mumbai Indians,194,136
598034,2013,2013-04-28,Chennai Super Kings,Kolkata Knight Riders,Kolkata Knight Riders,field,Chennai Super Kings,Chennai Super Kings,200,186
598035,2013,2013-04-28,Delhi Daredevils,Pune Warriors,Pune Warriors,field,Delhi Daredevils,Delhi Daredevils,164,149
598036,2013,2013-04-29,Royal Challengers Bangalore,Rajasthan Royals,Rajasthan Royals,field,Royal Challengers Bangalore,Rajasthan Royals,171,173
598037,2013,2013-04-29,Mumbai Indians,Kings XI Punjab,Mumbai Indians,bat,Mumbai Indians,Mumbai Indians,174,170
598038,2013,2013-04-30,Chennai Super Kings,Pune Warriors,Chennai Super Kings,bat,Chennai Super Kings,Chennai Super Kings,164,127
598039,2013,2013-05-01,Mumbai Indians,Sunrisers Hyderabad,Mumbai Indians,bat,Mumbai Indians,Sunrisers Hyderabad,129,130
598040,2013,2013-05-01,Kolkata Knight Riders,Delhi Daredevils,Kolkata Knight Riders,bat,Kolkata Knight Riders,Delhi Daredevils,136,137
598041,2013,2013-05-02,Chennai Super Kings,Kings XI Punjab,Chennai Super Kings,bat,Chennai Super Kings,Chennai Super Kings,186,171
598042,2013,2013-05-02,Royal Challengers Bangalore,Pune Warriors,Royal Challengers Bangalore,bat,Royal Challengers Bangalore,Royal Challengers Bangalore,187,170
598043,2013,2013-05-03,Rajasthan Royals,Kolkata Knight Riders,Rajasthan Royals,bat,Rajasthan Royals,Kolkata Knight Riders,132,133
598044,2013,2013-05-04,Delhi Daredevils,Sunrisers Hyderabad,Delhi Daredevils,bat,Delhi Daredevils,Sunrisers Hyderabad,80,81
598045,2013,2013-05-14,Royal Challengers Bangalore,Kings XI Punjab,Kings XI Punjab,field,Royal Challengers Bangalore,Kings XI Punjab,174,176
598046,2013,2013-05-05,Mumbai Indians,Chennai Super Kings,Mumbai Indians,bat,Mumbai Indians,Mumbai Indians,139,79
598047,2013,2013-05-05,Pune Warriors,Rajasthan Royals,Pune Warriors,bat,Pune Warriors,Rajasthan Royals,178,182
598048,2013,2013-04-09,Sunrisers Hyderabad,Royal Challengers Bangalore,Sunrisers Hyderabad,bat,Sunrisers Hyderabad,Royal Challengers Bangalore,161,162
598049,2013,2013-05-07,Delhi Daredevils,Rajasthan Royals,Delhi Daredevils,bat,Delhi Daredevils,Rajasthan Royals,154,155
598050,2013,2013-05-07,Mumbai Indians,Kolkata Knight Riders,Mumbai Indians,bat,Mumbai Indians,Mumbai Indians,170,105
598051,2013,2013-05-08,Chennai Super Kings,Sunrisers Hyderabad,Sunrisers Hyderabad,field,Chennai Super Kings,Chennai Super Kings,223,146
598052,2013,2013-05-09,Kings XI Punjab,Rajasthan Royals,Rajasthan Royals,field,Kings XI Punjab,Rajasthan Royals,145,147
598053,2013,2013-05-09,Kolkata Knight Riders,Pune Warriors,Kolkata Knight Riders,bat,Kolkata Knight Riders,Kolkata Knight Riders,152,106
598054,2013,2013-05-10,Royal Challengers Bangalore,Delhi Daredevils,Delhi Daredevils,field,Royal Challengers Bangalore,Royal Challengers Bangalore,183,179
598055,2013,2013-05-11,Pune Warriors,Mumbai Indians,Pune Warriors,bat,Pune Warriors,Mumbai Indians,112,116
598056,2013,2013-05-11,Sunrisers Hyderabad,Kings XI Punjab,Kings XI Punjab,field,Sunrisers Hyderabad,Sunrisers Hyderabad,150,120
598057,2013,2013-05-12,Royal Challengers Bangalore,Kolkata Knight Riders,Kolkata Knight Riders,field,Royal Challengers Bangalore,Kolkata Knight Riders,115,116
598058,2013,2013-05-12,Chennai Super Kings,Rajasthan Royals,Rajasthan Royals,field,Chennai Super Kings,Rajasthan Royals,141,144
598059,2013,2013-04-23,Delhi Daredevils,Kings XI Punjab,Kings XI Punjab,field,Delhi Daredevils,Kings XI Punjab,120,121
598060,2013,2013-05-13,Sunrisers Hyderabad,Mumbai Indians,Sunrisers Hyderabad,bat,Sunrisers Hyderabad,Mumbai Indians,178,184
598061,2013,2013-05-15,Pune Warriors,Kolkata Knight Riders,Kolkata Knight Riders,field,Pune Warriors,Pune Warriors,170,163
598062,2013,2013-05-14,Chennai Super Kings,Delhi Daredevils,Chennai Super Kings,bat,Chennai Super Kings,Chennai Super Kings,168,135
598063,2013,2013-05-15,Mumbai Indians,Rajasthan Royals,Rajasthan Royals,field,Mumbai Indians,Mumbai Indians,166,152
598064,2013,2013-05-06,Royal Challengers Bangalore,Kings XI Punjab,Kings XI Punjab,field,Royal Challengers Bangalore,Kings XI Punjab,190,194
598065,2013,2013-05-17,Sunrisers Hyderabad,Rajasthan Royals,Sunrisers Hyderabad,bat,Sunrisers Hyderabad,Sunrisers Hyderabad,136,113
598066,2013,2013-05-18,Kings XI Punjab,Mumbai Indians,Mumbai Indians,field,Kings XI Punjab,Kings XI Punjab,183,133
598067,2013,2013-05-19,Pune Warriors,Delhi Daredevils,Pune Warriors,bat,Pune Warriors,Pune Warriors,172,134
598068,2013,2013-05-18,Royal Challengers Bangalore,Chennai Super Kings,Chennai Super Kings,field,Royal Challengers Bangalore,Royal Challengers Bangalore,106,82
598069,2013,2013-05-19,Kolkata Knight Riders,Sunrisers Hyderabad,Kolkata Knight Riders,bat,Kolkata Knight Riders,Sunrisers Hyderabad,130,132
598070,2013,2013-05-21,Chennai Super Kings,Mumbai Indians,Chennai Super Kings,bat,Chennai Super Kings,Chennai Super Kings,192,144
598071,2013,2013-05-22,Sunrisers Hyderabad,Rajasthan Royals,Sunrisers Hyderabad,bat,Sunrisers Hyderabad,Rajasthan Royals,132,135
598072,2013,2013-05-24,Rajasthan Royals,Mumbai Indians,Rajasthan Royals,bat,Rajasthan Royals,Mumbai Indians,165,169
598073,2013,2013-05-26,Mumbai Indians,Chennai Super Kings,Mumbai Indians,bat,Mumbai Indians,Mumbai Indians,148,125
729279,2014,2014-04-16,Kolkata Knight Riders,Mumbai Indians,Kolkata Knight Riders,bat,Kolkata Knight Riders,Kolkata Knight Riders,163,122
729281,2014,2014-04-17,Delhi Daredevils,Royal Challengers Bangalore,Royal Challengers Bangalore,field,Delhi Daredevils,Royal Challengers Bangalore,145,146
729283,2014,2014-04-18,Chennai Super Kings,Kings XI Punjab,Chennai Super Kings,bat,Chennai Super Kings,Kings XI Punjab,205,206
729285,2014,2014-04-18,Sunrisers Hyderabad,Rajasthan Royals,Rajasthan Royals,field,Sunrisers Hyderabad,Rajasthan Royals,133,135
729287,2014,2014-04-19,Mumbai Indians,Royal Challengers Bangalore,Royal Challengers Bangalore,field,Mumbai Indians,Royal Challengers Bangalore,115,116
729289,2014,2014-04-19,Kolkata Knight Riders,Delhi Daredevils,Kolkata Knight Riders,bat,Kolkata Knight Riders,Delhi Daredevils,166,167
729291,2014,2014-04-20,Rajasthan Royals,Kings XI Punjab,Kings XI Punjab,field,Rajasthan Royals,Kings XI Punjab,191,193
729293,2014,2014-04-21,Chennai Super Kings,Delhi Daredevils,Chennai Super Kings,bat,Chennai Super Kings,Chennai Super Kings,177,84
729295,2014,2014-04-22,Kings XI Punjab,Sunrisers Hyderabad,Sunrisers Hyderabad,field,Kings XI Punjab,Kings XI Punjab,193,121
729297,2014,2014-04-23,Chennai Super Kings,Rajasthan Royals,Rajasthan Royals,field,Chennai Super Kings,Chennai Super Kings,140,133
729299,2014,2014-04-24,Kolkata Knight Riders,Royal Challengers Bangalore,Royal Challengers Bangalore,field,Kolkata Knight Riders,Kolkata Knight Riders,150,148
729301,2014,2014-04-25,Sunrisers Hyderabad,Delhi Daredevils,Sunrisers Hyderabad,bat,Sunrisers Hyderabad,Sunrisers Hyderabad,184,180
729303,2014,2014-04-25,Mumbai Indians,Chennai Super Kings,Mumbai Indians,bat,Mumbai Indians,Chennai Super Kings,141,142
729305,2014,2014-04-26,Royal Challengers Bangalore,Rajasthan Royals,Rajasthan Royals,field,Royal Challengers Bangalore,Rajasthan Royals,70,71
729307,2014,2014-04-26,Kings XI Punjab,Kolkata Knight Riders,Kolkata Knight Riders,field,Kings XI Punjab,Kings XI Punjab,132,109
729309,2014,2014-04-27,Mumbai Indians,Delhi Daredevils,Mumbai Indians,bat,Mumbai Indians,Delhi Daredevils,125,126
729311,2014,2014-04-27,Sunrisers Hyderabad,Chennai Super Kings,Sunrisers Hyderabad,bat,Sunrisers Hyderabad,Chennai Super Kings,145,146
729313,2014,2014-04-28,Royal Challengers Bangalore,Kings XI Punjab,Kings XI Punjab,field,Royal Challengers Bangalore,Kings XI Punjab,124,127
729315,2014,2014-04-29,Rajasthan Royals,Kolkata Knight Riders,Rajasthan Royals,bat,Rajasthan Royals,Unknown,152,152
729317,2014,2014-04-30,Sunrisers Hyderabad,Mumbai Indians,Mumbai Indians,field,Sunrisers Hyderabad,Sunrisers Hyderabad,172,157
733971,2014,2014-05-02,Chennai Super Kings,Kolkata Knight Riders,Chennai Super Kings,bat,Chennai Super Kings,Chennai Super Kings,148,114
733973,2014,2014-05-03,Kings XI Punjab,Mumbai Indians,Kings XI Punjab,bat,Kings XI Punjab,Mumbai Indians,168,170
733975,2014,2014-05-03,Delhi Daredevils,Rajasthan Royals,Rajasthan Royals,field,Delhi Daredevils,Rajasthan Royals,152,156
733977,2014,2014-05-04,Sunrisers Hyderabad,Royal Challengers Bangalore,Royal Challengers Bangalore,field,Sunrisers Hyderabad,Royal Challengers Bangalore,155,158
733979,2014,2014-05-05,Rajasthan Royals,Kolkata Knight Riders,Kolkata Knight Riders,field,Rajasthan Royals,Rajasthan Royals,170,160
733981,2014,2014-05-05,Delhi Daredevils,Chennai Super Kings,Chennai Super Kings,field,Delhi Daredevils,Chennai Super Kings,178,181
733983,2014,2014-05-06,Mumbai Indians,Royal Challengers Bangalore,Royal Challengers Bangalore,field,Mumbai Indians,Mumbai Indians,187,168
733985,2014,2014-05-07,Delhi Daredevils,Kolkata Knight Riders,Delhi Daredevils,bat,Delhi Daredevils,Kolkata Knight Riders,160,161
733987,2014,2014-05-07,Kings XI Punjab,Chennai Super Kings,Chennai Super Kings,field,Kings XI Punjab,Kings XI Punjab,231,187
733989,2014,2014-05-08,Sunrisers Hyderabad,Rajasthan Royals,Rajasthan Royals,field,Sunrisers Hyderabad,Sunrisers Hyderabad,134,102
733991,2014,2014-05-09,Kings XI Punjab,Royal Challengers Bangalore,Royal Challengers Bangalore,field,Kings XI Punjab,Kings XI Punjab,198,166
733993,2014,2014-05-10,Delhi Daredevils,Sunrisers Hyderabad,Sunrisers Hyderabad,field,Delhi Daredevils,Sunrisers Hyderabad,143,44
733995,2014,2014-05-10,Mumbai Indians,Chennai Super Kings,Chennai Super Kings,field,Mumbai Indians,Chennai Super Kings,157,160
733997,2014,2014-05-11,Kings XI Punjab,Kolkata Knight Riders,Kolkata Knight Riders,field,Kings XI Punjab,Kolkata Knight Riders,149,150
733999,2014,2014-05-11,Royal Challengers Bangalore,Rajasthan Royals,Royal Challengers Bangalore,bat,Royal Challengers Bangalore,Rajasthan Royals,190,191
734001,2014,2014-05-12,Sunrisers Hyderabad,Mumbai Indians,Sunrisers Hyderabad,bat,Sunrisers Hyderabad,Mumbai Indians,157,160
734003,2014,2014-05-13,Rajasthan Royals,Chennai Super Kings,Rajasthan Royals,bat,Rajasthan Royals,Chennai Super Kings,148,149
734005,2014,2014-05-13,Royal Challengers Bangalore,Delhi Daredevils,Delhi Daredevils,field,Royal Challengers Bangalore,Royal Challengers Bangalore,186,170
734007,2014,2014-05-14,Sunrisers Hyderabad,Kings XI Punjab,Kings XI Punjab,field,Sunrisers Hyderabad,Kings XI Punjab,205,211
734009,2014,2014-05-14,Mumbai Indians,Kolkata Knight Riders,Kolkata Knight Riders,field,Mumbai Indians,Kolkata Knight Riders,141,142
734011,2014,2014-05-15,Rajasthan Royals,Delhi Daredevils,Delhi Daredevils,field,Rajasthan Royals,Rajasthan Royals,201,139
734013,2014,2014-05-18,Chennai Super Kings,Royal Challengers Bangalore,Chennai Super Kings,bat,Chennai Super Kings,Royal Challengers Bangalore,138,142
734015,2014,2014-05-18,Sunrisers Hyderabad,Kolkata Knight Riders,Sunrisers Hyderabad,bat,Sunrisers Hyderabad,Kolkata Knight Riders,142,146
734017,2014,2014-05-19,Mumbai Indians,Rajasthan Royals,Mumbai Indians,bat,Mumbai Indians,Mumbai Indians,178,153
734019,2014,2014-05-19,Delhi Daredevils,Kings XI Punjab,Kings XI Punjab,field,Delhi Daredevils,Kings XI Punjab,164,165
734021,2014,2014-05-20,Royal Challengers Bangalore,Sunrisers Hyderabad,Royal Challengers Bangalore,bat,Royal Challengers Bangalore,Sunrisers Hyderabad,160,161
734023,2014,2014-05-20,Chennai Super Kings,Kolkata Knight Riders,Kolkata Knight Riders,field,Chennai Super Kings,Kolkata Knight Riders,154,156
734025,2014,2014-05-21,Kings XI Punjab,Mumbai Indians,Mumbai Indians,field,Kings XI Punjab,Mumbai Indians,156,159
734027,2014,2014-05-22,Kolkata Knight Riders,Royal Challengers Bangalore,Royal Challengers Bangalore,field,Kolkata Knight Riders,Kolkata Knight Riders,195,165
734029,2014,2014-05-22,Chennai Super Kings,Sunrisers Hyderabad,Sunrisers Hyderabad,field,Chennai Super Kings,Sunrisers Hyderabad,185,189
734031,2014,2014-05-23,Mumbai Indians,Delhi Daredevils,Delhi Daredevils,field,Mumbai Indians,Mumbai Indians,173,158
734033,2014,2014-05-23,Kings XI Punjab,Rajasthan Royals,Rajasthan Royals,field,Kings XI Punjab,Kings XI Punjab,179,163
734035,2014,2014-05-24,Royal Challengers Bangalore,Chennai Super Kings,Chennai Super Kings,field,Royal Challengers Bangalore,Chennai Super Kings,154,160
734037,2014,2014-05-24,Sunrisers Hyderabad,Kolkata Knight Riders,Kolkata Knight Riders,field,Sunrisers Hyderabad,Kolkata Knight Riders,160,161
734039,2014,2014-05-25,Delhi Daredevils,Kings XI Punjab,Kings XI Punjab,field,Delhi Daredevils,Kings XI Punjab,115,119
734041,2014,2014-05-25,Rajasthan Royals,Mumbai Indians,Mumbai Indians,field,Rajasthan Royals,Mumbai Indians,189,195
734043,2014,2014-05-27,Kolkata Knight Riders,Kings XI Punjab,Kings XI Punjab,field,Kolkata Knight Riders,Kolkata Knight Riders,163,135
734045,2014,2014-05-28,Mumbai Indians,Chennai Super Kings,Chennai Super Kings,field,Mumbai Indians,Chennai Super Kings,173,176
734047,2014,2014-05-30,Kings XI Punjab,Chennai Super Kings,Chennai Super Kings,field,Kings XI Punjab,Kings XI Punjab,226,202
734049,2014,2014-06-01,Kings XI Punjab,Kolkata Knight Riders,Kolkata Knight Riders,field,Kings XI Punjab,Kolkata Knight Riders,199,200
829705,2015,2015-04-08,Mumbai Indians,Kolkata Knight Riders,Kolkata Knight Riders,field,Mumbai Indians,Kolkata Knight Riders,168,170
829707,2015,2015-04-09,Chennai Super Kings,Delhi Daredevils,Delhi Daredevils,field,Chennai Super Kings,Chennai Super Kings,150,149
829709,2015,2015-04-10,Rajasthan Royals,Kings XI Punjab,Kings XI Punjab,field,Rajasthan Royals,Rajasthan Royals,162,136
829711,2015,2015-04-11,Chennai Super Kings,Sunrisers Hyderabad,Chennai Super Kings,bat,Chennai Super Kings,Chennai Super Kings,209,164
829713,2015,2015-04-11,Kolkata Knight Riders,Royal Challengers Bangalore,Royal Challengers Bangalore,field,Kolkata Knight Riders,Royal Challengers Bangalore,177,179
829715,2015,2015-04-12,Delhi Daredevils,Rajasthan Royals,Rajasthan Royals,field,Delhi Daredevils,Rajasthan Royals,184,186
829717,2015,2015-04-12,Kings XI Punjab,Mumbai Indians,Mumbai Indians,field,Kings XI Punjab,Kings XI Punjab,177,159
829719,2015,2015-04-13,Royal Challengers Bangalore,Sunrisers Hyderabad,Sunrisers Hyderabad,field,Royal Challengers Bangalore,Sunrisers Hyderabad,166,172
829721,2015,2015-04-14,Mumbai Indians,Rajasthan Royals,Mumbai Indians,bat,Mumbai Indians,Rajasthan Royals,164,165
829723,2015,2015-04-30,Chennai Super Kings,Kolkata Knight Riders,Kolkata Knight Riders,field,Chennai Super Kings,Kolkata Knight Riders,165,169
829725,2015,2015-04-15,Kings XI Punjab,Delhi Daredevils,Kings XI Punjab,bat,Kings XI Punjab,Delhi Daredevils,165,169
829727,2015,2015-04-16,Sunrisers Hyderabad,Rajasthan Royals,Rajasthan Royals,field,Sunrisers Hyderabad,Rajasthan Royals,127,131
829729,2015,2015-04-17,Mumbai Indians,Chennai Super Kings,Mumbai Indians,bat,Mumbai Indians,Chennai Super Kings,183,189
829731,2015,2015-04-18,Delhi Daredevils,Sunrisers Hyderabad,Delhi Daredevils,bat,Delhi Daredevils,Delhi Daredevils,167,163
829733,2015,2015-04-18,Kings XI Punjab,Kolkata Knight Riders,Kolkata Knight Riders,field,Kings XI Punjab,Kolkata Knight Riders,155,159
829735,2015,2015-04-19,Chennai Super Kings,Rajasthan Royals,Chennai Super Kings,bat,Chennai Super Kings,Rajasthan Royals,156,157
829737,2015,2015-04-19,Mumbai Indians,Royal Challengers Bangalore,Royal Challengers Bangalore,field,Mumbai Indians,Mumbai Indians,209,191
829739,2015,2015-04-20,Delhi Daredevils,Kolkata Knight Riders,Kolkata Knight Riders,field,Delhi Daredevils,Kolkata Knight Riders,146,147
829741,2015,2015-04-21,Rajasthan Royals,Kings XI Punjab,Kings XI Punjab,field,Rajasthan Royals,Unknown,191,191
829743,2015,2015-04-22,Sunrisers Hyderabad,Kolkata Knight Riders,Kolkata Knight Riders,field,Sunrisers Hyderabad,Sunrisers Hyderabad,176,101
829745,2015,2015-04-22,Chennai Super Kings,Royal Challengers Bangalore,Royal Challengers Bangalore,field,Chennai Super Kings,Chennai Super Kings,181,154
829747,2015,2015-04-23,Delhi Daredevils,Mumbai Indians,Mumbai Indians,field,Delhi Daredevils,Delhi Daredevils,190,153
829749,2015,2015-04-24,Rajasthan Royals,Royal Challengers Bangalore,Royal Challengers Bangalore,field,Rajasthan Royals,Royal Challengers Bangalore,130,134
829751,2015,2015-04-25,Mumbai Indians,Sunrisers Hyderabad,Mumbai Indians,bat,Mumbai Indians,Mumbai Indians,157,137
829753,2015,2015-04-25,Chennai Super Kings,Kings XI Punjab,Chennai Super Kings,bat,Chennai Super Kings,Chennai Super Kings,192,95
829757,2015,2015-04-26,Delhi Daredevils,Royal Challengers Bangalore,Royal Challengers Bangalore,field,Delhi Daredevils,Royal Challengers Bangalore,95,99
829759,2015,2015-04-27,Sunrisers Hyderabad,Kings XI Punjab,Kings XI Punjab,field,Sunrisers Hyderabad,Sunrisers Hyderabad,150,130
829761,2015,2015-05-07,Kolkata Knight Riders,Delhi Daredevils,Kolkata Knight Riders,bat,Kolkata Knight Riders,Kolkata Knight Riders,171,158
829763,2015,2015-04-29,Royal Challengers Bangalore,Rajasthan Royals,Rajasthan Royals,field,Royal Challengers Bangalore,Unknown,200,0
829765,2015,2015-04-28,Chennai Super Kings,Kolkata Knight Riders,Kolkata Knight Riders,field,Chennai Super Kings,Chennai Super Kings,134,132
829767,2015,2015-05-01,Kings XI Punjab,Delhi Daredevils,Delhi Daredevils,field,Kings XI Punjab,Delhi Daredevils,118,119
829769,2015,2015-05-01,Mumbai Indians,Rajasthan Royals,Rajasthan Royals,field,Mumbai Indians,Mumbai Indians,187,179
829771,2015,2015-05-02,Kolkata Knight Riders,Royal Challengers Bangalore,Royal Challengers Bangalore,field,Kolkata Knight Riders,Royal Challengers Bangalore,111,115
829773,2015,2015-05-02,Sunrisers Hyderabad,Chennai Super Kings,Chennai Super Kings,field,Sunrisers Hyderabad,Sunrisers Hyderabad,192,170
829775,2015,2015-05-03,Mumbai Indians,Kings XI Punjab,Mumbai Indians,bat,Mumbai Indians,Mumbai Indians,172,149
829777,2015,2015-05-03,Rajasthan Royals,Delhi Daredevils,Delhi Daredevils,field,Rajasthan Royals,Rajasthan Royals,189,175
829779,2015,2015-05-04,Chennai Super Kings,Royal Challengers Bangalore,Chennai Super Kings,bat,Chennai Super Kings,Chennai Super Kings,148,124
829781,2015,2015-05-04,Kolkata Knight Riders,Sunrisers Hyderabad,Sunrisers Hyderabad,field,Kolkata Knight Riders,Kolkata Knight Riders,167,132
829783,2015,2015-05-05,Delhi Daredevils,Mumbai Indians,Delhi Daredevils,bat,Delhi Daredevils,Mumbai Indians,152,153
829785,2015,2015-05-06,Royal Challengers Bangalore,Kings XI Punjab,Kings XI Punjab,field,Royal Challengers Bangalore,Royal Challengers Bangalore,226,88
829787,2015,2015-05-07,Sunrisers Hyderabad,Rajasthan Royals,Rajasthan Royals,field,Sunrisers Hyderabad,Sunrisers Hyderabad,201,194
829789,2015,2015-05-08,Chennai Super Kings,Mumbai Indians,Chennai Super Kings,bat,Chennai Super Kings,Mumbai Indians,158,159
829791,2015,2015-05-09,Kings XI Punjab,Kolkata Knight Riders,Kings XI Punjab,bat,Kings XI Punjab,Kolkata Knight Riders,183,184
829793,2015,2015-05-09,Sunrisers Hyderabad,Delhi Daredevils,Sunrisers Hyderabad,bat,Sunrisers Hyderabad,Sunrisers Hyderabad,163,157
829795,2015,2015-05-10,Royal Challengers Bangalore,Mumbai Indians,Royal Challengers Bangalore,bat,Royal Challengers Bangalore,Royal Challengers Bangalore,235,196
829797,2015,2015-05-10,Chennai Super Kings,Rajasthan Royals,Chennai Super Kings,bat,Chennai Super Kings,Chennai Super Kings,157,145
829799,2015,2015-05-11,Sunrisers Hyderabad,Kings XI Punjab,Sunrisers Hyderabad,bat,Sunrisers Hyderabad,Sunrisers Hyderabad,185,180
829801,2015,2015-05-12,Chennai Super Kings,Delhi Daredevils,Chennai Super Kings,bat,Chennai Super Kings,Delhi Daredevils,119,120
829803,2015,2015-05-13,Kings XI Punjab,Royal Challengers Bangalore,Royal Challengers Bangalore,field,Kings XI Punjab,Kings XI Punjab,106,84
829805,2015,2015-05-14,Mumbai Indians,Kolkata Knight Riders,Kolkata Knight Riders,field,Mumbai Indians,Mumbai Indians,171,166
829807,2015,2015-05-15,Sunrisers Hyderabad,Royal Challengers Bangalore,Sunrisers Hyderabad,bat,Sunrisers Hyderabad,Royal Challengers Bangalore,135,83
829809,2015,2015-05-16,Kings XI Punjab,Chennai Super Kings,Kings XI Punjab,bat,Kings XI Punjab,Chennai Super Kings,130,134
829811,2015,2015-05-16,Rajasthan Royals,Kolkata Knight Riders,Rajasthan Royals,bat,Rajasthan Royals,Rajasthan Royals,199,190
829813,2015,2015-05-17,Delhi Daredevils,Royal Challengers Bangalore,Royal Challengers Bangalore,field,Delhi Daredevils,Unknown,187,2
829815,2015,2015-05-17,Sunrisers Hyderabad,Mumbai Indians,Sunrisers Hyderabad,bat,Sunrisers Hyderabad,Mumbai Indians,113,114
829817,2015,2015-05-19,Mumbai Indians,Chennai Super Kings,Mumbai Indians,bat,Mumbai Indians,Mumbai Indians,187,162
829819,2015,2015-05-20,Royal Challengers Bangalore,Rajasthan Royals,Royal Challengers Bangalore,bat,Royal Challengers Bangalore,Royal Challengers Bangalore,180,109
829821,2015,2015-05-22,Royal Challengers Bangalore,Chennai Super Kings,Chennai Super Kings,field,Royal Challengers Bangalore,Chennai Super Kings,139,140
829823,2015,2015-05-24,Mumbai Indians,Chennai Super Kings,Chennai Super Kings,field,Mumbai Indians,Mumbai Indians,202,161
980901,2016,2016-04-09,Mumbai Indians,Rising Pune Supergiants,Mumbai Indians,bat,Mumbai Indians,Rising Pune Supergiants,121,126
980903,2016,2016-04-10,Delhi Daredevils,Kolkata Knight Riders,Kolkata Knight Riders,field,Delhi Daredevils,Kolkata Knight Riders,98,99
980905,2016,2016-04-11,Kings XI Punjab,Gujarat Lions,Gujarat Lions,field,Kings XI Punjab,Gujarat Lions,161,162
980907,2016,2016-04-12,Royal Challengers Bangalore,Sunrisers Hyderabad,Sunrisers Hyderabad,field,Royal Challengers Bangalore,Royal Challengers Bangalore,227,182
980909,2016,2016-04-13,Kolkata Knight Riders,Mumbai Indians,Mumbai Indians,field,Kolkata Knight Riders,Mumbai Indians,187,188
980911,2016,2016-04-14,Rising Pune Supergiants,Gujarat Lions,Rising Pune Supergiants,bat,Rising Pune Supergiants,Gujarat Lions,163,164
980913,2016,2016-04-15,Kings XI Punjab,Delhi Daredevils,Delhi Daredevils,field,Kings XI Punjab,Delhi Daredevils,111,113
980915,2016,2016-04-16,Sunrisers Hyderabad,Kolkata Knight Riders,Sunrisers Hyderabad,bat,Sunrisers Hyderabad,Kolkata Knight Riders,142,146
980917,2016,2016-04-16,Mumbai Indians,Gujarat Lions,Gujarat Lions,field,Mumbai Indians,Gujarat Lions,143,147
980919,2016,2016-04-17,Rising Pune Supergiants,Kings XI Punjab,Rising Pune Supergiants,bat,Rising Pune Supergiants,Kings XI Punjab,152,153
980921,2016,2016-04-17,Royal Challengers Bangalore,Delhi Daredevils,Delhi Daredevils,field,Royal Challengers Bangalore,Delhi Daredevils,191,192
980923,2016,2016-04-18,Mumbai Indians,Sunrisers Hyderabad,Sunrisers Hyderabad,field,Mumbai Indians,Sunrisers Hyderabad,142,145
980925,2016,2016-04-19,Kings XI Punjab,Kolkata Knight Riders,Kolkata Knight Riders,field,Kings XI Punjab,Kolkata Knight Riders,138,141
980927,2016,2016-04-20,Royal Challengers Bangalore,Mumbai Indians,Mumbai Indians,field,Royal Challengers Bangalore,Mumbai Indians,170,171
980929,2016,2016-04-21,Gujarat Lions,Sunrisers Hyderabad,Sunrisers Hyderabad,field,Gujarat Lions,Sunrisers Hyderabad,135,137
980931,2016,2016-04-22,Royal Challengers Bangalore,Rising Pune Supergiants,Rising Pune Supergiants,field,Royal Challengers Bangalore,Royal Challengers Bangalore,185,172
980933,2016,2016-04-23,Delhi Daredevils,Mumbai Indians,Mumbai Indians,field,Delhi Daredevils,Delhi Daredevils,164,154
980935,2016,2016-04-23,Kings XI Punjab,Sunrisers Hyderabad,Sunrisers Hyderabad,field,Kings XI Punjab,Sunrisers Hyderabad,143,146
980937,2016,2016-04-24,Royal Challengers Bangalore,Gujarat Lions,Royal Challengers Bangalore,bat,Royal Challengers Bangalore,Gujarat Lions,180,182
980939,2016,2016-04-24,Rising Pune Supergiants,Kolkata Knight Riders,Kolkata Knight Riders,field,Rising Pune Supergiants,Kolkata Knight Riders,160,162
980941,2016,2016-04-25,Mumbai Indians,Kings XI Punjab,Kings XI Punjab,field,Mumbai Indians,Mumbai Indians,189,164
980943,2016,2016-04-26,Sunrisers Hyderabad,Rising Pune Supergiants,Rising Pune Supergiants,field,Sunrisers Hyderabad,Rising Pune Supergiants,118,94
980945,2016,2016-04-27,Gujarat Lions,Delhi Daredevils,Delhi Daredevils,field,Gujarat Lions,Gujarat Lions,172,171
980947,2016,2016-04-28,Kolkata Knight Riders,Mumbai Indians,Mumbai Indians,field,Kolkata Knight Riders,Mumbai Indians,174,178
980949,2016,2016-04-29,Rising Pune Supergiants,Gujarat Lions,Gujarat Lions,field,Rising Pune Supergiants,Gujarat Lions,195,196
980951,2016,2016-04-30,Delhi Daredevils,Kolkata Knight Riders,Kolkata Knight Riders,field,Delhi Daredevils,Delhi Daredevils,186,159
980953,2016,2016-04-30,Sunrisers Hyderabad,Royal Challengers Bangalore,Royal Challengers Bangalore,field,Sunrisers Hyderabad,Sunrisers Hyderabad,194,179
980955,2016,2016-05-01,Kings XI Punjab,Gujarat Lions,Gujarat Lions,field,Kings XI Punjab,Kings XI Punjab,154,131
980957,2016,2016-05-01,Rising Pune Supergiants,Mumbai Indians,Mumbai Indians,field,Rising Pune Supergiants,Mumbai Indians,159,161
980959,2016,2016-05-02,Royal Challengers Bangalore,Kolkata Knight Riders,Kolkata Knight Riders,field,Royal Challengers Bangalore,Kolkata Knight Riders,185,189
980961,2016,2016-05-03,Gujarat Lions,Delhi Daredevils,Delhi Daredevils,field,Gujarat Lions,Delhi Daredevils,149,150
980963,2016,2016-05-04,Kolkata Knight Riders,Kings XI Punjab,Kings XI Punjab,field,Kolkata Knight Riders,Kolkata Knight Riders,164,157
980965,2016,2016-05-05,Delhi Daredevils,Rising Pune Supergiants,Rising Pune Supergiants,field,Delhi Daredevils,Rising Pune Supergiants,162,166
980967,2016,2016-05-06,Gujarat Lions,Sunrisers Hyderabad,Sunrisers Hyderabad,field,Gujarat Lions,Sunrisers Hyderabad,126,129
980969,2016,2016-05-07,Rising Pune Supergiants,Royal Challengers Bangalore,Royal Challengers Bangalore,field,Rising Pune Supergiants,Royal Challengers Bangalore,191,195
980971,2016,2016-05-07,Kings XI Punjab,Delhi Daredevils,Delhi Daredevils,field,Kings XI Punjab,Kings XI Punjab,181,172
980973,2016,2016-05-08,Sunrisers Hyderabad,Mumbai Indians,Mumbai Indians,field,Sunrisers Hyderabad,Sunrisers Hyderabad,177,92
980975,2016,2016-05-08,Kolkata Knight Riders,Gujarat Lions,Gujarat Lions,field,Kolkata Knight Riders,Gujarat Lions,158,164
980977,2016,2016-05-09,Royal Challengers Bangalore,Kings XI Punjab,Kings XI Punjab,field,Royal Challengers Bangalore,Royal Challengers Bangalore,175,174
980979,2016,2016-05-10,Sunrisers Hyderabad,Rising Pune Supergiants,Sunrisers Hyderabad,bat,Sunrisers Hyderabad,Sunrisers Hyderabad,137,133
980981,2016,2016-05-11,Royal Challengers Bangalore,Mumbai Indians,Mumbai Indians,field,Royal Challengers Bangalore,Mumbai Indians,151,153
980983,2016,2016-05-12,Sunrisers Hyderabad,Delhi Daredevils,Delhi Daredevils,field,Sunrisers Hyderabad,Delhi Daredevils,146,150
980985,2016,2016-05-13,Mumbai Indians,Kings XI Punjab,Mumbai Indians,bat,Mumbai Indians,Kings XI Punjab,124,127
980987,2016,2016-05-14,Royal Challengers Bangalore,Gujarat Lions,Gujarat Lions,field,Royal Challengers Bangalore,Royal Challengers Bangalore,248,104
980989,2016,2016-05-14,Rising Pune Supergiants,Kolkata Knight Riders,Rising Pune Supergiants,bat,Rising Pune Supergiants,Kolkata Knight Riders,103,66
980991,2016,2016-05-15,Kings XI Punjab,Sunrisers Hyderabad,Kings XI Punjab,bat,Kings XI Punjab,Sunrisers Hyderabad,179,180
980993,2016,2016-05-15,Mumbai Indians,Delhi Daredevils,Delhi Daredevils,field,Mumbai Indians,Mumbai Indians,206,126
980995,2016,2016-05-16,Kolkata Knight Riders,Royal Challengers Bangalore,Royal Challengers Bangalore,field,Kolkata Knight Riders,Royal Challengers Bangalore,183,186
980997,2016,2016-05-17,Delhi Daredevils,Rising Pune Supergiants,Rising Pune Supergiants,field,Delhi Daredevils,Rising Pune Supergiants,121,76
980999,2016,2016-05-18,Royal Challengers Bangalore,Kings XI Punjab,Kings XI Punjab,field,Royal Challengers Bangalore,Royal Challengers Bangalore,211,120
981001,2016,2016-05-19,Kolkata Knight Riders,Gujarat Lions,Gujarat Lions,field,Kolkata Knight Riders,Gujarat Lions,124,125
981003,2016,2016-05-20,Sunrisers Hyderabad,Delhi Daredevils,Delhi Daredevils,field,Sunrisers Hyderabad,Delhi Daredevils,158,161
981005,2016,2016-05-21,Kings XI Punjab,Rising Pune Supergiants,Kings XI Punjab,bat,Kings XI Punjab,Rising Pune Supergiants,172,173
981007,2016,2016-05-21,Mumbai Indians,Gujarat Lions,Gujarat Lions,field,Mumbai Indians,Gujarat Lions,172,173
981009,2016,2016-05-22,Kolkata Knight Riders,Sunrisers Hyderabad,Sunrisers Hyderabad,field,Kolkata Knight Riders,Kolkata Knight Riders,171,149
981011,2016,2016-05-22,Delhi Daredevils,Royal Challengers Bangalore,Royal Challengers Bangalore,field,Delhi Daredevils,Royal Challengers Bangalore,138,139
981013,2016,2016-05-24,Gujarat Lions,Royal Challengers Bangalore,Royal Challengers Bangalore,field,Gujarat Lions,Royal Challengers Bangalore,158,159
981015,2016,2016-05-25,Sunrisers Hyderabad,Kolkata Knight Riders,Kolkata Knight Riders,field,Sunrisers Hyderabad,Sunrisers Hyderabad,162,140
981017,2016,2016-05-27,Gujarat Lions,Sunrisers Hyderabad,Sunrisers Hyderabad,field,Gujarat Lions,Sunrisers Hyderabad,162,163
981019,2016,2016-05-29,Sunrisers Hyderabad,Royal Challengers Bangalore,Sunrisers Hyderabad,bat,Sunrisers Hyderabad,Sunrisers Hyderabad,208,200
1082591,2017,2017-04-05,Sunrisers Hyderabad,Royal Challengers Bangalore,Royal Challengers Bangalore,field,Sunrisers Hyderabad,Sunrisers Hyderabad,207,172
1082592,2017,2017-04-06,Mumbai Indians,Rising Pune Supergiant,Rising Pune Supergiant,field,Mumbai Indians,Rising Pune Supergiant,184,187
1082593,2017,2017-04-07,Gujarat Lions,Kolkata Knight Riders,Kolkata Knight Riders,field,Gujarat Lions,Kolkata Knight Riders,183,184
1082594,2017,2017-04-08,Rising Pune Supergiant,Kings XI Punjab,Kings XI Punjab,field,Rising Pune Supergiant,Kings XI Punjab,163,164
1082595,2017,2017-04-08,Royal Challengers Bangalore,Delhi Daredevils,Royal Challengers Bangalore,bat,Royal Challengers Bangalore,Royal Challengers Bangalore,157,142
1082596,2017,2017-04-09,Gujarat Lions,Sunrisers Hyderabad,Sunrisers Hyderabad,field,Gujarat Lions,Sunrisers Hyderabad,135,140
1082597,2017,2017-04-09,Kolkata Knight Riders,Mumbai Indians,Mumbai Indians,field,Kolkata Knight Riders,Mumbai Indians,178,180
1082598,2017,2017-04-10,Royal Challengers Bangalore,Kings XI Punjab,Royal Challengers Bangalore,bat,Royal Challengers Bangalore,Kings XI Punjab,148,150
1082599,2017,2017-04-11,Delhi Daredevils,Rising Pune Supergiant,Rising Pune Supergiant,field,Delhi Daredevils,Delhi Daredevils,205,108
1082600,2017,2017-04-12,Sunrisers Hyderabad,Mumbai Indians,Mumbai Indians,field,Sunrisers Hyderabad,Mumbai Indians,158,159
1082601,2017,2017-04-13,Kings XI Punjab,Kolkata Knight Riders,Kolkata Knight Riders,field,Kings XI Punjab,Kolkata Knight Riders,170,171
1082602,2017,2017-04-14,Royal Challengers Bangalore,Mumbai Indians,Mumbai Indians,field,Royal Challengers Bangalore,Mumbai Indians,142,145
1082603,2017,2017-04-14,Rising Pune Supergiant,Gujarat Lions,Gujarat Lions,field,Rising Pune Supergiant,Gujarat Lions,171,172
1082604,2017,2017-04-15,Kolkata Knight Riders,Sunrisers Hyderabad,Sunrisers Hyderabad,field,Kolkata Knight Riders,Kolkata Knight Riders,172,155
1082605,2017,2017-04-15,Delhi Daredevils,Kings XI Punjab,Delhi Daredevils,bat,Delhi Daredevils,Delhi Daredevils,188,137
1082606,2017,2017-04-16,Gujarat Lions,Mumbai Indians,Mumbai Indians,field,Gujarat Lions,Mumbai Indians,176,177
1082607,2017,2017-04-16,Rising Pune Supergiant,Royal Challengers Bangalore,Royal Challengers Bangalore,field,Rising Pune Supergiant,Rising Pune Supergiant,161,134
1082608,2017,2017-04-17,Delhi Daredevils,Kolkata Knight Riders,Delhi Daredevils,bat,Delhi Daredevils,Kolkata Knight Riders,168,169
1082609,2017,2017-04-17,Sunrisers Hyderabad,Kings XI Punjab,Kings XI Punjab,field,Sunrisers Hyderabad,Sunrisers Hyderabad,159,154
1082610,2017,2017-04-18,Royal Challengers Bangalore,Gujarat Lions,Gujarat Lions,field,Royal Challengers Bangalore,Royal Challengers Bangalore,213,192
1082611,2017,2017-04-19,Sunrisers Hyderabad,Delhi Daredevils,Sunrisers Hyderabad,bat,Sunrisers Hyderabad,Sunrisers Hyderabad,191,176
1082612,2017,2017-04-20,Kings XI Punjab,Mumbai Indians,Mumbai Indians,field,Kings XI Punjab,Mumbai Indians,198,199
1082613,2017,2017-04-21,Kolkata Knight Riders,Gujarat Lions,Gujarat Lions,field,Kolkata Knight Riders,Gujarat Lions,187,188
1082614,2017,2017-04-22,Mumbai Indians,Delhi Daredevils,Delhi Daredevils,field,Mumbai Indians,Mumbai Indians,142,128
1082615,2017,2017-04-22,Sunrisers Hyderabad,Rising Pune Supergiant,Rising Pune Supergiant,field,Sunrisers Hyderabad,Rising Pune Supergiant,176,179
1082616,2017,2017-04-23,Kings XI Punjab,Gujarat Lions,Gujarat Lions,field,Kings XI Punjab,Kings XI Punjab,188,162
1082617,2017,2017-04-23,Kolkata Knight Riders,Royal Challengers Bangalore,Royal Challengers Bangalore,field,Kolkata Knight Riders,Kolkata Knight Riders,131,49
1082618,2017,2017-04-24,Rising Pune Supergiant,Mumbai Indians,Mumbai Indians,field,Rising Pune Supergiant,Rising Pune Supergiant,160,157
1082620,2017,2017-04-26,Rising Pune Supergiant,Kolkata Knight Riders,Kolkata Knight Riders,field,Rising Pune Supergiant,Kolkata Knight Riders,182,184
1082621,2017,2017-04-27,Royal Challengers Bangalore,Gujarat Lions,Gujarat Lions,field,Royal Challengers Bangalore,Gujarat Lions,134,135
1082622,2017,2017-04-28,Delhi Daredevils,Kolkata Knight Riders,Kolkata Knight Riders,field,Delhi Daredevils,Kolkata Knight Riders,160,161
1082623,2017,2017-04-28,Sunrisers Hyderabad,Kings XI Punjab,Kings XI Punjab,field,Sunrisers Hyderabad,Sunrisers Hyderabad,207,181
1082624,2017,2017-04-29,Rising Pune Supergiant,Royal Challengers Bangalore,Royal Challengers Bangalore,field,Rising Pune Supergiant,Rising Pune Supergiant,157,96
1082625,2017,2017-04-29,Gujarat Lions,Mumbai Indians,Gujarat Lions,bat,Gujarat Lions,Unknown,153,153
1082626,2017,2017-04-30,Delhi Daredevils,Kings XI Punjab,Kings XI Punjab,field,Delhi Daredevils,Kings XI Punjab,67,68
1082627,2017,2017-04-30,Sunrisers Hyderabad,Kolkata Knight Riders,Kolkata Knight Riders,field,Sunrisers Hyderabad,Sunrisers Hyderabad,209,161
1082628,2017,2017-05-01,Royal Challengers Bangalore,Mumbai Indians,Royal Challengers Bangalore,bat,Royal Challengers Bangalore,Mumbai Indians,162,165
1082629,2017,2017-05-01,Gujarat Lions,Rising Pune Supergiant,Rising Pune Supergiant,field,Gujarat Lions,Rising Pune Supergiant,161,167
1082630,2017,2017-05-02,Sunrisers Hyderabad,Delhi Daredevils,Delhi Daredevils,field,Sunrisers Hyderabad,Delhi Daredevils,185,189
1082631,2017,2017-05-03,Kolkata Knight Riders,Rising Pune Supergiant,Rising Pune Supergiant,field,Kolkata Knight Riders,Rising Pune Supergiant,155,158
1082632,2017,2017-05-04,Gujarat Lions,Delhi Daredevils,Delhi Daredevils,field,Gujarat Lions,Delhi Daredevils,208,214
1082633,2017,2017-05-05,Kings XI Punjab,Royal Challengers Bangalore,Royal Challengers Bangalore,field,Kings XI Punjab,Kings XI Punjab,138,119
1082634,2017,2017-05-06,Rising Pune Supergiant,Sunrisers Hyderabad,Sunrisers Hyderabad,field,Rising Pune Supergiant,Rising Pune Supergiant,148,136
1082635,2017,2017-05-06,Mumbai Indians,Delhi Daredevils,Delhi Daredevils,field,Mumbai Indians,Mumbai Indians,212,66
1082636,2017,2017-05-07,Royal Challengers Bangalore,Kolkata Knight Riders,Kolkata Knight Riders,field,Royal Challengers Bangalore,Kolkata Knight Riders,158,159
1082637,2017,2017-05-07,Kings XI Punjab,Gujarat Lions,Gujarat Lions,field,Kings XI Punjab,Gujarat Lions,189,192
1082638,2017,2017-05-08,Mumbai Indians,Sunrisers Hyderabad,Mumbai Indians,bat,Mumbai Indians,Sunrisers Hyderabad,138,140
1082639,2017,2017-05-09,Kings XI Punjab,Kolkata Knight Riders,Kolkata Knight Riders,field,Kings XI Punjab,Kings XI Punjab,167,153
1082640,2017,2017-05-10,Gujarat Lions,Delhi Daredevils,Delhi Daredevils,field,Gujarat Lions,Delhi Daredevils,195,197
1082641,2017,2017-05-11,Kings XI Punjab,Mumbai Indians,Mumbai Indians,field,Kings XI Punjab,Kings XI Punjab,230,223
1082642,2017,2017-05-12,Delhi Daredevils,Rising Pune Supergiant,Delhi Daredevils,bat,Delhi Daredevils,Delhi Daredevils,168,161
1082643,2017,2017-05-13,Gujarat Lions,Sunrisers Hyderabad,Sunrisers Hyderabad,field,Gujarat Lions,Sunrisers Hyderabad,154,158
1082644,2017,2017-05-13,Mumbai Indians,Kolkata Knight Riders,Kolkata Knight Riders,field,Mumbai Indians,Mumbai Indians,173,164
1082645,2017,2017-05-14,Kings XI Punjab,Rising Pune Supergiant,Rising Pune Supergiant,field,Kings XI Punjab,Rising Pune Supergiant,73,78
1082646,2017,2017-05-14,Royal Challengers Bangalore,Delhi Daredevils,Royal Challengers Bangalore,bat,Royal Challengers Bangalore,Royal Challengers Bangalore,161,151
1082647,2017,2017-05-16,Rising Pune Supergiant,Mumbai Indians,Mumbai Indians,field,Rising Pune Supergiant,Rising Pune Supergiant,162,142
1082648,2017,2017-05-17,Sunrisers Hyderabad,Kolkata Knight Riders,Kolkata Knight Riders,field,Sunrisers Hyderabad,Kolkata Knight Riders,128,48
1082649,2017,2017-05-19,Kolkata Knight Riders,Mumbai Indians,Mumbai Indians,field,Kolkata Knight Riders,Mumbai Indians,107,111
1082650,2017,2017-05-21,Mumbai Indians,Rising Pune Supergiant,Mumbai Indians,bat,Mumbai Indians,Mumbai Indians,129,128
1136561,2018,2018-04-07,Mumbai Indians,Chennai Super Kings,Chennai Super Kings,field,Mumbai Indians,Chennai Super Kings,165,169
1136562,2018,2018-04-08,Delhi Daredevils,Kings XI Punjab,Kings XI Punjab,field,Delhi Daredevils,Kings XI Punjab,166,167
1136563,2018,2018-04-08,Royal Challengers Bangalore,Kolkata Knight Riders,Kolkata Knight Riders,field,Royal Challengers Bangalore,Kolkata Knight Riders,176,177
1136564,2018,2018-04-09,Rajasthan Royals,Sunrisers Hyderabad,Sunrisers Hyderabad,field,Rajasthan Royals,Sunrisers Hyderabad,125,127
1136565,2018,2018-04-10,Kolkata Knight Riders,Chennai Super Kings,Chennai Super Kings,field,Kolkata Knight Riders,Chennai Super Kings,202,205
1136566,2018,2018-04-11,Rajasthan Royals,Delhi Daredevils,Delhi Daredevils,field,Rajasthan Royals,Rajasthan Royals,153,60
1136567,2018,2018-04-12,Mumbai Indians,Sunrisers Hyderabad,Sunrisers Hyderabad,field,Mumbai Indians,Sunrisers Hyderabad,147,151
1136568,2018,2018-04-13,Kings XI Punjab,Royal Challengers Bangalore,Royal Challengers Bangalore,field,Kings XI Punjab,Royal Challengers Bangalore,155,159
1136569,2018,2018-04-14,Mumbai Indians,Delhi Daredevils,Delhi Daredevils,field,Mumbai Indians,Delhi Daredevils,194,195
1136570,2018,2018-04-14,Kolkata Knight Riders,Sunrisers Hyderabad,Sunrisers Hyderabad,field,Kolkata Knight Riders,Sunrisers Hyderabad,138,139
1136571,2018,2018-04-15,Rajasthan Royals,Royal Challengers Bangalore,Royal Challengers Bangalore,field,Rajasthan Royals,Rajasthan Royals,217,198
1136572,2018,2018-04-15,Kings XI Punjab,Chennai Super Kings,Chennai Super Kings,field,Kings XI Punjab,Kings XI Punjab,197,193
1136573,2018,2018-04-16,Kolkata Knight Riders,Delhi Daredevils,Delhi Daredevils,field,Kolkata Knight Riders,Kolkata Knight Riders,200,129
1136574,2018,2018-04-17,Mumbai Indians,Royal Challengers Bangalore,Royal Challengers Bangalore,field,Mumbai Indians,Mumbai Indians,213,167
1136575,2018,2018-04-18,Rajasthan Royals,Kolkata Knight Riders,Kolkata Knight Riders,field,Rajasthan Royals,Kolkata Knight Riders,160,163
1136576,2018,2018-04-19,Kings XI Punjab,Sunrisers Hyderabad,Kings XI Punjab,bat,Kings XI Punjab,Kings XI Punjab,193,178
1136577,2018,2018-04-20,Chennai Super Kings,Rajasthan Royals,Rajasthan Royals,field,Chennai Super Kings,Chennai Super Kings,204,140
1136578,2018,2018-04-21,Kolkata Knight Riders,Kings XI Punjab,Kings XI Punjab,field,Kolkata Knight Riders,Kings XI Punjab,191,126
1136579,2018,2018-04-21,Delhi Daredevils,Royal Challengers Bangalore,Royal Challengers Bangalore,field,Delhi Daredevils,Royal Challengers Bangalore,174,176
1136580,2018,2018-04-22,Chennai Super Kings,Sunrisers Hyderabad,Sunrisers Hyderabad,field,Chennai Super Kings,Chennai Super Kings,182,178
1136581,2018,2018-04-22,Mumbai Indians,Rajasthan Royals,Mumbai Indians,bat,Mumbai Indians,Rajasthan Royals,167,168
1136582,2018,2018-04-23,Kings XI Punjab,Delhi Daredevils,Delhi Daredevils,field,Kings XI Punjab,Kings XI Punjab,143,139
1136583,2018,2018-04-24,Sunrisers Hyderabad,Mumbai Indians,Mumbai Indians,field,Sunrisers Hyderabad,Sunrisers Hyderabad,118,87
1136584,2018,2018-04-25,Royal Challengers Bangalore,Chennai Super Kings,Chennai Super Kings,field,Royal Challengers Bangalore,Chennai Super Kings,205,207
1136585,2018,2018-04-26,Sunrisers Hyderabad,Kings XI Punjab,Kings XI Punjab,field,Sunrisers Hyderabad,Sunrisers Hyderabad,132,119
1136586,2018,2018-04-27,Delhi Daredevils,Kolkata Knight Riders,Kolkata Knight Riders,field,Delhi Daredevils,Delhi Daredevils,219,164
1136587,2018,2018-04-28,Chennai Super Kings,Mumbai Indians,Mumbai Indians,field,Chennai Super Kings,Mumbai Indians,169,170
1136588,2018,2018-04-29,Sunrisers Hyderabad,Rajasthan Royals,Sunrisers Hyderabad,bat,Sunrisers Hyderabad,Sunrisers Hyderabad,151,140
1136589,2018,2018-04-29,Royal Challengers Bangalore,Kolkata Knight Riders,Kolkata Knight Riders,field,Royal Challengers Bangalore,Kolkata Knight Riders,175,176
1136590,2018,2018-04-30,Chennai Super Kings,Delhi Daredevils,Delhi Daredevils,field,Chennai Super Kings,Chennai Super Kings,211,198
1136591,2018,2018-05-01,Royal Challengers Bangalore,Mumbai Indians,Mumbai Indians,field,Royal Challengers Bangalore,Royal Challengers Bangalore,167,153
1136592,2018,2018-05-02,Delhi Daredevils,Rajasthan Royals,Rajasthan Royals,field,Delhi Daredevils,Delhi Daredevils,196,146
1136593,2018,2018-05-03,Chennai Super Kings,Kolkata Knight Riders,Kolkata Knight Riders,field,Chennai Super Kings,Kolkata Knight Riders,177,180
1136594,2018,2018-05-04,Kings XI Punjab,Mumbai Indians,Mumbai Indians,field,Kings XI Punjab,Mumbai Indians,174,176
1136595,2018,2018-05-05,Royal Challengers Bangalore,Chennai Super Kings,Chennai Super Kings,field,Royal Challengers Bangalore,Chennai Super Kings,127,128
1136596,2018,2018-05-05,Delhi Daredevils,Sunrisers Hyderabad,Delhi Daredevils,bat,Delhi Daredevils,Sunrisers Hyderabad,163,164
1136597,2018,2018-05-06,Mumbai Indians,Kolkata Knight Riders,Kolkata Knight Riders,field,Mumbai Indians,Mumbai Indians,181,168
1136598,2018,2018-05-06,Rajasthan Royals,Kings XI Punjab,Kings XI Punjab,field,Rajasthan Royals,Kings XI Punjab,152,155
1136599,2018,2018-05-07,Sunrisers Hyderabad,Royal Challengers Bangalore,Royal Challengers Bangalore,field,Sunrisers Hyderabad,Sunrisers Hyderabad,146,141
1136600,2018,2018-05-08,Rajasthan Royals,Kings XI Punjab,Rajasthan Royals,bat,Rajasthan Royals,Rajasthan Royals,158,143
1136601,2018,2018-05-09,Mumbai Indians,Kolkata Knight Riders,Kolkata Knight Riders,field,Mumbai Indians,Mumbai Indians,210,108
1136602,2018,2018-05-10,Delhi Daredevils,Sunrisers Hyderabad,Delhi Daredevils,bat,Delhi Daredevils,Sunrisers Hyderabad,187,191
1136603,2018,2018-05-11,Chennai Super Kings,Rajasthan Royals,Chennai Super Kings,bat,Chennai Super Kings,Rajasthan Royals,176,177
1136604,2018,2018-05-12,Kolkata Knight Riders,Kings XI Punjab,Kings XI Punjab,field,Kolkata Knight Riders,Kolkata Knight Riders,245,214
1136605,2018,2018-05-12,Delhi Daredevils,Royal Challengers Bangalore,Royal Challengers Bangalore,field,Delhi Daredevils,Royal Challengers Bangalore,181,187
1136606,2018,2018-05-13,Sunrisers Hyderabad,Chennai Super Kings,Chennai Super Kings,field,Sunrisers Hyderabad,Chennai Super Kings,179,180
1136607,2018,2018-05-13,Mumbai Indians,Rajasthan Royals,Rajasthan Royals,field,Mumbai Indians,Rajasthan Royals,168,171
1136608,2018,2018-05-14,Kings XI Punjab,Royal Challengers Bangalore,Royal Challengers Bangalore,field,Kings XI Punjab,Royal Challengers Bangalore,88,92
1136609,2018,2018-05-15,Rajasthan Royals,Kolkata Knight Riders,Kolkata Knight Riders,field,Rajasthan Royals,Kolkata Knight Riders,142,145
1136610,2018,2018-05-16,Mumbai Indians,Kings XI Punjab,Kings XI Punjab,field,Mumbai Indians,Mumbai Indians,186,183
1136611,2018,2018-05-17,Royal Challengers Bangalore,Sunrisers Hyderabad,Sunrisers Hyderabad,field,Royal Challengers Bangalore,Royal Challengers Bangalore,218,204
1136612,2018,2018-05-18,Delhi Daredevils,Chennai Super Kings,Chennai Super Kings,field,Delhi Daredevils,Delhi Daredevils,162,128
1136613,2018,2018-05-19,Rajasthan Royals,Royal Challengers Bangalore,Rajasthan Royals,bat,Rajasthan Royals,Rajasthan Royals,164,134
1136614,2018,2018-05-19,Sunrisers Hyderabad,Kolkata Knight Riders,Sunrisers Hyderabad,bat,Sunrisers Hyderabad,Kolkata Knight Riders,172,173
1136615,2018,2018-05-20,Delhi Daredevils,Mumbai Indians,Delhi Daredevils,bat,Delhi Daredevils,Delhi Daredevils,174,163
1136616,2018,2018-05-20,Kings XI Punjab,Chennai Super Kings,Chennai Super Kings,field,Kings XI Punjab,Chennai Super Kings,153,159
1136617,2018,2018-05-22,Sunrisers Hyderabad,Chennai Super Kings,Chennai Super Kings,field,Sunrisers Hyderabad,Chennai Super Kings,139,140
1136618,2018,2018-05-23,Kolkata Knight Riders,Rajasthan Royals,Rajasthan Royals,field,Kolkata Knight Riders,Kolkata Knight Riders,169,144
1136619,2018,2018-05-25,Sunrisers Hyderabad,Kolkata Knight Riders,Kolkata Knight Riders,field,Sunrisers Hyderabad,Sunrisers Hyderabad,174,160
1136620,2018,2018-05-27,Sunrisers Hyderabad,Chennai Super Kings,Chennai Super Kings,field,Sunrisers Hyderabad,Chennai Super Kings,178,181
1175356,2019,2019-03-23,Royal Challengers Bangalore,Chennai Super Kings,Chennai Super Kings,field,Royal Challengers Bangalore,Chennai Super Kings,70,71
1175357,2019,2019-03-24,Sunrisers Hyderabad,Kolkata Knight Riders,Kolkata Knight Riders,field,Sunrisers Hyderabad,Kolkata Knight Riders,181,183
1175358,2019,2019-03-24,Delhi Capitals,Mumbai Indians,Mumbai Indians,field,Delhi Capitals,Delhi Capitals,213,176
1175359,2019,2019-03-25,Kings XI Punjab,Rajasthan Royals,Rajasthan Royals,field,Kings XI Punjab,Kings XI Punjab,184,170
1175360,2019,2019-03-26,Delhi Capitals,Chennai Super Kings,Delhi Capitals,bat,Delhi Capitals,Chennai Super Kings,147,150
1175361,2019,2019-03-27,Kolkata Knight Riders,Kings XI Punjab,Kings XI Punjab,field,Kolkata Knight Riders,Kolkata Knight Riders,218,190
1175362,2019,2019-03-28,Mumbai Indians,Royal Challengers Bangalore,Royal Challengers Bangalore,field,Mumbai Indians,Mumbai Indians,187,181
1175363,2019,2019-03-29,Rajasthan Royals,Sunrisers Hyderabad,Rajasthan Royals,bat,Rajasthan Royals,Sunrisers Hyderabad,198,201
1175364,2019,2019-03-30,Mumbai Indians,Kings XI Punjab,Kings XI Punjab,field,Mumbai Indians,Kings XI Punjab,176,177
1175365,2019,2019-03-30,Kolkata Knight Riders,Delhi Capitals,Delhi Capitals,field,Kolkata Knight Riders,Unknown,185,185
1175366,2019,2019-03-31,Sunrisers Hyderabad,Royal Challengers Bangalore,Royal Challengers Bangalore,field,Sunrisers Hyderabad,Sunrisers Hyderabad,231,113
1175367,2019,2019-03-31,Chennai Super Kings,Rajasthan Royals,Rajasthan Royals,field,Chennai Super Kings,Chennai Super Kings,175,167
1175368,2019,2019-04-01,Kings XI Punjab,Delhi Capitals,Delhi Capitals,field,Kings XI Punjab,Kings XI Punjab,166,152
1175369,2019,2019-04-02,Royal Challengers Bangalore,Rajasthan Royals,Rajasthan Royals,field,Royal Challengers Bangalore,Rajasthan Royals,158,164
1175370,2019,2019-04-03,Mumbai Indians,Chennai Super Kings,Chennai Super Kings,field,Mumbai Indians,Mumbai Indians,170,133
1175371,2019,2019-04-04,Delhi Capitals,Sunrisers Hyderabad,Sunrisers Hyderabad,field,Delhi Capitals,Sunrisers Hyderabad,129,131
1175372,2019,2019-04-05,Royal Challengers Bangalore,Kolkata Knight Riders,Kolkata Knight Riders,field,Royal Challengers Bangalore,Kolkata Knight Riders,205,206
1178393,2019,2019-04-06,Chennai Super Kings,Kings XI Punjab,Chennai Super Kings,bat,Chennai Super Kings,Chennai Super Kings,160,138
1178394,2019,2019-04-06,Mumbai Indians,Sunrisers Hyderabad,Sunrisers Hyderabad,field,Mumbai Indians,Mumbai Indians,136,96
1178395,2019,2019-04-07,Royal Challengers Bangalore,Delhi Capitals,Delhi Capitals,field,Royal Challengers Bangalore,Delhi Capitals,149,152
1178396,2019,2019-04-07,Rajasthan Royals,Kolkata Knight Riders,Kolkata Knight Riders,field,Rajasthan Royals,Kolkata Knight Riders,139,140
1178397,2019,2019-04-08,Sunrisers Hyderabad,Kings XI Punjab,Kings XI Punjab,field,Sunrisers Hyderabad,Kings XI Punjab,150,151
1178398,2019,2019-04-09,Kolkata Knight Riders,Chennai Super Kings,Chennai Super Kings,field,Kolkata Knight Riders,Chennai Super Kings,108,111
1178399,2019,2019-04-10,Kings XI Punjab,Mumbai Indians,Mumbai Indians,field,Kings XI Punjab,Mumbai Indians,197,198
1178400,2019,2019-04-11,Rajasthan Royals,Chennai Super Kings,Chennai Super Kings,field,Rajasthan Royals,Chennai Super Kings,151,155
1178401,2019,2019-04-12,Kolkata Knight Riders,Delhi Capitals,Delhi Capitals,field,Kolkata Knight Riders,Delhi Capitals,178,180
1178402,2019,2019-04-13,Mumbai Indians,Rajasthan Royals,Rajasthan Royals,field,Mumbai Indians,Rajasthan Royals,187,188
1178403,2019,2019-04-13,Kings XI Punjab,Royal Challengers Bangalore,Royal Challengers Bangalore,field,Kings XI Punjab,Royal Challengers Bangalore,173,174
1178404,2019,2019-04-14,Kolkata Knight Riders,Chennai Super Kings,Chennai Super Kings,field,Kolkata Knight Riders,Chennai Super Kings,161,162
1178405,2019,2019-04-14,Delhi Capitals,Sunrisers Hyderabad,Sunrisers Hyderabad,field,Delhi Capitals,Delhi Capitals,155,116
1178406,2019,2019-04-15,Royal Challengers Bangalore,Mumbai Indians,Mumbai Indians,field,Royal Challengers Bangalore,Mumbai Indians,171,172
1178407,2019,2019-04-16,Kings XI Punjab,Rajasthan Royals,Rajasthan Royals,field,Kings XI Punjab,Kings XI Punjab,182,170
1178408,2019,2019-04-17,Chennai Super Kings,Sunrisers Hyderabad,Chennai Super Kings,bat,Chennai Super Kings,Sunrisers Hyderabad,132,137
1178409,2019,2019-04-18,Mumbai Indians,Delhi Capitals,Mumbai Indians,bat,Mumbai Indians,Mumbai Indians,168,128
1178410,2019,2019-04-19,Royal Challengers Bangalore,Kolkata Knight Riders,Kolkata Knight Riders,field,Royal Challengers Bangalore,Royal Challengers Bangalore,213,203
1178411,2019,2019-04-20,Mumbai Indians,Rajasthan Royals,Rajasthan Royals,field,Mumbai Indians,Rajasthan Royals,161,162
1178412,2019,2019-04-20,Kings XI Punjab,Delhi Capitals,Delhi Capitals,field,Kings XI Punjab,Delhi Capitals,163,166
1178413,2019,2019-04-21,Kolkata Knight Riders,Sunrisers Hyderabad,Sunrisers Hyderabad,field,Kolkata Knight Riders,Sunrisers Hyderabad,159,161
1178414,2019,2019-04-21,Royal Challengers Bangalore,Chennai Super Kings,Chennai Super Kings,field,Royal Challengers Bangalore,Royal Challengers Bangalore,161,160
1178415,2019,2019-04-22,Rajasthan Royals,Delhi Capitals,Delhi Capitals,field,Rajasthan Royals,Delhi Capitals,191,193
1178416,2019,2019-04-23,Sunrisers Hyderabad,Chennai Super Kings,Chennai Super Kings,field,Sunrisers Hyderabad,Chennai Super Kings,175,176
1178417,2019,2019-04-24,Royal Challengers Bangalore,Kings XI Punjab,Kings XI Punjab,field,Royal Challengers Bangalore,Royal Challengers Bangalore,202,185
1178418,2019,2019-04-25,Kolkata Knight Riders,Rajasthan Royals,Rajasthan Royals,field,Kolkata Knight Riders,Rajasthan Royals,175,177
1178419,2019,2019-04-26,Mumbai Indians,Chennai Super Kings,Chennai Super Kings,field,Mumbai Indians,Mumbai Indians,155,109
1178420,2019,2019-04-27,Sunrisers Hyderabad,Rajasthan Royals,Rajasthan Royals,field,Sunrisers Hyderabad,Rajasthan Royals,160,161
1178421,2019,2019-04-28,Delhi Capitals,Royal Challengers Bangalore,Delhi Capitals,bat,Delhi Capitals,Delhi Capitals,187,171
1178422,2019,2019-04-28,Kolkata Knight Riders,Mumbai Indians,Mumbai Indians,field,Kolkata Knight Riders,Kolkata Knight Riders,232,198
1178423,2019,2019-04-29,Sunrisers Hyderabad,Kings XI Punjab,Kings XI Punjab,field,Sunrisers Hyderabad,Sunrisers Hyderabad,212,167
1178424,2019,2019-04-30,Royal Challengers Bangalore,Rajasthan Royals,Rajasthan Royals,field,Royal Challengers Bangalore,Unknown,62,41
1178425,2019,2019-05-01,Chennai Super Kings,Delhi Capitals,Delhi Capitals,field,Chennai Super Kings,Chennai Super Kings,179,99
1178426,2019,2019-05-02,Mumbai Indians,Sunrisers Hyderabad,Mumbai Indians,bat,Mumbai Indians,Unknown,162,162
1178427,2019,2019-05-03,Kings XI Punjab,Kolkata Knight Riders,Kolkata Knight Riders,field,Kings XI Punjab,Kolkata Knight Riders,183,185
1178428,2019,2019-05-04,Rajasthan Royals,Delhi Capitals,Rajasthan Royals,bat,Rajasthan Royals,Delhi Capitals,115,121
1178429,2019,2019-05-04,Sunrisers Hyderabad,Royal Challengers Bangalore,Royal Challengers Bangalore,field,Sunrisers Hyderabad,Royal Challengers Bangalore,175,178
1178430,2019,2019-05-05,Chennai Super Kings,Kings XI Punjab,Kings XI Punjab,field,Chennai Super Kings,Kings XI Punjab,170,173
1178431,2019,2019-05-05,Kolkata Knight Riders,Mumbai Indians,Mumbai Indians,field,Kolkata Knight Riders,Mumbai Indians,133,134
1181764,2019,2019-05-07,Chennai Super Kings,Mumbai Indians,Chennai Super Kings,bat,Chennai Super Kings,Mumbai Indians,131,132
1181766,2019,2019-05-08,Sunrisers Hyderabad,Delhi Capitals,Delhi Capitals,field,Sunrisers Hyderabad,Delhi Capitals,162,165
1181767,2019,2019-05-10,Delhi Capitals,Chennai Super Kings,Chennai Super Kings,field,Delhi Capitals,Chennai Super Kings,147,151
1181768,2019,2019-05-12,Mumbai Indians,Chennai Super Kings,Mumbai Indians,bat,Mumbai Indians,Mumbai Indians,149,148
1216492,2020/21,2020-09-19,Mumbai Indians,Chennai Super Kings,Chennai Super Kings,field,Mumbai Indians,Chennai Super Kings,162,166
1216493,2020/21,2020-09-20,Delhi Capitals,Kings XI Punjab,Kings XI Punjab,field,Delhi Capitals,Unknown,157,157
1216494,2020/21,2020-10-21,Kolkata Knight Riders,Royal Challengers Bangalore,Kolkata Knight Riders,bat,Kolkata Knight Riders,Royal Challengers Bangalore,84,85
1216495,2020/21,2020-11-03,Mumbai Indians,Sunrisers Hyderabad,Sunrisers Hyderabad,field,Mumbai Indians,Sunrisers Hyderabad,149,151
1216496,2020/21,2020-09-22,Rajasthan Royals,Chennai Super Kings,Chennai Super Kings,field,Rajasthan Royals,Rajasthan Royals,216,200
1216497,2020/21,2020-10-24,Kolkata Knight Riders,Delhi Capitals,Delhi Capitals,field,Kolkata Knight Riders,Kolkata Knight Riders,194,135
1216498,2020/21,2020-10-24,Kings XI Punjab,Sunrisers Hyderabad,Sunrisers Hyderabad,field,Kings XI Punjab,Kings XI Punjab,126,114
1216499,2020/21,2020-10-28,Royal Challengers Bangalore,Mumbai Indians,Mumbai Indians,field,Royal Challengers Bangalore,Mumbai Indians,164,166
1216500,2020/21,2020-10-09,Delhi Capitals,Rajasthan Royals,Rajasthan Royals,field,Delhi Capitals,Delhi Capitals,184,138
1216501,2020/21,2020-10-07,Kolkata Knight Riders,Chennai Super Kings,Kolkata Knight Riders,bat,Kolkata Knight Riders,Kolkata Knight Riders,167,157
1216502,2020/21,2020-10-31,Royal Challengers Bangalore,Sunrisers Hyderabad,Sunrisers Hyderabad,field,Royal Challengers Bangalore,Sunrisers Hyderabad,120,121
1216503,2020/21,2020-10-01,Mumbai Indians,Kings XI Punjab,Kings XI Punjab,field,Mumbai Indians,Mumbai Indians,191,143
1216504,2020/21,2020-09-30,Kolkata Knight Riders,Rajasthan Royals,Rajasthan Royals,field,Kolkata Knight Riders,Kolkata Knight Riders,174,137
1216505,2020/21,2020-11-02,Royal Challengers Bangalore,Delhi Capitals,Delhi Capitals,field,Royal Challengers Bangalore,Delhi Capitals,152,154
1216506,2020/21,2020-11-01,Kings XI Punjab,Chennai Super Kings,Chennai Super Kings,field,Kings XI Punjab,Chennai Super Kings,153,154
1216507,2020/21,2020-10-11,Sunrisers Hyderabad,Rajasthan Royals,Sunrisers Hyderabad,bat,Sunrisers Hyderabad,Rajasthan Royals,158,163
1216508,2020/21,2020-09-23,Mumbai Indians,Kolkata Knight Riders,Kolkata Knight Riders,field,Mumbai Indians,Mumbai Indians,195,146
1216509,2020/21,2020-10-17,Chennai Super Kings,Delhi Capitals,Chennai Super Kings,bat,Chennai Super Kings,Delhi Capitals,179,185
1216510,2020/21,2020-09-24,Kings XI Punjab,Royal Challengers Bangalore,Royal Challengers Bangalore,field,Kings XI Punjab,Kings XI Punjab,206,109
1216511,2020/21,2020-10-06,Mumbai Indians,Rajasthan Royals,Mumbai Indians,bat,Mumbai Indians,Mumbai Indians,193,136
1216512,2020/21,2020-10-18,Kolkata Knight Riders,Sunrisers Hyderabad,Sunrisers Hyderabad,field,Kolkata Knight Riders,Unknown,163,163
1216513,2020/21,2020-10-04,Kings XI Punjab,Chennai Super Kings,Kings XI Punjab,bat,Kings XI Punjab,Chennai Super Kings,178,181
1216514,2020/21,2020-10-03,Rajasthan Royals,Royal Challengers Bangalore,Rajasthan Royals,bat,Rajasthan Royals,Royal Challengers Bangalore,154,158
1216515,2020/21,2020-10-03,Delhi Capitals,Kolkata Knight Riders,Kolkata Knight Riders,field,Delhi Capitals,Delhi Capitals,228,210
1216516,2020/21,2020-10-02,Sunrisers Hyderabad,Chennai Super Kings,Sunrisers Hyderabad,bat,Sunrisers Hyderabad,Sunrisers Hyderabad,164,157
1216517,2020/21,2020-10-18,Mumbai Indians,Kings XI Punjab,Mumbai Indians,bat,Mumbai Indians,Unknown,176,176
1216518,2020/21,2020-10-22,Rajasthan Royals,Sunrisers Hyderabad,Sunrisers Hyderabad,field,Rajasthan Royals,Sunrisers Hyderabad,154,156
1216519,2020/21,2020-10-05,Delhi Capitals,Royal Challengers Bangalore,Royal Challengers Bangalore,field,Delhi Capitals,Delhi Capitals,196,137
1216520,2020/21,2020-10-26,Kolkata Knight Riders,Kings XI Punjab,Kings XI Punjab,field,Kolkata Knight Riders,Kings XI Punjab,149,150
1216521,2020/21,2020-10-23,Chennai Super Kings,Mumbai Indians,Mumbai Indians,field,Chennai Super Kings,Mumbai Indians,114,116
1216522,2020/21,2020-10-17,Rajasthan Royals,Royal Challengers Bangalore,Rajasthan Royals,bat,Rajasthan Royals,Royal Challengers Bangalore,177,179
1216523,2020/21,2020-10-10,Kolkata Knight Riders,Kings XI Punjab,Kolkata Knight Riders,bat,Kolkata Knight Riders,Kolkata Knight Riders,164,162
1216524,2020/21,2020-10-27,Sunrisers Hyderabad,Delhi Capitals,Delhi Capitals,field,Sunrisers Hyderabad,Sunrisers Hyderabad,219,131
1216525,2020/21,2020-10-10,Royal Challengers Bangalore,Chennai Super Kings,Royal Challengers Bangalore,bat,Royal Challengers Bangalore,Royal Challengers Bangalore,169,132
1216526,2020/21,2020-10-16,Kolkata Knight Riders,Mumbai Indians,Kolkata Knight Riders,bat,Kolkata Knight Riders,Mumbai Indians,148,149
1216527,2020/21,2020-09-27,Kings XI Punjab,Rajasthan Royals,Rajasthan Royals,field,Kings XI Punjab,Rajasthan Royals,223,226
1216528,2020/21,2020-10-13,Chennai Super Kings,Sunrisers Hyderabad,Chennai Super Kings,bat,Chennai Super Kings,Chennai Super Kings,167,147
1216529,2020/21,2020-10-11,Delhi Capitals,Mumbai Indians,Delhi Capitals,bat,Delhi Capitals,Mumbai Indians,162,166
1216530,2020/21,2020-11-01,Kolkata Knight Riders,Rajasthan Royals,Rajasthan Royals,field,Kolkata Knight Riders,Kolkata Knight Riders,191,131
1216531,2020/21,2020-10-15,Royal Challengers Bangalore,Kings XI Punjab,Royal Challengers Bangalore,bat,Royal Challengers Bangalore,Kings XI Punjab,171,177
1216532,2020/21,2020-09-29,Sunrisers Hyderabad,Delhi Capitals,Delhi Capitals,field,Sunrisers Hyderabad,Sunrisers Hyderabad,162,147
1216533,2020/21,2020-10-19,Chennai Super Kings,Rajasthan Royals,Chennai Super Kings,bat,Chennai Super Kings,Rajasthan Royals,125,126
1216534,2020/21,2020-09-21,Royal Challengers Bangalore,Sunrisers Hyderabad,Sunrisers Hyderabad,field,Royal Challengers Bangalore,Royal Challengers Bangalore,163,153
1216535,2020/21,2020-10-31,Delhi Capitals,Mumbai Indians,Mumbai Indians,field,Delhi Capitals,Mumbai Indians,110,111
1216536,2020/21,2020-10-29,Kolkata Knight Riders,Chennai Super Kings,Chennai Super Kings,field,Kolkata Knight Riders,Chennai Super Kings,172,178
1216537,2020/21,2020-10-30,Kings XI Punjab,Rajasthan Royals,Rajasthan Royals,field,Kings XI Punjab,Rajasthan Royals,185,186
1216538,2020/21,2020-10-04,Mumbai Indians,Sunrisers Hyderabad,Mumbai Indians,bat,Mumbai Indians,Mumbai Indians,208,174
1216539,2020/21,2020-09-25,Delhi Capitals,Chennai Super Kings,Chennai Super Kings,field,Delhi Capitals,Delhi Capitals,175,131
1216540,2020/21,2020-10-12,Royal Challengers Bangalore,Kolkata Knight Riders,Royal Challengers Bangalore,bat,Royal Challengers Bangalore,Royal Challengers Bangalore,194,112
1216541,2020/21,2020-10-25,Mumbai Indians,Rajasthan Royals,Mumbai Indians,bat,Mumbai Indians,Rajasthan Royals,195,196
1216542,2020/21,2020-10-08,Sunrisers Hyderabad,Kings XI Punjab,Sunrisers Hyderabad,bat,Sunrisers Hyderabad,Sunrisers Hyderabad,201,132
1216543,2020/21,2020-10-14,Delhi Capitals,Rajasthan Royals,Delhi Capitals,bat,Delhi Capitals,Delhi Capitals,161,148
1216544,2020/21,2020-10-25,Royal Challengers Bangalore,Chennai Super Kings,Royal Challengers Bangalore,bat,Royal Challengers Bangalore,Chennai Super Kings,145,150
1216545,2020/21,2020-09-26,Sunrisers Hyderabad,Kolkata Knight Riders,Sunrisers Hyderabad,bat,Sunrisers Hyderabad,Kolkata Knight Riders,142,145
1216546,2020/21,2020-10-20,Delhi Capitals,Kings XI Punjab,Delhi Capitals,bat,Delhi Capitals,Kings XI Punjab,164,167
1216547,2020/21,2020-09-28,Royal Challengers Bangalore,Mumbai Indians,Mumbai Indians,field,Royal Challengers Bangalore,Unknown,201,201
1237177,2020/21,2020-11-05,Mumbai Indians,Delhi Capitals,Delhi Capitals,field,Mumbai Indians,Mumbai Indians,200,143
1237178,2020/21,2020-11-06,Royal Challengers Bangalore,Sunrisers Hyderabad,Sunrisers Hyderabad,field,Royal Challengers Bangalore,Sunrisers Hyderabad,131,132
1237180,2020/21,2020-11-08,Delhi Capitals,Sunrisers Hyderabad,Delhi Capitals,bat,Delhi Capitals,Delhi Capitals,189,172
1237181,2020/21,2020-11-10,Delhi Capitals,Mumbai Indians,Delhi Capitals,bat,Delhi Capitals,Mumbai Indians,156,157
1254058,2021,2021-04-09,Mumbai Indians,Royal Challengers Bangalore,Royal Challengers Bangalore,field,Mumbai Indians,Royal Challengers Bangalore,159,160
1254059,2021,2021-04-10,Chennai Super Kings,Delhi Capitals,Delhi Capitals,field,Chennai Super Kings,Delhi Capitals,188,190
1254060,2021,2021-04-11,Kolkata Knight Riders,Sunrisers Hyderabad,Sunrisers Hyderabad,field,Kolkata Knight Riders,Kolkata Knight Riders,187,177
1254061,2021,2021-04-12,Punjab Kings,Rajasthan Royals,Rajasthan Royals,field,Punjab Kings,Punjab Kings,221,217
1254062,2021,2021-04-13,Mumbai Indians,Kolkata Knight Riders,Kolkata Knight Riders,field,Mumbai Indians,Mumbai Indians,152,142
1254063,2021,2021-04-14,Royal Challengers Bangalore,Sunrisers Hyderabad,Sunrisers Hyderabad,field,Royal Challengers Bangalore,Royal Challengers Bangalore,149,143
1254064,2021,2021-04-15,Delhi Capitals,Rajasthan Royals,Rajasthan Royals,field,Delhi Capitals,Rajasthan Royals,147,150
1254065,2021,2021-04-16,Punjab Kings,Chennai Super Kings,Chennai Super Kings,field,Punjab Kings,Chennai Super Kings,106,107
1254066,2021,2021-04-17,Mumbai Indians,Sunrisers Hyderabad,Mumbai Indians,bat,Mumbai Indians,Mumbai Indians,150,137
1254067,2021,2021-04-18,Royal Challengers Bangalore,Kolkata Knight Riders,Royal Challengers Bangalore,bat,Royal Challengers Bangalore,Royal Challengers Bangalore,204,166
1254068,2021,2021-04-18,Punjab Kings,Delhi Capitals,Delhi Capitals,field,Punjab Kings,Delhi Capitals,195,198
1254069,2021,2021-04-19,Chennai Super Kings,Rajasthan Royals,Rajasthan Royals,field,Chennai Super Kings,Chennai Super Kings,188,143
1254070,2021,2021-04-20,Mumbai Indians,Delhi Capitals,Mumbai Indians,bat,Mumbai Indians,Delhi Capitals,137,138
1254071,2021,2021-04-21,Punjab Kings,Sunrisers Hyderabad,Punjab Kings,bat,Punjab Kings,Sunrisers Hyderabad,120,121
1254072,2021,2021-04-21,Chennai Super Kings,Kolkata Knight Riders,Kolkata Knight Riders,field,Chennai Super Kings,Chennai Super Kings,220,202
1254073,2021,2021-04-22,Rajasthan Royals,Royal Challengers Bangalore,Royal Challengers Bangalore,field,Rajasthan Royals,Royal Challengers Bangalore,177,181
1254074,2021,2021-04-23,Mumbai Indians,Punjab Kings,Punjab Kings,field,Mumbai Indians,Punjab Kings,131,132
1254075,2021,2021-04-24,Kolkata Knight Riders,Rajasthan Royals,Rajasthan Royals,field,Kolkata Knight Riders,Rajasthan Royals,133,134
1254076,2021,2021-04-25,Chennai Super Kings,Royal Challengers Bangalore,Chennai Super Kings,bat,Chennai Super Kings,Chennai Super Kings,191,122
1254077,2021,2021-04-25,Delhi Capitals,Sunrisers Hyderabad,Delhi Capitals,bat,Delhi Capitals,Unknown,159,159
1254078,2021,2021-04-26,Punjab Kings,Kolkata Knight Riders,Kolkata Knight Riders,field,Punjab Kings,Kolkata Knight Riders,123,126
1254079,2021,2021-04-27,Royal Challengers Bangalore,Delhi Capitals,Delhi Capitals,field,Royal Challengers Bangalore,Royal Challengers Bangalore,171,170
1254080,2021,2021-04-28,Sunrisers Hyderabad,Chennai Super Kings,Sunrisers Hyderabad,bat,Sunrisers Hyderabad,Chennai Super Kings,171,173
1254081,2021,2021-04-29,Rajasthan Royals,Mumbai Indians,Mumbai Indians,field,Rajasthan Royals,Mumbai Indians,171,172
1254082,2021,2021-04-29,Kolkata Knight Riders,Delhi Capitals,Delhi Capitals,field,Kolkata Knight Riders,Delhi Capitals,154,156
1254083,2021,2021-04-30,Punjab Kings,Royal Challengers Bangalore,Royal Challengers Bangalore,field,Punjab Kings,Punjab Kings,179,145
1254084,2021,2021-05-01,Chennai Super Kings,Mumbai Indians,Mumbai Indians,field,Chennai Super Kings,Mumbai Indians,218,219
1254085,2021,2021-05-02,Rajasthan Royals,Sunrisers Hyderabad,Sunrisers Hyderabad,field,Rajasthan Royals,Rajasthan Royals,220,165
1254086,2021,2021-05-02,Punjab Kings,Delhi Capitals,Delhi Capitals,field,Punjab Kings,Delhi Capitals,166,167
1254087,2021,2021-09-20,Royal Challengers Bangalore,Kolkata Knight Riders,Royal Challengers Bangalore,bat,Royal Challengers Bangalore,Kolkata Knight Riders,92,94
1254088,2021,2021-10-08,Mumbai Indians,Sunrisers Hyderabad,Mumbai Indians,bat,Mumbai Indians,Mumbai Indians,235,193
1254089,2021,2021-10-02,Chennai Super Kings,Rajasthan Royals,Rajasthan Royals,field,Chennai Super Kings,Rajasthan Royals,189,190
1254090,2021,2021-10-03,Royal Challengers Bangalore,Punjab Kings,Royal Challengers Bangalore,bat,Royal Challengers Bangalore,Royal Challengers Bangalore,164,158
1254091,2021,2021-09-30,Sunrisers Hyderabad,Chennai Super Kings,Chennai Super Kings,field,Sunrisers Hyderabad,Chennai Super Kings,134,139
1254092,2021,2021-09-28,Delhi Capitals,Kolkata Knight Riders,Kolkata Knight Riders,field,Delhi Capitals,Kolkata Knight Riders,127,130
1254093,2021,2021-10-05,Rajasthan Royals,Mumbai Indians,Mumbai Indians,field,Rajasthan Royals,Mumbai Indians,90,94
1254094,2021,2021-10-07,Chennai Super Kings,Punjab Kings,Punjab Kings,field,Chennai Super Kings,Punjab Kings,134,139
1254095,2021,2021-10-06,Sunrisers Hyderabad,Royal Challengers Bangalore,Royal Challengers Bangalore,field,Sunrisers Hyderabad,Sunrisers Hyderabad,141,137
1254096,2021,2021-09-23,Mumbai Indians,Kolkata Knight Riders,Kolkata Knight Riders,field,Mumbai Indians,Kolkata Knight Riders,155,159
1254097,2021,2021-09-25,Delhi Capitals,Rajasthan Royals,Rajasthan Royals,field,Delhi Capitals,Delhi Capitals,154,121
1254098,2021,2021-09-26,Kolkata Knight Riders,Chennai Super Kings,Kolkata Knight Riders,bat,Kolkata Knight Riders,Chennai Super Kings,171,172
1254099,2021,2021-09-28,Punjab Kings,Mumbai Indians,Mumbai Indians,field,Punjab Kings,Mumbai Indians,135,137
1254100,2021,2021-09-27,Rajasthan Royals,Sunrisers Hyderabad,Rajasthan Royals,bat,Rajasthan Royals,Sunrisers Hyderabad,164,167
1254101,2021,2021-10-08,Delhi Capitals,Royal Challengers Bangalore,Royal Challengers Bangalore,field,Delhi Capitals,Royal Challengers Bangalore,164,166
1254102,2021,2021-10-01,Kolkata Knight Riders,Punjab Kings,Punjab Kings,field,Kolkata Knight Riders,Punjab Kings,165,168
1254103,2021,2021-09-29,Rajasthan Royals,Royal Challengers Bangalore,Royal Challengers Bangalore,field,Rajasthan Royals,Royal Challengers Bangalore,149,153
1254104,2021,2021-09-19,Chennai Super Kings,Mumbai Indians,Chennai Super Kings,bat,Chennai Super Kings,Chennai Super Kings,156,136
1254105,2021,2021-09-22,Sunrisers Hyderabad,Delhi Capitals,Sunrisers Hyderabad,bat,Sunrisers Hyderabad,Delhi Capitals,134,139
1254106,2021,2021-10-07,Kolkata Knight Riders,Rajasthan Royals,Rajasthan Royals,field,Kolkata Knight Riders,Kolkata Knight Riders,171,85
1254107,2021,2021-09-25,Punjab Kings,Sunrisers Hyderabad,Sunrisers Hyderabad,field,Punjab Kings,Punjab Kings,125,120
1254108,2021,2021-09-26,Royal Challengers Bangalore,Mumbai Indians,Mumbai Indians,field,Royal Challengers Bangalore,Royal Challengers Bangalore,165,111
1254109,2021,2021-10-03,Sunrisers Hyderabad,Kolkata Knight Riders,Sunrisers Hyderabad,bat,Sunrisers Hyderabad,Kolkata Knight Riders,115,119
1254110,2021,2021-10-04,Chennai Super Kings,Delhi Capitals,Delhi Capitals,field,Chennai Super Kings,Delhi Capitals,136,139
1254111,2021,2021-09-21,Rajasthan Royals,Punjab Kings,Punjab Kings,field,Rajasthan Royals,Rajasthan Royals,185,183
1254112,2021,2021-10-02,Mumbai Indians,Delhi Capitals,Delhi Capitals,field,Mumbai Indians,Delhi Capitals,129,132
1254113,2021,2021-09-24,Royal Challengers Bangalore,Chennai Super Kings,Chennai Super Kings,field,Royal Challengers Bangalore,Chennai Super Kings,156,157
1254114,2021,2021-10-10,Delhi Capitals,Chennai Super Kings,Chennai Super Kings,field,Delhi Capitals,Chennai Super Kings,172,173
1254115,2021,2021-10-11,Royal Challengers Bangalore,Kolkata Knight Riders,Royal Challengers Bangalore,bat,Royal Challengers Bangalore,Kolkata Knight Riders,138,139
1254116,2021,2021-10-13,Delhi Capitals,Kolkata Knight Riders,Kolkata Knight Riders,field,Delhi Capitals,Kolkata Knight Riders,135,136
1254117,2021,2021-10-15,Chennai Super Kings,Kolkata Knight Riders,Kolkata Knight Riders,field,Chennai Super Kings,Chennai Super Kings,192,165
1304047,2022,2022-03-26,Chennai Super Kings,Kolkata Knight Riders,Kolkata Knight Riders,field,Chennai Super Kings,Kolkata Knight Riders,131,133
1304048,2022,2022-03-27,Mumbai Indians,Delhi Capitals,Delhi Capitals,field,Mumbai Indians,Delhi Capitals,177,179
1304049,2022,2022-03-27,Royal Challengers Bangalore,Punjab Kings,Punjab Kings,field,Royal Challengers Bangalore,Punjab Kings,205,208
1304050,2022,2022-03-28,Lucknow Super Giants,Gujarat Titans,Gujarat Titans,field,Lucknow Super Giants,Gujarat Titans,158,161
1304051,2022,2022-03-29,Rajasthan Royals,Sunrisers Hyderabad,Sunrisers Hyderabad,field,Rajasthan Royals,Rajasthan Royals,210,149
1304052,2022,2022-03-30,Kolkata Knight Riders,Royal Challengers Bangalore,Royal Challengers Bangalore,field,Kolkata Knight Riders,Royal Challengers Bangalore,128,132
1304053,2022,2022-03-31,Chennai Super Kings,Lucknow Super Giants,Lucknow Super Giants,field,Chennai Super Kings,Lucknow Super Giants,210,211
1304054,2022,2022-04-01,Punjab Kings,Kolkata Knight Riders,Kolkata Knight Riders,field,Punjab Kings,Kolkata Knight Riders,137,141
1304055,2022,2022-04-02,Rajasthan Royals,Mumbai Indians,Mumbai Indians,field,Rajasthan Royals,Rajasthan Royals,193,170
1304056,2022,2022-04-02,Gujarat Titans,Delhi Capitals,Delhi Capitals,field,Gujarat Titans,Gujarat Titans,171,157
1304057,2022,2022-04-03,Punjab Kings,Chennai Super Kings,Chennai Super Kings,field,Punjab Kings,Punjab Kings,180,126
1304058,2022,2022-04-04,Lucknow Super Giants,Sunrisers Hyderabad,Sunrisers Hyderabad,field,Lucknow Super Giants,Lucknow Super Giants,169,157
1304059,2022,2022-04-05,Rajasthan Royals,Royal Challengers Bangalore,Royal Challengers Bangalore,field,Rajasthan Royals,Royal Challengers Bangalore,169,173
1304060,2022,2022-04-06,Mumbai Indians,Kolkata Knight Riders,Kolkata Knight Riders,field,Mumbai Indians,Kolkata Knight Riders,161,162
1304061,2022,2022-04-07,Delhi Capitals,Lucknow Super Giants,Lucknow Super Giants,field,Delhi Capitals,Lucknow Super Giants,149,155
1304062,2022,2022-04-08,Punjab Kings,Gujarat Titans,Gujarat Titans,field,Punjab Kings,Gujarat Titans,189,190
1304063,2022,2022-04-09,Chennai Super Kings,Sunrisers Hyderabad,Sunrisers Hyderabad,field,Chennai Super Kings,Sunrisers Hyderabad,154,155
1304064,2022,2022-04-09,Mumbai Indians,Royal Challengers Bangalore,Royal Challengers Bangalore,field,Mumbai Indians,Royal Challengers Bangalore,151,152
1304065,2022,2022-04-10,Delhi Capitals,Kolkata Knight Riders,Kolkata Knight Riders,field,Delhi Capitals,Delhi Capitals,215,171
1304066,2022,2022-04-10,Rajasthan Royals,Lucknow Super Giants,Lucknow Super Giants,field,Rajasthan Royals,Rajasthan Royals,165,162
1304067,2022,2022-04-11,Gujarat Titans,Sunrisers Hyderabad,Sunrisers Hyderabad,field,Gujarat Titans,Sunrisers Hyderabad,162,168
1304068,2022,2022-04-12,Chennai Super Kings,Royal Challengers Bangalore,Royal Challengers Bangalore,field,Chennai Super Kings,Chennai Super Kings,216,193
1304069,2022,2022-04-13,Punjab Kings,Mumbai Indians,Mumbai Indians,field,Punjab Kings,Punjab Kings,198,186
1304070,2022,2022-04-14,Gujarat Titans,Rajasthan Royals,Rajasthan Royals,field,Gujarat Titans,Gujarat Titans,192,155
1304071,2022,2022-04-15,Kolkata Knight Riders,Sunrisers Hyderabad,Sunrisers Hyderabad,field,Kolkata Knight Riders,Sunrisers Hyderabad,175,176
1304072,2022,2022-04-16,Lucknow Super Giants,Mumbai Indians,Mumbai Indians,field,Lucknow Super Giants,Lucknow Super Giants,199,181
1304073,2022,2022-04-16,Royal Challengers Bangalore,Delhi Capitals,Delhi Capitals,field,Royal Challengers Bangalore,Royal Challengers Bangalore,189,173
1304074,2022,2022-04-17,Punjab Kings,Sunrisers Hyderabad,Sunrisers Hyderabad,field,Punjab Kings,Sunrisers Hyderabad,151,152
1304075,2022,2022-04-17,Chennai Super Kings,Gujarat Titans,Gujarat Titans,field,Chennai Super Kings,Gujarat Titans,169,170
1304076,2022,2022-04-18,Rajasthan Royals,Kolkata Knight Riders,Kolkata Knight Riders,field,Rajasthan Royals,Rajasthan Royals,217,210
1304077,2022,2022-04-19,Royal Challengers Bangalore,Lucknow Super Giants,Lucknow Super Giants,field,Royal Challengers Bangalore,Royal Challengers Bangalore,181,163
1304078,2022,2022-04-20,Punjab Kings,Delhi Capitals,Delhi Capitals,field,Punjab Kings,Delhi Capitals,115,119
1304079,2022,2022-04-21,Mumbai Indians,Chennai Super Kings,Chennai Super Kings,field,Mumbai Indians,Chennai Super Kings,155,156
1304080,2022,2022-04-22,Rajasthan Royals,Delhi Capitals,Delhi Capitals,field,Rajasthan Royals,Rajasthan Royals,222,207
1304081,2022,2022-04-23,Gujarat Titans,Kolkata Knight Riders,Gujarat Titans,bat,Gujarat Titans,Gujarat Titans,156,148
1304082,2022,2022-04-23,Royal Challengers Bangalore,Sunrisers Hyderabad,Sunrisers Hyderabad,field,Royal Challengers Bangalore,Sunrisers Hyderabad,68,72
1304083,2022,2022-04-24,Lucknow Super Giants,Mumbai Indians,Mumbai Indians,field,Lucknow Super Giants,Lucknow Super Giants,168,132
1304084,2022,2022-04-25,Punjab Kings,Chennai Super Kings,Chennai Super Kings,field,Punjab Kings,Punjab Kings,187,176
1304085,2022,2022-04-26,Rajasthan Royals,Royal Challengers Bangalore,Royal Challengers Bangalore,field,Rajasthan Royals,Rajasthan Royals,144,115
1304086,2022,2022-04-27,Sunrisers Hyderabad,Gujarat Titans,Gujarat Titans,field,Sunrisers Hyderabad,Gujarat Titans,195,199
1304087,2022,2022-04-28,Kolkata Knight Riders,Delhi Capitals,Delhi Capitals,field,Kolkata Knight Riders,Delhi Capitals,146,150
1304088,2022,2022-04-29,Lucknow Super Giants,Punjab Kings,Punjab Kings,field,Lucknow Super Giants,Lucknow Super Giants,153,133
1304089,2022,2022-04-30,Royal Challengers Bangalore,Gujarat Titans,Royal Challengers Bangalore,bat,Royal Challengers Bangalore,Gujarat Titans,170,174
1304090,2022,2022-04-30,Rajasthan Royals,Mumbai Indians,Mumbai Indians,field,Rajasthan Royals,Mumbai Indians,158,161
1304091,2022,2022-05-01,Lucknow Super Giants,Delhi Capitals,Lucknow Super Giants,bat,Lucknow Super Giants,Lucknow Super Giants,195,189
1304092,2022,2022-05-01,Chennai Super Kings,Sunrisers Hyderabad,Sunrisers Hyderabad,field,Chennai Super Kings,Chennai Super Kings,202,189
1304093,2022,2022-05-02,Rajasthan Royals,Kolkata Knight Riders,Kolkata Knight Riders,field,Rajasthan Royals,Kolkata Knight Riders,152,158
1304094,2022,2022-05-03,Gujarat Titans,Punjab Kings,Gujarat Titans,bat,Gujarat Titans,Punjab Kings,143,145
1304095,2022,2022-05-04,Royal Challengers Bangalore,Chennai Super Kings,Chennai Super Kings,field,Royal Challengers Bangalore,Royal Challengers Bangalore,173,160
1304096,2022,2022-05-05,Delhi Capitals,Sunrisers Hyderabad,Sunrisers Hyderabad,field,Delhi Capitals,Delhi Capitals,207,186
1304097,2022,2022-05-06,Mumbai Indians,Gujarat Titans,Gujarat Titans,field,Mumbai Indians,Mumbai Indians,177,172
1304098,2022,2022-05-07,Punjab Kings,Rajasthan Royals,Punjab Kings,bat,Punjab Kings,Rajasthan Royals,189,190
1304099,2022,2022-05-07,Lucknow Super Giants,Kolkata Knight Riders,Kolkata Knight Riders,field,Lucknow Super Giants,Lucknow Super Giants,176,101
1304100,2022,2022-05-08,Royal Challengers Bangalore,Sunrisers Hyderabad,Royal Challengers Bangalore,bat,Royal Challengers Bangalore,Royal Challengers Bangalore,192,125
1304101,2022,2022-05-08,Chennai Super Kings,Delhi Capitals,Delhi Capitals,field,Chennai Super Kings,Chennai Super Kings,208,117
1304102,2022,2022-05-09,Kolkata Knight Riders,Mumbai Indians,Mumbai Indians,field,Kolkata Knight Riders,Kolkata Knight Riders,165,113
1304103,2022,2022-05-10,Gujarat Titans,Lucknow Super Giants,Gujarat Titans,bat,Gujarat Titans,Gujarat Titans,144,82
1304104,2022,2022-05-11,Rajasthan Royals,Delhi Capitals,Delhi Capitals,field,Rajasthan Royals,Delhi Capitals,160,161
1304105,2022,2022-05-12,Chennai Super Kings,Mumbai Indians,Mumbai Indians,field,Chennai Super Kings,Mumbai Indians,97,103
1304106,2022,2022-05-13,Punjab Kings,Royal Challengers Bangalore,Royal Challengers Bangalore,field,Punjab Kings,Punjab Kings,209,155
1304107,2022,2022-05-14,Kolkata Knight Riders,Sunrisers Hyderabad,Kolkata Knight Riders,bat,Kolkata Knight Riders,Kolkata Knight Riders,177,123
1304108,2022,2022-05-15,Chennai Super Kings,Gujarat Titans,Chennai Super Kings,bat,Chennai Super Kings,Gujarat Titans,133,137
1304109,2022,2022-05-15,Rajasthan Royals,Lucknow Super Giants,Rajasthan Royals,bat,Rajasthan Royals,Rajasthan Royals,178,154
1304110,2022,2022-05-16,Delhi Capitals,Punjab Kings,Punjab Kings,field,Delhi Capitals,Delhi Capitals,159,142
1304111,2022,2022-05-17,Sunrisers Hyderabad,Mumbai Indians,Mumbai Indians,field,Sunrisers Hyderabad,Sunrisers Hyderabad,193,190
1304112,2022,2022-05-18,Lucknow Super Giants,Kolkata Knight Riders,Lucknow Super Giants,bat,Lucknow Super Giants,Lucknow Super Giants,210,208
1304113,2022,2022-05-19,Gujarat Titans,Royal Challengers Bangalore,Gujarat Titans,bat,Gujarat Titans,Royal Challengers Bangalore,168,170
1304114,2022,2022-05-20,Chennai Super Kings,Rajasthan Royals,Chennai Super Kings,bat,Chennai Super Kings,Rajasthan Royals,150,151
1304115,2022,2022-05-21,Delhi Capitals,Mumbai Indians,Mumbai Indians,field,Delhi Capitals,Mumbai Indians,159,160
1304116,2022,2022-05-22,Sunrisers Hyderabad,Punjab Kings,Sunrisers Hyderabad,bat,Sunrisers Hyderabad,Punjab Kings,157,160
1312197,2022,2022-05-24,Rajasthan Royals,Gujarat Titans,Gujarat Titans,field,Rajasthan Royals,Gujarat Titans,188,191
1312198,2022,2022-05-25,Royal Challengers Bangalore,Lucknow Super Giants,Lucknow Super Giants,field,Royal Challengers Bangalore,Royal Challengers Bangalore,207,193
1312199,2022,2022-05-27,Royal Challengers Bangalore,Rajasthan Royals,Rajasthan Royals,field,Royal Challengers Bangalore,Rajasthan Royals,157,161
1312200,2022,2022-05-29,Rajasthan Royals,Gujarat Titans,Rajasthan Royals,bat,Rajasthan Royals,Gujarat Titans,130,133
1359475,2023,2023-03-31,Chennai Super Kings,Gujarat Titans,Gujarat Titans,field,Chennai Super Kings,Gujarat Titans,178,182
1359476,2023,2023-04-01,Punjab Kings,Kolkata Knight Riders,Kolkata Knight Riders,field,Punjab Kings,Punjab Kings,191,146
1359477,2023,2023-04-01,Lucknow Super Giants,Delhi Capitals,Delhi Capitals,field,Lucknow Super Giants,Lucknow Super Giants,193,143
1359478,2023,2023-04-02,Rajasthan Royals,Sunrisers Hyderabad,Sunrisers Hyderabad,field,Rajasthan Royals,Rajasthan Royals,203,131
1359479,2023,2023-04-02,Mumbai Indians,Royal Challengers Bangalore,Royal Challengers Bangalore,field,Mumbai Indians,Royal Challengers Bangalore,171,172
1359480,2023,2023-04-03,Chennai Super Kings,Lucknow Super Giants,Lucknow Super Giants,field,Chennai Super Kings,Chennai Super Kings,217,205
1359481,2023,2023-04-04,Delhi Capitals,Gujarat Titans,Gujarat Titans,field,Delhi Capitals,Gujarat Titans,162,163
1359482,2023,2023-04-05,Punjab Kings,Rajasthan Royals,Rajasthan Royals,field,Punjab Kings,Punjab Kings,197,192
1359483,2023,2023-04-06,Kolkata Knight Riders,Royal Challengers Bangalore,Royal Challengers Bangalore,field,Kolkata Knight Riders,Kolkata Knight Riders,204,123
1359484,2023,2023-04-07,Sunrisers Hyderabad,Lucknow Super Giants,Sunrisers Hyderabad,bat,Sunrisers Hyderabad,Lucknow Super Giants,121,127
1359485,2023,2023-04-08,Rajasthan Royals,Delhi Capitals,Delhi Capitals,field,Rajasthan Royals,Rajasthan Royals,199,142
1359486,2023,2023-04-08,Mumbai Indians,Chennai Super Kings,Chennai Super Kings,field,Mumbai Indians,Chennai Super Kings,157,159
1359487,2023,2023-04-09,Gujarat Titans,Kolkata Knight Riders,Gujarat Titans,bat,Gujarat Titans,Kolkata Knight Riders,204,207
1359488,2023,2023-04-09,Punjab Kings,Sunrisers Hyderabad,Sunrisers Hyderabad,field,Punjab Kings,Sunrisers Hyderabad,143,145
1359489,2023,2023-04-10,Royal Challengers Bangalore,Lucknow Super Giants,Lucknow Super Giants,field,Royal Challengers Bangalore,Lucknow Super Giants,212,213
1359490,2023,2023-04-11,Delhi Capitals,Mumbai Indians,Mumbai Indians,field,Delhi Capitals,Mumbai Indians,172,173
1359491,2023,2023-04-12,Rajasthan Royals,Chennai Super Kings,Chennai Super Kings,field,Rajasthan Royals,Rajasthan Royals,175,172
1359492,2023,2023-04-13,Punjab Kings,Gujarat Titans,Gujarat Titans,field,Punjab Kings,Gujarat Titans,153,154
1359493,2023,2023-04-14,Sunrisers Hyderabad,Kolkata Knight Riders,Kolkata Knight Riders,field,Sunrisers Hyderabad,Sunrisers Hyderabad,228,205
1359494,2023,2023-04-15,Royal Challengers Bangalore,Delhi Capitals,Delhi Capitals,field,Royal Challengers Bangalore,Royal Challengers Bangalore,174,151
1359495,2023,2023-04-15,Lucknow Super Giants,Punjab Kings,Punjab Kings,field,Lucknow Super Giants,Punjab Kings,159,161
1359496,2023,2023-04-16,Kolkata Knight Riders,Mumbai Indians,Mumbai Indians,field,Kolkata Knight Riders,Mumbai Indians,185,186
1359497,2023,2023-04-16,Gujarat Titans,Rajasthan Royals,Rajasthan Royals,field,Gujarat Titans,Rajasthan Royals,177,179
1359498,2023,2023-04-17,Chennai Super Kings,Royal Challengers Bangalore,Royal Challengers Bangalore,field,Chennai Super Kings,Chennai Super Kings,226,218
1359499,2023,2023-04-18,Mumbai Indians,Sunrisers Hyderabad,Sunrisers Hyderabad,field,Mumbai Indians,Mumbai Indians,192,178
1359500,2023,2023-04-19,Lucknow Super Giants,Rajasthan Royals,Rajasthan Royals,field,Lucknow Super Giants,Lucknow Super Giants,154,144
1359501,2023,2023-04-20,Royal Challengers Bangalore,Punjab Kings,Punjab Kings,field,Royal Challengers Bangalore,Royal Challengers Bangalore,174,150
1359502,2023,2023-04-20,Kolkata Knight Riders,Delhi Capitals,Delhi Capitals,field,Kolkata Knight Riders,Delhi Capitals,127,128
1359503,2023,2023-04-21,Sunrisers Hyderabad,Chennai Super Kings,Chennai Super Kings,field,Sunrisers Hyderabad,Chennai Super Kings,134,138
1359504,2023,2023-04-22,Gujarat Titans,Lucknow Super Giants,Gujarat Titans,bat,Gujarat Titans,Gujarat Titans,135,128
1359505,2023,2023-04-22,Punjab Kings,Mumbai Indians,Mumbai Indians,field,Punjab Kings,Punjab Kings,214,201
1359506,2023,2023-04-23,Royal Challengers Bangalore,Rajasthan Royals,Rajasthan Royals,field,Royal Challengers Bangalore,Royal Challengers Bangalore,189,182
1359507,2023,2023-04-23,Chennai Super Kings,Kolkata Knight Riders,Kolkata Knight Riders,field,Chennai Super Kings,Chennai Super Kings,235,186
1359508,2023,2023-04-24,Delhi Capitals,Sunrisers Hyderabad,Delhi Capitals,bat,Delhi Capitals,Delhi Capitals,144,137
1359509,2023,2023-04-25,Gujarat Titans,Mumbai Indians,Mumbai Indians,field,Gujarat Titans,Gujarat Titans,207,152
1359510,2023,2023-04-26,Kolkata Knight Riders,Royal Challengers Bangalore,Royal Challengers Bangalore,field,Kolkata Knight Riders,Kolkata Knight Riders,200,179
1359511,2023,2023-04-27,Rajasthan Royals,Chennai Super Kings,Rajasthan Royals,bat,Rajasthan Royals,Rajasthan Royals,202,170
1359512,2023,2023-04-28,Lucknow Super Giants,Punjab Kings,Punjab Kings,field,Lucknow Super Giants,Lucknow Super Giants,257,201
1359513,2023,2023-04-29,Kolkata Knight Riders,Gujarat Titans,Gujarat Titans,field,Kolkata Knight Riders,Gujarat Titans,179,180
1359514,2023,2023-04-29,Sunrisers Hyderabad,Delhi Capitals,Sunrisers Hyderabad,bat,Sunrisers Hyderabad,Sunrisers Hyderabad,197,188
1359515,2023,2023-04-30,Chennai Super Kings,Punjab Kings,Chennai Super Kings,bat,Chennai Super Kings,Punjab Kings,200,201
1359516,2023,2023-04-30,Rajasthan Royals,Mumbai Indians,Rajasthan Royals,bat,Rajasthan Royals,Mumbai Indians,212,214
1359517,2023,2023-05-01,Royal Challengers Bangalore,Lucknow Super Giants,Royal Challengers Bangalore,bat,Royal Challengers Bangalore,Royal Challengers Bangalore,126,108
1359518,2023,2023-05-02,Delhi Capitals,Gujarat Titans,Delhi Capitals,bat,Delhi Capitals,Delhi Capitals,130,125
1359519,2023,2023-05-03,Lucknow Super Giants,Chennai Super Kings,Chennai Super Kings,field,Lucknow Super Giants,Unknown,125,0
1359520,2023,2023-05-03,Punjab Kings,Mumbai Indians,Mumbai Indians,field,Punjab Kings,Mumbai Indians,214,216
1359521,2023,2023-05-04,Kolkata Knight Riders,Sunrisers Hyderabad,Kolkata Knight Riders,bat,Kolkata Knight Riders,Kolkata Knight Riders,171,166
1359522,2023,2023-05-05,Rajasthan Royals,Gujarat Titans,Rajasthan Royals,bat,Rajasthan Royals,Gujarat Titans,118,119
1359523,2023,2023-05-06,Mumbai Indians,Chennai Super Kings,Chennai Super Kings,field,Mumbai Indians,Chennai Super Kings,139,140
1359524,2023,2023-05-06,Royal Challengers Bangalore,Delhi Capitals,Royal Challengers Bangalore,bat,Royal Challengers Bangalore,Delhi Capitals,181,187
1359525,2023,2023-05-07,Gujarat Titans,Lucknow Super Giants,Lucknow Super Giants,field,Gujarat Titans,Gujarat Titans,227,171
1359526,2023,2023-05-07,Rajasthan Royals,Sunrisers Hyderabad,Rajasthan Royals,bat,Rajasthan Royals,Sunrisers Hyderabad,214,217
1359527,2023,2023-05-08,Punjab Kings,Kolkata Knight Riders,Punjab Kings,bat,Punjab Kings,Kolkata Knight Riders,179,182
1359528,2023,2023-05-09,Royal Challengers Bangalore,Mumbai Indians,Mumbai Indians,field,Royal Challengers Bangalore,Mumbai Indians,199,200
1359529,2023,2023-05-10,Chennai Super Kings,Delhi Capitals,Chennai Super Kings,bat,Chennai Super Kings,Chennai Super Kings,167,140
1359530,2023,2023-05-11,Kolkata Knight Riders,Rajasthan Royals,Rajasthan Royals,field,Kolkata Knight Riders,Rajasthan Royals,149,151
1359531,2023,2023-05-12,Mumbai Indians,Gujarat Titans,Gujarat Titans,field,Mumbai Indians,Mumbai Indians,218,191
1359532,2023,2023-05-13,Sunrisers Hyderabad,Lucknow Super Giants,Sunrisers Hyderabad,bat,Sunrisers Hyderabad,Lucknow Super Giants,182,185
1359533,2023,2023-05-13,Punjab Kings,Delhi Capitals,Delhi Capitals,field,Punjab Kings,Punjab Kings,167,136
1359534,2023,2023-05-14,Royal Challengers Bangalore,Rajasthan Royals,Royal Challengers Bangalore,bat,Royal Challengers Bangalore,Royal Challengers Bangalore,171,59
1359535,2023,2023-05-14,Chennai Super Kings,Kolkata Knight Riders,Chennai Super Kings,bat,Chennai Super Kings,Kolkata Knight Riders,144,147
1359536,2023,2023-05-15,Gujarat Titans,Sunrisers Hyderabad,Sunrisers Hyderabad,field,Gujarat Titans,Gujarat Titans,188,154
1359537,2023,2023-05-16,Lucknow Super Giants,Mumbai Indians,Mumbai Indians,field,Lucknow Super Giants,Lucknow Super Giants,177,172
1359538,2023,2023-05-17,Delhi Capitals,Punjab Kings,Punjab Kings,field,Delhi Capitals,Delhi Capitals,213,198
1359539,2023,2023-05-18,Sunrisers Hyderabad,Royal Challengers Bangalore,Royal Challengers Bangalore,field,Sunrisers Hyderabad,Royal Challengers Bangalore,186,187
1359540,2023,2023-05-19,Punjab Kings,Rajasthan Royals,Rajasthan Royals,field,Punjab Kings,Rajasthan Royals,187,189
1359541,2023,2023-05-20,Chennai Super Kings,Delhi Capitals,Chennai Super Kings,bat,Chennai Super Kings,Chennai Super Kings,223,146
1359542,2023,2023-05-20,Lucknow Super Giants,Kolkata Knight Riders,Kolkata Knight Riders,field,Lucknow Super Giants,Lucknow Super Giants,176,175
1359543,2023,2023-05-21,Sunrisers Hyderabad,Mumbai Indians,Mumbai Indians,field,Sunrisers Hyderabad,Mumbai Indians,200,201
1359544,2023,2023-05-21,Royal Challengers Bangalore,Gujarat Titans,Gujarat Titans,field,Royal Challengers Bangalore,Gujarat Titans,197,198
1370350,2023,2023-05-23,Chennai Super Kings,Gujarat Titans,Gujarat Titans,field,Chennai Super Kings,Chennai Super Kings,172,157
1370351,2023,2023-05-24,Mumbai Indians,Lucknow Super Giants,Mumbai Indians,bat,Mumbai Indians,Mumbai Indians,182,101
1370352,2023,2023-05-26,Gujarat Titans,Mumbai Indians,Mumbai Indians,field,Gujarat Titans,Gujarat Titans,233,171
1370353,2023,2023-05-29,Gujarat Titans,Chennai Super Kings,Chennai Super Kings,field,Gujarat Titans,Chennai Super Kings,214,171
1422119,2024,2024-03-22,Royal Challengers Bengaluru,Chennai Super Kings,Royal Challengers Bengaluru,bat,Royal Challengers Bengaluru,Chennai Super Kings,173,176
1422120,2024,2024-03-23,Delhi Capitals,Punjab Kings,Punjab Kings,field,Delhi Capitals,Punjab Kings,174,177
1422121,2024,2024-03-23,Kolkata Knight Riders,Sunrisers Hyderabad,Sunrisers Hyderabad,field,Kolkata Knight Riders,Kolkata Knight Riders,208,204
1422122,2024,2024-03-24,Rajasthan Royals,Lucknow Super Giants,Rajasthan Royals,bat,Rajasthan Royals,Rajasthan Royals,193,173
1422123,2024,2024-03-24,Gujarat Titans,Mumbai Indians,Mumbai Indians,field,Gujarat Titans,Gujarat Titans,168,162
1422124,2024,2024-03-25,Punjab Kings,Royal Challengers Bengaluru,Royal Challengers Bengaluru,field,Punjab Kings,Royal Challengers Bengaluru,176,178
1422125,2024,2024-03-26,Chennai Super Kings,Gujarat Titans,Gujarat Titans,field,Chennai Super Kings,Chennai Super Kings,206,143
1422126,2024,2024-03-27,Sunrisers Hyderabad,Mumbai Indians,Mumbai Indians,field,Sunrisers Hyderabad,Sunrisers Hyderabad,277,246
1422127,2024,2024-03-28,Rajasthan Royals,Delhi Capitals,Delhi Capitals,field,Rajasthan Royals,Rajasthan Royals,185,173
1422128,2024,2024-03-29,Royal Challengers Bengaluru,Kolkata Knight Riders,Kolkata Knight Riders,field,Royal Challengers Bengaluru,Kolkata Knight Riders,182,186
1422129,2024,2024-03-30,Lucknow Super Giants,Punjab Kings,Lucknow Super Giants,bat,Lucknow Super Giants,Lucknow Super Giants,199,178
1422130,2024,2024-03-31,Sunrisers Hyderabad,Gujarat Titans,Sunrisers Hyderabad,bat,Sunrisers Hyderabad,Gujarat Titans,162,168
1422131,2024,2024-03-31,Delhi Capitals,Chennai Super Kings,Delhi Capitals,bat,Delhi Capitals,Delhi Capitals,191,171
1422132,2024,2024-04-01,Mumbai Indians,Rajasthan Royals,Rajasthan Royals,field,Mumbai Indians,Rajasthan Royals,125,127
1422133,2024,2024-04-02,Lucknow Super Giants,Royal Challengers Bengaluru,Royal Challengers Bengaluru,field,Lucknow Super Giants,Lucknow Super Giants,181,153
1422134,2024,2024-04-03,Kolkata Knight Riders,Delhi Capitals,Kolkata Knight Riders,bat,Kolkata Knight Riders,Kolkata Knight Riders,272,166
1422135,2024,2024-04-04,Gujarat Titans,Punjab Kings,Punjab Kings,field,Gujarat Titans,Punjab Kings,199,200
1422136,2024,2024-04-05,Chennai Super Kings,Sunrisers Hyderabad,Sunrisers Hyderabad,field,Chennai Super Kings,Sunrisers Hyderabad,165,166
1422137,2024,2024-04-06,Royal Challengers Bengaluru,Rajasthan Royals,Rajasthan Royals,field,Royal Challengers Bengaluru,Rajasthan Royals,183,189
1422138,2024,2024-04-07,Mumbai Indians,Delhi Capitals,Delhi Capitals,field,Mumbai Indians,Mumbai Indians,234,205
1422139,2024,2024-04-07,Lucknow Super Giants,Gujarat Titans,Lucknow Super Giants,bat,Lucknow Super Giants,Lucknow Super Giants,163,130
1426260,2024,2024-04-08,Kolkata Knight Riders,Chennai Super Kings,Chennai Super Kings,field,Kolkata Knight Riders,Chennai Super Kings,137,141
1426261,2024,2024-04-09,Sunrisers Hyderabad,Punjab Kings,Punjab Kings,field,Sunrisers Hyderabad,Sunrisers Hyderabad,182,180
1426262,2024,2024-04-10,Rajasthan Royals,Gujarat Titans,Gujarat Titans,field,Rajasthan Royals,Gujarat Titans,196,199
1426263,2024,2024-04-11,Royal Challengers Bengaluru,Mumbai Indians,Mumbai Indians,field,Royal Challengers Bengaluru,Mumbai Indians,196,199
1426264,2024,2024-04-12,Lucknow Super Giants,Delhi Capitals,Lucknow Super Giants,bat,Lucknow Super Giants,Delhi Capitals,167,170
1426265,2024,2024-04-13,Punjab Kings,Rajasthan Royals,Rajasthan Royals,field,Punjab Kings,Rajasthan Royals,147,152
1426266,2024,2024-04-14,Lucknow Super Giants,Kolkata Knight Riders,Kolkata Knight Riders,field,Lucknow Super Giants,Kolkata Knight Riders,161,162
1426267,2024,2024-04-14,Chennai Super Kings,Mumbai Indians,Mumbai Indians,field,Chennai Super Kings,Chennai Super Kings,206,186
1426268,2024,2024-04-15,Sunrisers Hyderabad,Royal Challengers Bengaluru,Royal Challengers Bengaluru,field,Sunrisers Hyderabad,Sunrisers Hyderabad,287,262
1426269,2024,2024-04-16,Kolkata Knight Riders,Rajasthan Royals,Rajasthan Royals,field,Kolkata Knight Riders,Rajasthan Royals,223,224
1426270,2024,2024-04-17,Gujarat Titans,Delhi Capitals,Delhi Capitals,field,Gujarat Titans,Delhi Capitals,89,92
1426271,2024,2024-04-18,Mumbai Indians,Punjab Kings,Punjab Kings,field,Mumbai Indians,Mumbai Indians,192,183
1426272,2024,2024-04-19,Chennai Super Kings,Lucknow Super Giants,Lucknow Super Giants,field,Chennai Super Kings,Lucknow Super Giants,176,180
1426273,2024,2024-04-20,Sunrisers Hyderabad,Delhi Capitals,Delhi Capitals,field,Sunrisers Hyderabad,Sunrisers Hyderabad,266,199
1426274,2024,2024-04-21,Kolkata Knight Riders,Royal Challengers Bengaluru,Royal Challengers Bengaluru,field,Kolkata Knight Riders,Kolkata Knight Riders,222,221
1426275,2024,2024-04-21,Punjab Kings,Gujarat Titans,Punjab Kings,bat,Punjab Kings,Gujarat Titans,142,146
1426276,2024,2024-04-22,Mumbai Indians,Rajasthan Royals,Mumbai Indians,bat,Mumbai Indians,Rajasthan Royals,179,183
1426277,2024,2024-04-23,Chennai Super Kings,Lucknow Super Giants,Lucknow Super Giants,field,Chennai Super Kings,Lucknow Super Giants,210,213
1426278,2024,2024-04-24,Delhi Capitals,Gujarat Titans,Gujarat Titans,field,Delhi Capitals,Delhi Capitals,224,220
1426279,2024,2024-04-25,Royal Challengers Bengaluru,Sunrisers Hyderabad,Royal Challengers Bengaluru,bat,Royal Challengers Bengaluru,Royal Challengers Bengaluru,206,171
1426280,2024,2024-04-26,Kolkata Knight Riders,Punjab Kings,Punjab Kings,field,Kolkata Knight Riders,Punjab Kings,261,262
1426281,2024,2024-04-27,Delhi Capitals,Mumbai Indians,Mumbai Indians,field,Delhi Capitals,Delhi Capitals,257,247
1426282,2024,2024-04-27,Lucknow Super Giants,Rajasthan Royals,Rajasthan Royals,field,Lucknow Super Giants,Rajasthan Royals,196,199
1426283,2024,2024-04-28,Gujarat Titans,Royal Challengers Bengaluru,Royal Challengers Bengaluru,field,Gujarat Titans,Royal Challengers Bengaluru,200,206
1426284,2024,2024-04-28,Chennai Super Kings,Sunrisers Hyderabad,Sunrisers Hyderabad,field,Chennai Super Kings,Chennai Super Kings,212,134
1426285,2024,2024-04-29,Delhi Capitals,Kolkata Knight Riders,Delhi Capitals,bat,Delhi Capitals,Kolkata Knight Riders,153,157
1426286,2024,2024-04-30,Mumbai Indians,Lucknow Super Giants,Lucknow Super Giants,field,Mumbai Indians,Lucknow Super Giants,144,145
1426287,2024,2024-05-01,Chennai Super Kings,Punjab Kings,Punjab Kings,field,Chennai Super Kings,Punjab Kings,162,163
1426288,2024,2024-05-02,Sunrisers Hyderabad,Rajasthan Royals,Sunrisers Hyderabad,bat,Sunrisers Hyderabad,Sunrisers Hyderabad,201,200
1426289,2024,2024-05-03,Kolkata Knight Riders,Mumbai Indians,Mumbai Indians,field,Kolkata Knight Riders,Kolkata Knight Riders,169,145
1426290,2024,2024-05-04,Gujarat Titans,Royal Challengers Bengaluru,Royal Challengers Bengaluru,field,Gujarat Titans,Royal Challengers Bengaluru,147,152
1426291,2024,2024-05-05,Chennai Super Kings,Punjab Kings,Punjab Kings,field,Chennai Super Kings,Chennai Super Kings,167,139
1426292,2024,2024-05-05,Kolkata Knight Riders,Lucknow Super Giants,Lucknow Super Giants,field,Kolkata Knight Riders,Kolkata Knight Riders,235,137
1426293,2024,2024-05-06,Sunrisers Hyderabad,Mumbai Indians,Mumbai Indians,field,Sunrisers Hyderabad,Mumbai Indians,173,174
1426294,2024,2024-05-07,Delhi Capitals,Rajasthan Royals,Rajasthan Royals,field,Delhi Capitals,Delhi Capitals,221,201
1426295,2024,2024-05-08,Lucknow Super Giants,Sunrisers Hyderabad,Lucknow Super Giants,bat,Lucknow Super Giants,Sunrisers Hyderabad,165,167
1426296,2024,2024-05-09,Royal Challengers Bengaluru,Punjab Kings,Punjab Kings,field,Royal Challengers Bengaluru,Royal Challengers Bengaluru,241,181
1426297,2024,2024-05-10,Gujarat Titans,Chennai Super Kings,Chennai Super Kings,field,Gujarat Titans,Gujarat Titans,231,196
1426298,2024,2024-05-11,Kolkata Knight Riders,Mumbai Indians,Mumbai Indians,field,Kolkata Knight Riders,Kolkata Knight Riders,157,139
1426299,2024,2024-05-12,Rajasthan Royals,Chennai Super Kings,Rajasthan Royals,bat,Rajasthan Royals,Chennai Super Kings,141,145
1426300,2024,2024-05-12,Royal Challengers Bengaluru,Delhi Capitals,Delhi Capitals,field,Royal Challengers Bengaluru,Royal Challengers Bengaluru,187,140
1426302,2024,2024-05-14,Delhi Capitals,Lucknow Super Giants,Lucknow Super Giants,field,Delhi Capitals,Delhi Capitals,208,189
1426303,2024,2024-05-15,Rajasthan Royals,Punjab Kings,Rajasthan Royals,bat,Rajasthan Royals,Punjab Kings,144,145
1426305,2024,2024-05-17,Lucknow Super Giants,Mumbai Indians,Mumbai Indians,field,Lucknow Super Giants,Lucknow Super Giants,214,196
1426306,2024,2024-05-18,Royal Challengers Bengaluru,Chennai Super Kings,Chennai Super Kings,field,Royal Challengers Bengaluru,Royal Challengers Bengaluru,218,191
1426307,2024,2024-05-19,Punjab Kings,Sunrisers Hyderabad,Punjab Kings,bat,Punjab Kings,Sunrisers Hyderabad,214,215
1426309,2024,2024-05-21,Sunrisers Hyderabad,Kolkata Knight Riders,Sunrisers Hyderabad,bat,Sunrisers Hyderabad,Kolkata Knight Riders,159,164
1426310,2024,2024-05-22,Royal Challengers Bengaluru,Rajasthan Royals,Rajasthan Royals,field,Royal Challengers Bengaluru,Rajasthan Royals,172,174
1426311,2024,2024-05-24,Sunrisers Hyderabad,Rajasthan Royals,Rajasthan Royals,field,Sunrisers Hyderabad,Sunrisers Hyderabad,175,139
1426312,2024,2024-05-26,Sunrisers Hyderabad,Kolkata Knight Riders,Sunrisers Hyderabad,bat,Sunrisers Hyderabad,Kolkata Knight Riders,113,114
1473438,2025,2025-03-22,Kolkata Knight Riders,Royal Challengers Bengaluru,Royal Challengers Bengaluru,field,Kolkata Knight Riders,Royal Challengers Bengaluru,174,177
1473439,2025,2025-03-23,Sunrisers Hyderabad,Rajasthan Royals,Rajasthan Royals,field,Sunrisers Hyderabad,Sunrisers Hyderabad,286,242
1473440,2025,2025-03-23,Mumbai Indians,Chennai Super Kings,Chennai Super Kings,field,Mumbai Indians,Chennai Super Kings,155,158
1473441,2025,2025-03-24,Lucknow Super Giants,Delhi Capitals,Delhi Capitals,field,Lucknow Super Giants,Delhi Capitals,209,211
1473442,2025,2025-03-25,Punjab Kings,Gujarat Titans,Gujarat Titans,field,Punjab Kings,Punjab Kings,243,232
1473443,2025,2025-03-26,Rajasthan Royals,Kolkata Knight Riders,Kolkata Knight Riders,field,Rajasthan Royals,Kolkata Knight Riders,151,153
1473444,2025,2025-03-27,Sunrisers Hyderabad,Lucknow Super Giants,Lucknow Super Giants,field,Sunrisers Hyderabad,Lucknow Super Giants,190,193
1473445,2025,2025-03-28,Royal Challengers Bengaluru,Chennai Super Kings,Chennai Super Kings,field,Royal Challengers Bengaluru,Royal Challengers Bengaluru,196,146
1473446,2025,2025-03-29,Gujarat Titans,Mumbai Indians,Mumbai Indians,field,Gujarat Titans,Gujarat Titans,196,160
1473447,2025,2025-03-30,Sunrisers Hyderabad,Delhi Capitals,Sunrisers Hyderabad,bat,Sunrisers Hyderabad,Delhi Capitals,163,166
1473448,2025,2025-03-30,Rajasthan Royals,Chennai Super Kings,Chennai Super Kings,field,Rajasthan Royals,Rajasthan Royals,182,176
1473449,2025,2025-03-31,Kolkata Knight Riders,Mumbai Indians,Mumbai Indians,field,Kolkata Knight Riders,Mumbai Indians,116,121
1473450,2025,2025-04-01,Lucknow Super Giants,Punjab Kings,Punjab Kings,field,Lucknow Super Giants,Punjab Kings,171,177
1473451,2025,2025-04-02,Royal Challengers Bengaluru,Gujarat Titans,Gujarat Titans,field,Royal Challengers Bengaluru,Gujarat Titans,169,170
1473452,2025,2025-04-03,Kolkata Knight Riders,Sunrisers Hyderabad,Sunrisers Hyderabad,field,Kolkata Knight Riders,Kolkata Knight Riders,200,120
1473453,2025,2025-04-04,Lucknow Super Giants,Mumbai Indians,Mumbai Indians,field,Lucknow Super Giants,Lucknow Super Giants,203,191
1473454,2025,2025-04-05,Delhi Capitals,Chennai Super Kings,Delhi Capitals,bat,Delhi Capitals,Delhi Capitals,183,158
1473455,2025,2025-04-05,Rajasthan Royals,Punjab Kings,Punjab Kings,field,Rajasthan Royals,Rajasthan Royals,205,155
1473456,2025,2025-04-08,Lucknow Super Giants,Kolkata Knight Riders,Kolkata Knight Riders,field,Lucknow Super Giants,Lucknow Super Giants,238,234
1473457,2025,2025-04-06,Sunrisers Hyderabad,Gujarat Titans,Gujarat Titans,field,Sunrisers Hyderabad,Gujarat Titans,152,153
1473458,2025,2025-04-07,Royal Challengers Bengaluru,Mumbai Indians,Mumbai Indians,field,Royal Challengers Bengaluru,Royal Challengers Bengaluru,221,209
1473459,2025,2025-04-08,Punjab Kings,Chennai Super Kings,Punjab Kings,bat,Punjab Kings,Punjab Kings,219,201
1473460,2025,2025-04-09,Gujarat Titans,Rajasthan Royals,Rajasthan Royals,field,Gujarat Titans,Gujarat Titans,217,159
1473461,2025,2025-04-10,Royal Challengers Bengaluru,Delhi Capitals,Delhi Capitals,field,Royal Challengers Bengaluru,Delhi Capitals,163,169
1473462,2025,2025-04-11,Chennai Super Kings,Kolkata Knight Riders,Kolkata Knight Riders,field,Chennai Super Kings,Kolkata Knight Riders,103,107
1473463,2025,2025-04-12,Gujarat Titans,Lucknow Super Giants,Lucknow Super Giants,field,Gujarat Titans,Lucknow Super Giants,180,186
1473464,2025,2025-04-12,Punjab Kings,Sunrisers Hyderabad,Punjab Kings,bat,Punjab Kings,Sunrisers Hyderabad,245,247
1473465,2025,2025-04-13,Rajasthan Royals,Royal Challengers Bengaluru,Royal Challengers Bengaluru,field,Rajasthan Royals,Royal Challengers Bengaluru,173,175
1473466,2025,2025-04-13,Mumbai Indians,Delhi Capitals,Delhi Capitals,field,Mumbai Indians,Mumbai Indians,205,193
1473467,2025,2025-04-14,Lucknow Super Giants,Chennai Super Kings,Chennai Super Kings,field,Lucknow Super Giants,Chennai Super Kings,166,168
1473468,2025,2025-04-15,Punjab Kings,Kolkata Knight Riders,Punjab Kings,bat,Punjab Kings,Punjab Kings,111,95
1473469,2025,2025-04-16,Delhi Capitals,Rajasthan Royals,Rajasthan Royals,field,Delhi Capitals,Unknown,188,188
1473470,2025,2025-04-17,Sunrisers Hyderabad,Mumbai Indians,Mumbai Indians,field,Sunrisers Hyderabad,Mumbai Indians,162,166
1473471,2025,2025-04-18,Royal Challengers Bengaluru,Punjab Kings,Punjab Kings,field,Royal Challengers Bengaluru,Punjab Kings,95,98
1473472,2025,2025-04-19,Delhi Capitals,Gujarat Titans,Gujarat Titans,field,Delhi Capitals,Gujarat Titans,203,204
1473473,2025,2025-04-19,Lucknow Super Giants,Rajasthan Royals,Lucknow Super Giants,bat,Lucknow Super Giants,Lucknow Super Giants,180,178
1473474,2025,2025-04-20,Punjab Kings,Royal Challengers Bengaluru,Royal Challengers Bengaluru,field,Punjab Kings,Royal Challengers Bengaluru,157,159
1473475,2025,2025-04-20,Chennai Super Kings,Mumbai Indians,Mumbai Indians,field,Chennai Super Kings,Mumbai Indians,176,177
1473476,2025,2025-04-21,Gujarat Titans,Kolkata Knight Riders,Kolkata Knight Riders,field,Gujarat Titans,Gujarat Titans,198,159
1473477,2025,2025-04-22,Lucknow Super Giants,Delhi Capitals,Delhi Capitals,field,Lucknow Super Giants,Delhi Capitals,159,161
1473478,2025,2025-04-23,Sunrisers Hyderabad,Mumbai Indians,Mumbai Indians,field,Sunrisers Hyderabad,Mumbai Indians,143,146
1473479,2025,2025-04-24,Royal Challengers Bengaluru,Rajasthan Royals,Rajasthan Royals,field,Royal Challengers Bengaluru,Royal Challengers Bengaluru,205,194
1473480,2025,2025-04-25,Chennai Super Kings,Sunrisers Hyderabad,Sunrisers Hyderabad,field,Chennai Super Kings,Sunrisers Hyderabad,154,155
1473481,2025,2025-04-26,Punjab Kings,Kolkata Knight Riders,Punjab Kings,bat,Punjab Kings,Unknown,201,7
1473482,2025,2025-04-27,Mumbai Indians,Lucknow Super Giants,Lucknow Super Giants,field,Mumbai Indians,Mumbai Indians,215,161
1473483,2025,2025-04-27,Delhi Capitals,Royal Challengers Bengaluru,Royal Challengers Bengaluru,field,Delhi Capitals,Royal Challengers Bengaluru,162,165
1473484,2025,2025-04-28,Gujarat Titans,Rajasthan Royals,Rajasthan Royals,field,Gujarat Titans,Rajasthan Royals,209,212
1473485,2025,2025-04-29,Kolkata Knight Riders,Delhi Capitals,Delhi Capitals,field,Kolkata Knight Riders,Kolkata Knight Riders,204,190
1473486,2025,2025-04-30,Chennai Super Kings,Punjab Kings,Punjab Kings,field,Chennai Super Kings,Punjab Kings,190,194
1473487,2025,2025-05-01,Mumbai Indians,Rajasthan Royals,Rajasthan Royals,field,Mumbai Indians,Mumbai Indians,217,117
1473488,2025,2025-05-02,Gujarat Titans,Sunrisers Hyderabad,Sunrisers Hyderabad,field,Gujarat Titans,Gujarat Titans,224,186
1473489,2025,2025-05-03,Royal Challengers Bengaluru,Chennai Super Kings,Chennai Super Kings,field,Royal Challengers Bengaluru,Royal Challengers Bengaluru,213,211
1473490,2025,2025-05-04,Kolkata Knight Riders,Rajasthan Royals,Kolkata Knight Riders,bat,Kolkata Knight Riders,Kolkata Knight Riders,206,205
1473491,2025,2025-05-04,Punjab Kings,Lucknow Super Giants,Lucknow Super Giants,field,Punjab Kings,Punjab Kings,236,199
1473492,2025,2025-05-05,Delhi Capitals,Sunrisers Hyderabad,Sunrisers Hyderabad,field,Delhi Capitals,Unknown,133,0
1473493,2025,2025-05-06,Mumbai Indians,Gujarat Titans,Gujarat Titans,field,Mumbai Indians,Gujarat Titans,155,147
1473494,2025,2025-05-07,Kolkata Knight Riders,Chennai Super Kings,Kolkata Knight Riders,bat,Kolkata Knight Riders,Chennai Super Kings,179,183
1473495,2025,2025-05-08,Punjab Kings,Delhi Capitals,Punjab Kings,bat,Punjab Kings,Unknown,122,0
1473497,2025,2025-05-18,Punjab Kings,Rajasthan Royals,Punjab Kings,bat,Punjab Kings,Punjab Kings,219,209
1473498,2025,2025-05-18,Delhi Capitals,Gujarat Titans,Gujarat Titans,field,Delhi Capitals,Gujarat Titans,199,205
1473499,2025,2025-05-19,Lucknow Super Giants,Sunrisers Hyderabad,Sunrisers Hyderabad,field,Lucknow Super Giants,Sunrisers Hyderabad,205,206
1473500,2025,2025-05-20,Chennai Super Kings,Rajasthan Royals,Rajasthan Royals,field,Chennai Super Kings,Rajasthan Royals,187,188
1473501,2025,2025-05-21,Mumbai Indians,Delhi Capitals,Delhi Capitals,field,Mumbai Indians,Mumbai Indians,180,121
1473502,2025,2025-05-22,Lucknow Super Giants,Gujarat Titans,Gujarat Titans,field,Lucknow Super Giants,Lucknow Super Giants,235,202
1473503,2025,2025-05-23,Sunrisers Hyderabad,Royal Challengers Bengaluru,Royal Challengers Bengaluru,field,Sunrisers Hyderabad,Sunrisers Hyderabad,231,189
1473504,2025,2025-05-25,Chennai Super Kings,Gujarat Titans,Chennai Super Kings,bat,Chennai Super Kings,Chennai Super Kings,230,147
1473505,2025,2025-05-25,Sunrisers Hyderabad,Kolkata Knight Riders,Sunrisers Hyderabad,bat,Sunrisers Hyderabad,Sunrisers Hyderabad,278,168
1473506,2025,2025-05-26,Mumbai Indians,Punjab Kings,Punjab Kings,field,Mumbai Indians,Punjab Kings,184,187
1473507,2025,2025-05-27,Lucknow Super Giants,Royal Challengers Bengaluru,Royal Challengers Bengaluru,field,Lucknow Super Giants,Royal Challengers Bengaluru,227,230
1473508,2025,2025-05-29,Punjab Kings,Royal Challengers Bengaluru,Royal Challengers Bengaluru,field,Punjab Kings,Royal Challengers Bengaluru,101,106
1473509,2025,2025-05-30,Mumbai Indians,Gujarat Titans,Mumbai Indians,bat,Mumbai Indians,Mumbai Indians,228,208
1473510,2025,2025-06-01,Mumbai Indians,Punjab Kings,Punjab Kings,field,Mumbai Indians,Punjab Kings,203,207
1473511,2025,2025-06-03,Royal Challengers Bengaluru,Punjab Kings,Punjab Kings,field,Royal Challengers Bengaluru,Royal Challengers Bengaluru,190,184
1485779,2025,2025-05-24,Punjab Kings,Delhi Capitals,Delhi Capitals,field,Punjab Kings,Delhi Capitals,206,208
