,match_id,season,match_date,team_1,team_2,toss_winner,toss_decision,batting_first,winner,first_innings_score,second_innings_score
0,335982,2007/08,2008-04-18,Royal Challengers Bangalore,Kolkata Knight Riders,Royal Challengers Bangalore,field,Kolkata Knight Riders,Kolkata Knight Riders,222.0,82.0
1,335983,2007/08,2008-04-19,Kings XI Punjab,Chennai Super Kings,Chennai Super Kings,bat,Chennai Super Kings,Chennai Super Kings,240.0,207.0
2,335984,2007/08,2008-04-19,Delhi Daredevils,Rajasthan Royals,Rajasthan Royals,bat,Rajasthan Royals,Delhi Daredevils,129.0,130.0
3,335985,2007/08,2008-04-20,Mumbai Indians,Royal Challengers Bangalore,Mumbai Indians,bat,Mumbai Indians,Royal Challengers Bangalore,165.0,166.0
4,335986,2007/08,2008-04-20,Kolkata Knight Riders,Deccan Chargers,Deccan Chargers,bat,Deccan Chargers,Kolkata Knight Riders,110.0,111.0
5,335987,2007/08,2008-04-21,Rajasthan Royals,Kings XI Punjab,Kings XI Punjab,bat,Kings XI Punjab,Rajasthan Royals,166.0,167.0
6,335988,2007/08,2008-04-22,Deccan Chargers,Delhi Daredevils,Deccan Chargers,bat,Deccan Chargers,Delhi Daredevils,142.0,143.0
7,335989,2007/08,2008-04-23,Chennai Super Kings,Mumbai Indians,Mumbai Indians,field,Chennai Super Kings,Chennai Super Kings,208.0,202.0
8,335990,2007/08,2008-04-24,Deccan Chargers,Rajasthan Royals,Rajasthan Royals,field,Deccan Chargers,Rajasthan Royals,214.0,215.0
9,335991,2007/08,2008-04-25,Kings XI Punjab,Mumbai Indians,Mumbai Indians,field,Kings XI Punjab,Kings XI Punjab,182.0,116.0
10,335992,2007/08,2008-04-26,Royal Challengers Bangalore,Rajasthan Royals,Rajasthan Royals,field,Royal Challengers Bangalore,Rajasthan Royals,135.0,136.0
11,335993,2007/08,2008-04-26,Chennai Super Kings,Kolkata Knight Riders,Kolkata Knight Riders,bat,Kolkata Knight Riders,Chennai Super Kings,147.0,148.0
12,335994,2007/08,2008-04-27,Mumbai Indians,Deccan Chargers,Deccan Chargers,field,Mumbai Indians,Deccan Chargers,154.0,155.0
13,335995,2007/08,2008-04-27,Kings XI Punjab,Delhi Daredevils,Delhi Daredevils,bat,Delhi Daredevils,Kings XI Punjab,158.0,159.0
14,335996,2007/08,2008-04-28,Royal Challengers Bangalore,Chennai Super Kings,Chennai Super Kings,bat,Chennai Super Kings,Chennai Super Kings,178.0,165.0
15,335997,2007/08,2008-04-29,Kolkata Knight Riders,Mumbai Indians,Kolkata Knight Riders,bat,Kolkata Knight Riders,Mumbai Indians,137.0,138.0
16,335998,2007/08,2008-04-30,Delhi Daredevils,Royal Challengers Bangalore,Royal Challengers Bangalore,field,Delhi Daredevils,Delhi Daredevils,191.0,181.0
17,335999,2007/08,2008-05-01,Deccan Chargers,Kings XI Punjab,Kings XI Punjab,field,Deccan Chargers,Kings XI Punjab,164.0,165.0
18,336000,2007/08,2008-05-01,Rajasthan Royals,Kolkata Knight Riders,Rajasthan Royals,bat,Rajasthan Royals,Rajasthan Royals,196.0,151.0
19,336001,2007/08,2008-05-02,Chennai Super Kings,Delhi Daredevils,Chennai Super Kings,bat,Chennai Super Kings,Delhi Daredevils,169.0,170.0
20,336003,2007/08,2008-05-03,Kings XI Punjab,Kolkata Knight Riders,Kings XI Punjab,bat,Kings XI Punjab,Kings XI Punjab,178.0,169.0
21,336034,2007/08,2008-05-03,Royal Challengers Bangalore,Deccan Chargers,Deccan Chargers,field,Royal Challengers Bangalore,Royal Challengers Bangalore,156.0,153.0
22,336004,2007/08,2008-05-04,Mumbai Indians,Delhi Daredevils,Delhi Daredevils,field,Mumbai Indians,Mumbai Indians,162.0,133.0
23,336005,2007/08,2008-05-04,Rajasthan Royals,Chennai Super Kings,Chennai Super Kings,bat,Chennai Super Kings,Rajasthan Royals,109.0,110.0
24,336006,2007/08,2008-05-05,Royal Challengers Bangalore,Kings XI Punjab,Kings XI Punjab,field,Royal Challengers Bangalore,Kings XI Punjab,126.0,127.0
25,336007,2007/08,2008-05-06,Chennai Super Kings,Deccan Chargers,Deccan Chargers,field,Chennai Super Kings,Deccan Chargers,144.0,145.0
26,336008,2007/08,2008-05-07,Mumbai Indians,Rajasthan Royals,Mumbai Indians,field,Rajasthan Royals,Mumbai Indians,103.0,104.0
27,336009,2007/08,2008-05-08,Delhi Daredevils,Chennai Super Kings,Chennai Super Kings,field,Delhi Daredevils,Chennai Super Kings,187.0,188.0
28,336010,2007/08,2008-05-08,Kolkata Knight Riders,Royal Challengers Bangalore,Kolkata Knight Riders,bat,Kolkata Knight Riders,Kolkata Knight Riders,129.0,124.0
29,336011,2007/08,2008-05-09,Rajasthan Royals,Deccan Chargers,Rajasthan Royals,field,Deccan Chargers,Rajasthan Royals,140.0,141.0
30,336013,2007/08,2008-05-10,Chennai Super Kings,Kings XI Punjab,Kings XI Punjab,field,Chennai Super Kings,Chennai Super Kings,181.0,163.0
31,336014,2007/08,2008-05-11,Deccan Chargers,Kolkata Knight Riders,Kolkata Knight Riders,bat,Kolkata Knight Riders,Kolkata Knight Riders,204.0,181.0
32,336015,2007/08,2008-05-11,Rajasthan Royals,Delhi Daredevils,Rajasthan Royals,field,Delhi Daredevils,Rajasthan Royals,156.0,157.0
33,336016,2007/08,2008-05-12,Kings XI Punjab,Royal Challengers Bangalore,Royal Challengers Bangalore,bat,Royal Challengers Bangalore,Kings XI Punjab,143.0,144.0
34,336017,2007/08,2008-05-13,Kolkata Knight Riders,Delhi Daredevils,Kolkata Knight Riders,bat,Kolkata Knight Riders,Kolkata Knight Riders,133.0,110.0
35,336018,2007/08,2008-05-14,Mumbai Indians,Chennai Super Kings,Mumbai Indians,field,Chennai Super Kings,Mumbai Indians,156.0,157.0
36,336020,2007/08,2008-05-15,Delhi Daredevils,Deccan Chargers,Deccan Chargers,field,Delhi Daredevils,Delhi Daredevils,194.0,182.0
37,336021,2007/08,2008-05-16,Mumbai Indians,Kolkata Knight Riders,Mumbai Indians,field,Kolkata Knight Riders,Mumbai Indians,67.0,68.0
38,336022,2007/08,2008-05-17,Delhi Daredevils,Kings XI Punjab,Delhi Daredevils,bat,Delhi Daredevils,Kings XI Punjab,88.0,89.0
39,336023,2007/08,2008-05-17,Rajasthan Royals,Royal Challengers Bangalore,Royal Challengers Bangalore,field,Rajasthan Royals,Rajasthan Royals,197.0,132.0
40,336024,2007/08,2008-05-18,Deccan Chargers,Mumbai Indians,Deccan Chargers,field,Mumbai Indians,Mumbai Indians,178.0,153.0
41,336025,2007/08,2008-05-18,Kolkata Knight Riders,Chennai Super Kings,Kolkata Knight Riders,bat,Kolkata Knight Riders,Chennai Super Kings,52.0,53.0
42,336026,2007/08,2008-05-19,Royal Challengers Bangalore,Delhi Daredevils,Delhi Daredevils,field,Royal Challengers Bangalore,Delhi Daredevils,154.0,155.0
43,336027,2007/08,2008-05-20,Kolkata Knight Riders,Rajasthan Royals,Rajasthan Royals,field,Kolkata Knight Riders,Rajasthan Royals,147.0,148.0
44,336028,2007/08,2008-05-21,Mumbai Indians,Kings XI Punjab,Mumbai Indians,field,Kings XI Punjab,Kings XI Punjab,189.0,188.0
45,336029,2007/08,2008-05-21,Chennai Super Kings,Royal Challengers Bangalore,Royal Challengers Bangalore,bat,Royal Challengers Bangalore,Royal Challengers Bangalore,126.0,112.0
46,336031,2007/08,2008-05-23,Kings XI Punjab,Deccan Chargers,Kings XI Punjab,field,Deccan Chargers,Kings XI Punjab,175.0,176.0
47,336032,2007/08,2008-05-24,Delhi Daredevils,Mumbai Indians,Delhi Daredevils,field,Mumbai Indians,Delhi Daredevils,176.0,177.0
48,336033,2007/08,2008-05-24,Chennai Super Kings,Rajasthan Royals,Rajasthan Royals,bat,Rajasthan Royals,Rajasthan Royals,211.0,201.0
49,336002,2007/08,2008-05-25,Deccan Chargers,Royal Challengers Bangalore,Deccan Chargers,bat,Deccan Chargers,Royal Challengers Bangalore,165.0,166.0
50,336035,2007/08,2008-05-25,Kolkata Knight Riders,Kings XI Punjab,Kings XI Punjab,bat,Kings XI Punjab,Kolkata Knight Riders,174.0,175.0
51,336036,2007/08,2008-05-26,Rajasthan Royals,Mumbai Indians,Rajasthan Royals,field,Mumbai Indians,Rajasthan Royals,145.0,146.0
52,336037,2007/08,2008-05-27,Deccan Chargers,Chennai Super Kings,Deccan Chargers,bat,Deccan Chargers,Chennai Super Kings,147.0,148.0
53,336012,2007/08,2008-05-28,Royal Challengers Bangalore,Mumbai Indians,Mumbai Indians,field,Royal Challengers Bangalore,Mumbai Indians,122.0,123.0
54,336019,2007/08,2008-05-28,Kings XI Punjab,Rajasthan Royals,Rajasthan Royals,field,Kings XI Punjab,Kings XI Punjab,221.0,180.0
55,336038,2007/08,2008-05-30,Delhi Daredevils,Rajasthan Royals,Delhi Daredevils,field,Rajasthan Royals,Rajasthan Royals,192.0,87.0
56,336039,2007/08,2008-05-31,Chennai Super Kings,Kings XI Punjab,Kings XI Punjab,bat,Kings XI Punjab,Chennai Super Kings,112.0,113.0
57,336040,2007/08,2008-06-01,Chennai Super Kings,Rajasthan Royals,Rajasthan Royals,field,Chennai Super Kings,Rajasthan Royals,163.0,164.0
58,392181,2009,2009-04-18,Chennai Super Kings,Mumbai Indians,Chennai Super Kings,field,Mumbai Indians,Mumbai Indians,165.0,146.0
59,392182,2009,2009-04-18,Royal Challengers Bangalore,Rajasthan Royals,Royal Challengers Bangalore,bat,Royal Challengers Bangalore,Royal Challengers Bangalore,133.0,58.0
60,392183,2009,2009-04-19,Delhi Daredevils,Kings XI Punjab,Delhi Daredevils,field,Kings XI Punjab,Delhi Daredevils,53.0,54.0
61,392184,2009,2009-04-19,Deccan Chargers,Kolkata Knight Riders,Kolkata Knight Riders,bat,Kolkata Knight Riders,Deccan Chargers,101.0,102.0
62,392185,2009,2009-04-20,Royal Challengers Bangalore,Chennai Super Kings,Chennai Super Kings,bat,Chennai Super Kings,Chennai Super Kings,179.0,87.0
63,392186,2009,2009-04-21,Kings XI Punjab,Kolkata Knight Riders,Kolkata Knight Riders,field,Kings XI Punjab,Kolkata Knight Riders,68.0,69.0
64,392188,2009,2009-04-22,Royal Challengers Bangalore,Deccan Chargers,Deccan Chargers,bat,Deccan Chargers,Deccan Chargers,184.0,160.0
65,392189,2009,2009-04-23,Chennai Super Kings,Delhi Daredevils,Delhi Daredevils,bat,Delhi Daredevils,Delhi Daredevils,189.0,180.0
66,392190,2009,2009-04-23,Kolkata Knight Riders,Rajasthan Royals,Kolkata Knight Riders,field,Rajasthan Royals,Rajasthan Royals,150.0,
67,392191,2009,2009-04-24,Royal Challengers Bangalore,Kings XI Punjab,Royal Challengers Bangalore,bat,Royal Challengers Bangalore,Kings XI Punjab,168.0,169.0
68,392192,2009,2009-04-25,Deccan Chargers,Mumbai Indians,Deccan Chargers,bat,Deccan Chargers,Deccan Chargers,168.0,156.0
69,392194,2009,2009-04-26,Royal Challengers Bangalore,Delhi Daredevils,Royal Challengers Bangalore,bat,Royal Challengers Bangalore,Delhi Daredevils,149.0,150.0
70,392195,2009,2009-04-26,Kings XI Punjab,Rajasthan Royals,Kings XI Punjab,bat,Kings XI Punjab,Kings XI Punjab,139.0,112.0
71,392196,2009,2009-04-27,Chennai Super Kings,Deccan Chargers,Deccan Chargers,field,Chennai Super Kings,Deccan Chargers,165.0,166.0
72,392197,2009,2009-04-27,Kolkata Knight Riders,Mumbai Indians,Mumbai Indians,bat,Mumbai Indians,Mumbai Indians,187.0,95.0
73,392198,2009,2009-04-28,Delhi Daredevils,Rajasthan Royals,Delhi Daredevils,bat,Delhi Daredevils,Rajasthan Royals,143.0,144.0
74,392199,2009,2009-04-29,Royal Challengers Bangalore,Kolkata Knight Riders,Kolkata Knight Riders,bat,Kolkata Knight Riders,Royal Challengers Bangalore,139.0,140.0
75,392200,2009,2009-04-29,Kings XI Punjab,Mumbai Indians,Kings XI Punjab,bat,Kings XI Punjab,Kings XI Punjab,119.0,116.0
76,392201,2009,2009-04-30,Deccan Chargers,Delhi Daredevils,Delhi Daredevils,field,Deccan Chargers,Delhi Daredevils,148.0,149.0
77,392202,2009,2009-04-30,Chennai Super Kings,Rajasthan Royals,Rajasthan Royals,field,Chennai Super Kings,Chennai Super Kings,164.0,126.0
78,392203,2009,2009-05-01,Kolkata Knight Riders,Mumbai Indians,Mumbai Indians,bat,Mumbai Indians,Mumbai Indians,148.0,139.0
79,392204,2009,2009-05-01,Royal Challengers Bangalore,Kings XI Punjab,Royal Challengers Bangalore,bat,Royal Challengers Bangalore,Royal Challengers Bangalore,145.0,137.0
80,392205,2009,2009-05-02,Deccan Chargers,Rajasthan Royals,Deccan Chargers,bat,Deccan Chargers,Rajasthan Royals,141.0,142.0
81,392206,2009,2009-05-02,Chennai Super Kings,Delhi Daredevils,Delhi Daredevils,field,Chennai Super Kings,Chennai Super Kings,163.0,145.0
82,392207,2009,2009-05-03,Kings XI Punjab,Kolkata Knight Riders,Kolkata Knight Riders,bat,Kolkata Knight Riders,Kings XI Punjab,153.0,154.0
83,392208,2009,2009-05-03,Royal Challengers Bangalore,Mumbai Indians,Mumbai Indians,bat,Mumbai Indians,Royal Challengers Bangalore,149.0,150.0
84,392209,2009,2009-05-04,Chennai Super Kings,Deccan Chargers,Chennai Super Kings,bat,Chennai Super Kings,Chennai Super Kings,178.0,100.0
85,392210,2009,2009-05-05,Kings XI Punjab,Rajasthan Royals,Kings XI Punjab,field,Rajasthan Royals,Rajasthan Royals,211.0,133.0
86,392211,2009,2009-05-05,Delhi Daredevils,Kolkata Knight Riders,Kolkata Knight Riders,bat,Kolkata Knight Riders,Delhi Daredevils,154.0,155.0
87,392212,2009,2009-05-06,Deccan Chargers,Mumbai Indians,Deccan Chargers,bat,Deccan Chargers,Deccan Chargers,145.0,126.0
88,392213,2009,2009-05-07,Royal Challengers Bangalore,Rajasthan Royals,Rajasthan Royals,field,Royal Challengers Bangalore,Rajasthan Royals,105.0,106.0
89,392214,2009,2009-05-07,Chennai Super Kings,Kings XI Punjab,Chennai Super Kings,bat,Chennai Super Kings,Chennai Super Kings,186.0,174.0
90,392215,2009,2009-05-08,Delhi Daredevils,Mumbai Indians,Mumbai Indians,bat,Mumbai Indians,Delhi Daredevils,116.0,117.0
91,392216,2009,2009-05-09,Deccan Chargers,Kings XI Punjab,Kings XI Punjab,field,Deccan Chargers,Kings XI Punjab,168.0,169.0
92,392217,2009,2009-05-09,Chennai Super Kings,Rajasthan Royals,Rajasthan Royals,bat,Rajasthan Royals,Chennai Super Kings,140.0,141.0
93,392218,2009,2009-05-10,Royal Challengers Bangalore,Mumbai Indians,Mumbai Indians,bat,Mumbai Indians,Mumbai Indians,157.0,141.0
94,392219,2009,2009-05-10,Delhi Daredevils,Kolkata Knight Riders,Delhi Daredevils,field,Kolkata Knight Riders,Delhi Daredevils,123.0,124.0
95,392220,2009,2009-05-11,Deccan Chargers,Rajasthan Royals,Deccan Chargers,bat,Deccan Chargers,Deccan Chargers,166.0,113.0
96,392221,2009,2009-05-12,Royal Challengers Bangalore,Kolkata Knight Riders,Royal Challengers Bangalore,field,Kolkata Knight Riders,Royal Challengers Bangalore,173.0,174.0
97,392222,2009,2009-05-12,Kings XI Punjab,Mumbai Indians,Kings XI Punjab,bat,Kings XI Punjab,Mumbai Indians,119.0,120.0
98,392223,2009,2009-05-13,Deccan Chargers,Delhi Daredevils,Deccan Chargers,field,Delhi Daredevils,Delhi Daredevils,173.0,161.0
99,392224,2009,2009-05-14,Royal Challengers Bangalore,Chennai Super Kings,Chennai Super Kings,bat,Chennai Super Kings,Royal Challengers Bangalore,129.0,130.0
100,392225,2009,2009-05-14,Mumbai Indians,Rajasthan Royals,Rajasthan Royals,bat,Rajasthan Royals,Rajasthan Royals,145.0,143.0
101,392226,2009,2009-05-15,Delhi Daredevils,Kings XI Punjab,Kings XI Punjab,field,Delhi Daredevils,Kings XI Punjab,120.0,121.0
102,392227,2009,2009-05-16,Chennai Super Kings,Mumbai Indians,Mumbai Indians,bat,Mumbai Indians,Chennai Super Kings,147.0,148.0
103,392228,2009,2009-05-16,Deccan Chargers,Kolkata Knight Riders,Deccan Chargers,field,Kolkata Knight Riders,Deccan Chargers,160.0,161.0
104,392229,2009,2009-05-17,Deccan Chargers,Kings XI Punjab,Deccan Chargers,field,Kings XI Punjab,Kings XI Punjab,134.0,133.0
105,392230,2009,2009-05-17,Delhi Daredevils,Rajasthan Royals,Delhi Daredevils,bat,Delhi Daredevils,Delhi Daredevils,150.0,136.0
106,392231,2009,2009-05-18,Chennai Super Kings,Kolkata Knight Riders,Chennai Super Kings,bat,Chennai Super Kings,Kolkata Knight Riders,188.0,189.0
107,392232,2009,2009-05-19,Royal Challengers Bangalore,Delhi Daredevils,Delhi Daredevils,bat,Delhi Daredevils,Royal Challengers Bangalore,134.0,135.0
108,392233,2009,2009-05-20,Kolkata Knight Riders,Rajasthan Royals,Kolkata Knight Riders,field,Rajasthan Royals,Kolkata Knight Riders,101.0,102.0
109,392234,2009,2009-05-20,Chennai Super Kings,Kings XI Punjab,Chennai Super Kings,bat,Chennai Super Kings,Chennai Super Kings,116.0,92.0
110,392235,2009,2009-05-21,Delhi Daredevils,Mumbai Indians,Delhi Daredevils,field,Mumbai Indians,Delhi Daredevils,165.0,166.0
111,392236,2009,2009-05-21,Royal Challengers Bangalore,Deccan Chargers,Royal Challengers Bangalore,bat,Royal Challengers Bangalore,Royal Challengers Bangalore,170.0,158.0
112,392237,2009,2009-05-22,Delhi Daredevils,Deccan Chargers,Deccan Chargers,field,Delhi Daredevils,Deccan Chargers,153.0,154.0
113,392238,2009,2009-05-23,Royal Challengers Bangalore,Chennai Super Kings,Royal Challengers Bangalore,field,Chennai Super Kings,Royal Challengers Bangalore,146.0,147.0
114,392239,2009,2009-05-24,Royal Challengers Bangalore,Deccan Chargers,Royal Challengers Bangalore,field,Deccan Chargers,Deccan Chargers,143.0,137.0
115,419106,2009/10,2010-03-12,Deccan Chargers,Kolkata Knight Riders,Deccan Chargers,field,Kolkata Knight Riders,Kolkata Knight Riders,161.0,150.0
116,419107,2009/10,2010-03-13,Mumbai Indians,Rajasthan Royals,Mumbai Indians,bat,Mumbai Indians,Mumbai Indians,212.0,208.0
117,419108,2009/10,2010-03-13,Kings XI Punjab,Delhi Daredevils,Delhi Daredevils,field,Kings XI Punjab,Delhi Daredevils,142.0,143.0
118,419109,2009/10,2010-03-14,Kolkata Knight Riders,Royal Challengers Bangalore,Kolkata Knight Riders,field,Royal Challengers Bangalore,Kolkata Knight Riders,135.0,136.0
119,419110,2009/10,2010-03-14,Chennai Super Kings,Deccan Chargers,Deccan Chargers,bat,Deccan Chargers,Deccan Chargers,190.0,159.0
120,419111,2009/10,2010-03-15,Rajasthan Royals,Delhi Daredevils,Delhi Daredevils,field,Rajasthan Royals,Delhi Daredevils,141.0,142.0
121,419112,2009/10,2010-03-16,Royal Challengers Bangalore,Kings XI Punjab,Kings XI Punjab,bat,Kings XI Punjab,Royal Challengers Bangalore,203.0,204.0
122,419113,2009/10,2010-03-16,Kolkata Knight Riders,Chennai Super Kings,Chennai Super Kings,bat,Chennai Super Kings,Chennai Super Kings,164.0,109.0
123,419114,2009/10,2010-03-17,Delhi Daredevils,Mumbai Indians,Delhi Daredevils,field,Mumbai Indians,Mumbai Indians,218.0,120.0
124,419115,2009/10,2010-03-18,Royal Challengers Bangalore,Rajasthan Royals,Royal Challengers Bangalore,field,Rajasthan Royals,Royal Challengers Bangalore,92.0,93.0
125,419116,2009/10,2010-03-19,Delhi Daredevils,Chennai Super Kings,Delhi Daredevils,bat,Delhi Daredevils,Chennai Super Kings,185.0,186.0
126,419117,2009/10,2010-03-19,Deccan Chargers,Kings XI Punjab,Kings XI Punjab,field,Deccan Chargers,Deccan Chargers,170.0,164.0
127,419118,2009/10,2010-03-20,Rajasthan Royals,Kolkata Knight Riders,Rajasthan Royals,bat,Rajasthan Royals,Rajasthan Royals,168.0,134.0
128,419119,2009/10,2010-03-20,Mumbai Indians,Royal Challengers Bangalore,Mumbai Indians,bat,Mumbai Indians,Royal Challengers Bangalore,151.0,152.0
129,419120,2009/10,2010-03-21,Deccan Chargers,Delhi Daredevils,Deccan Chargers,bat,Deccan Chargers,Deccan Chargers,171.0,161.0
130,419121,2009/10,2010-03-21,Chennai Super Kings,Kings XI Punjab,Chennai Super Kings,field,Kings XI Punjab,Kings XI Punjab,136.0,
131,419122,2009/10,2010-03-22,Mumbai Indians,Kolkata Knight Riders,Kolkata Knight Riders,bat,Kolkata Knight Riders,Mumbai Indians,155.0,156.0
132,419123,2009/10,2010-03-23,Royal Challengers Bangalore,Chennai Super Kings,Chennai Super Kings,field,Royal Challengers Bangalore,Royal Challengers Bangalore,171.0,135.0
133,419124,2009/10,2010-03-24,Kings XI Punjab,Rajasthan Royals,Kings XI Punjab,field,Rajasthan Royals,Rajasthan Royals,183.0,152.0
134,419125,2009/10,2010-03-25,Chennai Super Kings,Mumbai Indians,Mumbai Indians,field,Chennai Super Kings,Mumbai Indians,180.0,181.0
135,419128,2009/10,2010-03-25,Royal Challengers Bangalore,Delhi Daredevils,Royal Challengers Bangalore,field,Delhi Daredevils,Delhi Daredevils,183.0,166.0
136,419126,2009/10,2010-03-26,Rajasthan Royals,Deccan Chargers,Deccan Chargers,bat,Deccan Chargers,Rajasthan Royals,148.0,149.0
137,419127,2009/10,2010-03-27,Kings XI Punjab,Kolkata Knight Riders,Kolkata Knight Riders,bat,Kolkata Knight Riders,Kolkata Knight Riders,183.0,144.0
138,419129,2009/10,2010-03-28,Rajasthan Royals,Chennai Super Kings,Rajasthan Royals,bat,Rajasthan Royals,Rajasthan Royals,177.0,160.0
139,419130,2009/10,2010-03-28,Deccan Chargers,Mumbai Indians,Deccan Chargers,field,Mumbai Indians,Mumbai Indians,172.0,131.0
140,419131,2009/10,2010-03-29,Delhi Daredevils,Kolkata Knight Riders,Delhi Daredevils,bat,Delhi Daredevils,Delhi Daredevils,177.0,137.0
141,419132,2009/10,2010-03-30,Mumbai Indians,Kings XI Punjab,Mumbai Indians,field,Kings XI Punjab,Mumbai Indians,163.0,164.0
142,419133,2009/10,2010-03-31,Chennai Super Kings,Royal Challengers Bangalore,Royal Challengers Bangalore,bat,Royal Challengers Bangalore,Chennai Super Kings,161.0,162.0
143,419134,2009/10,2010-03-31,Delhi Daredevils,Rajasthan Royals,Delhi Daredevils,bat,Delhi Daredevils,Delhi Daredevils,188.0,121.0
144,419135,2009/10,2010-04-01,Kolkata Knight Riders,Deccan Chargers,Kolkata Knight Riders,bat,Kolkata Knight Riders,Kolkata Knight Riders,181.0,157.0
145,419136,2009/10,2010-04-02,Kings XI Punjab,Royal Challengers Bangalore,Kings XI Punjab,bat,Kings XI Punjab,Royal Challengers Bangalore,181.0,182.0
146,419137,2009/10,2010-04-03,Chennai Super Kings,Rajasthan Royals,Chennai Super Kings,bat,Chennai Super Kings,Chennai Super Kings,246.0,223.0
147,419138,2009/10,2010-04-03,Mumbai Indians,Deccan Chargers,Mumbai Indians,bat,Mumbai Indians,Mumbai Indians,178.0,115.0
148,419139,2009/10,2010-04-04,Kolkata Knight Riders,Kings XI Punjab,Kolkata Knight Riders,bat,Kolkata Knight Riders,Kings XI Punjab,200.0,201.0
149,419140,2009/10,2010-04-04,Delhi Daredevils,Royal Challengers Bangalore,Delhi Daredevils,bat,Delhi Daredevils,Delhi Daredevils,184.0,147.0
150,419141,2009/10,2010-04-05,Deccan Chargers,Rajasthan Royals,Rajasthan Royals,bat,Rajasthan Royals,Rajasthan Royals,159.0,157.0
151,419142,2009/10,2010-04-06,Chennai Super Kings,Mumbai Indians,Chennai Super Kings,bat,Chennai Super Kings,Chennai Super Kings,165.0,141.0
152,419143,2009/10,2010-04-07,Rajasthan Royals,Kings XI Punjab,Kings XI Punjab,bat,Kings XI Punjab,Rajasthan Royals,153.0,154.0
153,419144,2009/10,2010-04-07,Kolkata Knight Riders,Delhi Daredevils,Kolkata Knight Riders,bat,Kolkata Knight Riders,Kolkata Knight Riders,181.0,167.0
154,419145,2009/10,2010-04-08,Royal Challengers Bangalore,Deccan Chargers,Deccan Chargers,field,Royal Challengers Bangalore,Deccan Chargers,184.0,185.0
155,419146,2009/10,2010-04-09,Kings XI Punjab,Mumbai Indians,Mumbai Indians,bat,Mumbai Indians,Kings XI Punjab,154.0,155.0
156,419147,2009/10,2010-04-10,Deccan Chargers,Chennai Super Kings,Chennai Super Kings,bat,Chennai Super Kings,Deccan Chargers,138.0,139.0
157,419148,2009/10,2010-04-10,Royal Challengers Bangalore,Kolkata Knight Riders,Royal Challengers Bangalore,field,Kolkata Knight Riders,Royal Challengers Bangalore,160.0,161.0
158,419149,2009/10,2010-04-11,Delhi Daredevils,Kings XI Punjab,Delhi Daredevils,bat,Delhi Daredevils,Kings XI Punjab,111.0,112.0
159,419150,2009/10,2010-04-11,Rajasthan Royals,Mumbai Indians,Rajasthan Royals,field,Mumbai Indians,Mumbai Indians,174.0,137.0
160,419151,2009/10,2010-04-12,Deccan Chargers,Royal Challengers Bangalore,Royal Challengers Bangalore,field,Deccan Chargers,Deccan Chargers,151.0,138.0
161,419152,2009/10,2010-04-13,Mumbai Indians,Delhi Daredevils,Mumbai Indians,bat,Mumbai Indians,Mumbai Indians,183.0,144.0
162,419153,2009/10,2010-04-13,Chennai Super Kings,Kolkata Knight Riders,Kolkata Knight Riders,bat,Kolkata Knight Riders,Chennai Super Kings,139.0,140.0
163,419154,2009/10,2010-04-14,Rajasthan Royals,Royal Challengers Bangalore,Rajasthan Royals,bat,Rajasthan Royals,Royal Challengers Bangalore,130.0,131.0
164,419155,2009/10,2010-04-15,Chennai Super Kings,Delhi Daredevils,Chennai Super Kings,bat,Chennai Super Kings,Delhi Daredevils,112.0,113.0
165,419156,2009/10,2010-04-16,Kings XI Punjab,Deccan Chargers,Deccan Chargers,field,Kings XI Punjab,Deccan Chargers,174.0,175.0
166,419157,2009/10,2010-04-17,Royal Challengers Bangalore,Mumbai Indians,Royal Challengers Bangalore,field,Mumbai Indians,Mumbai Indians,191.0,134.0
167,419158,2009/10,2010-04-17,Kolkata Knight Riders,Rajasthan Royals,Rajasthan Royals,bat,Rajasthan Royals,Kolkata Knight Riders,132.0,133.0
168,419159,2009/10,2010-04-18,Kings XI Punjab,Chennai Super Kings,Chennai Super Kings,field,Kings XI Punjab,Chennai Super Kings,192.0,193.0
169,419160,2009/10,2010-04-18,Delhi Daredevils,Deccan Chargers,Deccan Chargers,bat,Deccan Chargers,Deccan Chargers,145.0,134.0
170,419161,2009/10,2010-04-19,Kolkata Knight Riders,Mumbai Indians,Mumbai Indians,bat,Mumbai Indians,Kolkata Knight Riders,133.0,134.0
171,419162,2009/10,2010-04-21,Royal Challengers Bangalore,Mumbai Indians,Mumbai Indians,bat,Mumbai Indians,Mumbai Indians,184.0,149.0
172,419163,2009/10,2010-04-22,Chennai Super Kings,Deccan Chargers,Chennai Super Kings,bat,Chennai Super Kings,Chennai Super Kings,142.0,104.0
173,419164,2009/10,2010-04-24,Royal Challengers Bangalore,Deccan Chargers,Deccan Chargers,bat,Deccan Chargers,Royal Challengers Bangalore,82.0,83.0
174,419165,2009/10,2010-04-25,Chennai Super Kings,Mumbai Indians,Chennai Super Kings,bat,Chennai Super Kings,Chennai Super Kings,168.0,146.0
175,501198,2011,2011-04-08,Chennai Super Kings,Kolkata Knight Riders,Chennai Super Kings,bat,Chennai Super Kings,Chennai Super Kings,153.0,151.0
176,501199,2011,2011-04-09,Deccan Chargers,Rajasthan Royals,Rajasthan Royals,field,Deccan Chargers,Rajasthan Royals,137.0,138.0
177,501200,2011,2011-04-09,Kochi Tuskers Kerala,Royal Challengers Bangalore,Kochi Tuskers Kerala,bat,Kochi Tuskers Kerala,Royal Challengers Bangalore,161.0,162.0
178,501201,2011,2011-04-10,Delhi Daredevils,Mumbai Indians,Delhi Daredevils,bat,Delhi Daredevils,Mumbai Indians,95.0,96.0
179,501202,2011,2011-04-10,Pune Warriors,Kings XI Punjab,Kings XI Punjab,bat,Kings XI Punjab,Pune Warriors,112.0,113.0
180,501203,2011,2011-04-11,Kolkata Knight Riders,Deccan Chargers,Kolkata Knight Riders,bat,Kolkata Knight Riders,Kolkata Knight Riders,163.0,154.0
181,501204,2011,2011-04-12,Rajasthan Royals,Delhi Daredevils,Delhi Daredevils,bat,Delhi Daredevils,Rajasthan Royals,151.0,152.0
182,501205,2011,2011-04-12,Royal Challengers Bangalore,Mumbai Indians,Mumbai Indians,field,Royal Challengers Bangalore,Mumbai Indians,140.0,141.0
183,501206,2011,2011-04-13,Kings XI Punjab,Chennai Super Kings,Kings XI Punjab,field,Chennai Super Kings,Kings XI Punjab,188.0,189.0
184,501207,2011,2011-04-13,Pune Warriors,Kochi Tuskers Kerala,Kochi Tuskers Kerala,bat,Kochi Tuskers Kerala,Pune Warriors,148.0,149.0
185,501208,2011,2011-04-14,Deccan Chargers,Royal Challengers Bangalore,Royal Challengers Bangalore,field,Deccan Chargers,Deccan Chargers,175.0,142.0
186,501209,2011,2011-04-15,Rajasthan Royals,Kolkata Knight Riders,Kolkata Knight Riders,field,Rajasthan Royals,Kolkata Knight Riders,159.0,160.0
187,501210,2011,2011-04-15,Mumbai Indians,Kochi Tuskers Kerala,Kochi Tuskers Kerala,field,Mumbai Indians,Kochi Tuskers Kerala,182.0,183.0
188,501211,2011,2011-04-16,Chennai Super Kings,Royal Challengers Bangalore,Chennai Super Kings,bat,Chennai Super Kings,Chennai Super Kings,183.0,162.0
189,501212,2011,2011-04-16,Deccan Chargers,Kings XI Punjab,Kings XI Punjab,field,Deccan Chargers,Kings XI Punjab,165.0,166.0
190,501213,2011,2011-04-17,Pune Warriors,Delhi Daredevils,Delhi Daredevils,field,Pune Warriors,Delhi Daredevils,187.0,188.0
191,501214,2011,2011-04-17,Kolkata Knight Riders,Rajasthan Royals,Kolkata Knight Riders,field,Rajasthan Royals,Kolkata Knight Riders,81.0,82.0
192,501215,2011,2011-04-18,Kochi Tuskers Kerala,Chennai Super Kings,Kochi Tuskers Kerala,field,Chennai Super Kings,Kochi Tuskers Kerala,134.0,135.0
193,501216,2011,2011-04-19,Delhi Daredevils,Deccan Chargers,Deccan Chargers,bat,Deccan Chargers,Deccan Chargers,168.0,152.0
194,501218,2011,2011-04-20,Mumbai Indians,Pune Warriors,Pune Warriors,bat,Pune Warriors,Mumbai Indians,118.0,119.0
195,501219,2011,2011-04-20,Kolkata Knight Riders,Kochi Tuskers Kerala,Kolkata Knight Riders,field,Kochi Tuskers Kerala,Kochi Tuskers Kerala,132.0,126.0
196,501220,2011,2011-04-21,Kings XI Punjab,Rajasthan Royals,Rajasthan Royals,field,Kings XI Punjab,Kings XI Punjab,195.0,147.0
197,501221,2011,2011-04-22,Mumbai Indians,Chennai Super Kings,Chennai Super Kings,field,Mumbai Indians,Mumbai Indians,164.0,156.0
198,501222,2011,2011-04-22,Kolkata Knight Riders,Royal Challengers Bangalore,Royal Challengers Bangalore,field,Kolkata Knight Riders,Royal Challengers Bangalore,171.0,172.0
199,501223,2011,2011-04-23,Delhi Daredevils,Kings XI Punjab,Kings XI Punjab,field,Delhi Daredevils,Delhi Daredevils,231.0,202.0
200,501224,2011,2011-04-24,Deccan Chargers,Mumbai Indians,Deccan Chargers,field,Mumbai Indians,Mumbai Indians,172.0,135.0
201,501225,2011,2011-04-24,Rajasthan Royals,Kochi Tuskers Kerala,Rajasthan Royals,field,Kochi Tuskers Kerala,Rajasthan Royals,109.0,110.0
202,501226,2011,2011-04-25,Chennai Super Kings,Pune Warriors,Pune Warriors,field,Chennai Super Kings,Chennai Super Kings,142.0,117.0
203,501227,2011,2011-04-26,Delhi Daredevils,Royal Challengers Bangalore,Royal Challengers Bangalore,field,Delhi Daredevils,Royal Challengers Bangalore,160.0,161.0
204,501228,2011,2011-04-27,Pune Warriors,Chennai Super Kings,Pune Warriors,bat,Pune Warriors,Chennai Super Kings,141.0,142.0
205,501229,2011,2011-04-27,Kochi Tuskers Kerala,Deccan Chargers,Kochi Tuskers Kerala,field,Deccan Chargers,Deccan Chargers,129.0,74.0
206,501230,2011,2011-04-28,Delhi Daredevils,Kolkata Knight Riders,Delhi Daredevils,field,Kolkata Knight Riders,Kolkata Knight Riders,148.0,131.0
207,501231,2011,2011-04-29,Rajasthan Royals,Mumbai Indians,Rajasthan Royals,field,Mumbai Indians,Rajasthan Royals,94.0,95.0
208,501232,2011,2011-04-29,Royal Challengers Bangalore,Pune Warriors,Pune Warriors,field,Royal Challengers Bangalore,Royal Challengers Bangalore,181.0,155.0
209,501233,2011,2011-04-30,Kochi Tuskers Kerala,Delhi Daredevils,Delhi Daredevils,bat,Delhi Daredevils,Delhi Daredevils,157.0,119.0
210,501234,2011,2011-04-30,Kolkata Knight Riders,Kings XI Punjab,Kolkata Knight Riders,field,Kings XI Punjab,Kolkata Knight Riders,119.0,120.0
211,501235,2011,2011-05-01,Rajasthan Royals,Pune Warriors,Rajasthan Royals,field,Pune Warriors,Rajasthan Royals,143.0,144.0
212,501236,2011,2011-05-01,Chennai Super Kings,Deccan Chargers,Chennai Super Kings,bat,Chennai Super Kings,Chennai Super Kings,165.0,146.0
213,501237,2011,2011-05-02,Mumbai Indians,Kings XI Punjab,Kings XI Punjab,field,Mumbai Indians,Mumbai Indians,159.0,136.0
214,501238,2011,2011-05-02,Delhi Daredevils,Kochi Tuskers Kerala,Kochi Tuskers Kerala,field,Delhi Daredevils,Kochi Tuskers Kerala,140.0,141.0
215,501239,2011,2011-05-03,Deccan Chargers,Kolkata Knight Riders,Deccan Chargers,field,Kolkata Knight Riders,Kolkata Knight Riders,169.0,149.0
216,501240,2011,2011-05-04,Chennai Super Kings,Rajasthan Royals,Rajasthan Royals,bat,Rajasthan Royals,Chennai Super Kings,147.0,148.0
217,501241,2011,2011-05-04,Pune Warriors,Mumbai Indians,Pune Warriors,field,Mumbai Indians,Mumbai Indians,160.0,139.0
218,501242,2011,2011-05-05,Kochi Tuskers Kerala,Kolkata Knight Riders,Kolkata Knight Riders,field,Kochi Tuskers Kerala,Kochi Tuskers Kerala,156.0,139.0
219,501243,2011,2011-05-05,Deccan Chargers,Delhi Daredevils,Delhi Daredevils,field,Deccan Chargers,Delhi Daredevils,175.0,176.0
220,501244,2011,2011-05-06,Royal Challengers Bangalore,Kings XI Punjab,Kings XI Punjab,field,Royal Challengers Bangalore,Royal Challengers Bangalore,205.0,120.0
221,501245,2011,2011-05-07,Kolkata Knight Riders,Chennai Super Kings,Chennai Super Kings,bat,Chennai Super Kings,Kolkata Knight Riders,51.0,52.0
222,501246,2011,2011-05-07,Mumbai Indians,Delhi Daredevils,Delhi Daredevils,field,Mumbai Indians,Mumbai Indians,178.0,146.0
223,501247,2011,2011-05-08,Royal Challengers Bangalore,Kochi Tuskers Kerala,Kochi Tuskers Kerala,bat,Kochi Tuskers Kerala,Royal Challengers Bangalore,125.0,126.0
224,501248,2011,2011-05-08,Kings XI Punjab,Pune Warriors,Kings XI Punjab,bat,Kings XI Punjab,Pune Warriors,119.0,120.0
225,501249,2011,2011-05-09,Rajasthan Royals,Chennai Super Kings,Rajasthan Royals,field,Chennai Super Kings,Chennai Super Kings,196.0,133.0
226,501250,2011,2011-05-10,Deccan Chargers,Pune Warriors,Deccan Chargers,bat,Deccan Chargers,Pune Warriors,136.0,137.0
227,501251,2011,2011-05-10,Kings XI Punjab,Mumbai Indians,Mumbai Indians,field,Kings XI Punjab,Kings XI Punjab,163.0,87.0
228,501252,2011,2011-05-11,Rajasthan Royals,Royal Challengers Bangalore,Royal Challengers Bangalore,field,Rajasthan Royals,Royal Challengers Bangalore,146.0,147.0
229,501253,2011,2011-05-12,Chennai Super Kings,Delhi Daredevils,Chennai Super Kings,bat,Chennai Super Kings,Chennai Super Kings,176.0,158.0
230,501254,2011,2011-05-13,Kochi Tuskers Kerala,Kings XI Punjab,Kings XI Punjab,field,Kochi Tuskers Kerala,Kings XI Punjab,178.0,179.0
231,501255,2011,2011-05-14,Royal Challengers Bangalore,Kolkata Knight Riders,Royal Challengers Bangalore,field,Kolkata Knight Riders,Royal Challengers Bangalore,101.0,102.0
232,501256,2011,2011-05-14,Mumbai Indians,Deccan Chargers,Deccan Chargers,bat,Deccan Chargers,Deccan Chargers,135.0,125.0
233,501257,2011,2011-05-15,Kings XI Punjab,Delhi Daredevils,Delhi Daredevils,field,Kings XI Punjab,Kings XI Punjab,170.0,141.0
234,501258,2011,2011-05-15,Kochi Tuskers Kerala,Rajasthan Royals,Kochi Tuskers Kerala,field,Rajasthan Royals,Kochi Tuskers Kerala,97.0,98.0
235,501259,2011,2011-05-16,Pune Warriors,Deccan Chargers,Deccan Chargers,field,Pune Warriors,Deccan Chargers,136.0,137.0
236,501260,2011,2011-05-17,Kings XI Punjab,Royal Challengers Bangalore,Kings XI Punjab,bat,Kings XI Punjab,Kings XI Punjab,232.0,121.0
237,501261,2011,2011-05-18,Chennai Super Kings,Kochi Tuskers Kerala,Chennai Super Kings,bat,Chennai Super Kings,Chennai Super Kings,152.0,141.0
238,501262,2011,2011-05-19,Pune Warriors,Kolkata Knight Riders,Kolkata Knight Riders,field,Pune Warriors,Kolkata Knight Riders,118.0,119.0
239,501263,2011,2011-05-20,Mumbai Indians,Rajasthan Royals,Mumbai Indians,bat,Mumbai Indians,Rajasthan Royals,133.0,134.0
240,501264,2011,2011-05-21,Kings XI Punjab,Deccan Chargers,Kings XI Punjab,field,Deccan Chargers,Deccan Chargers,198.0,116.0
241,501265,2011,2011-05-21,Delhi Daredevils,Pune Warriors,Delhi Daredevils,bat,Delhi Daredevils,,,
242,501266,2011,2011-05-22,Royal Challengers Bangalore,Chennai Super Kings,Royal Challengers Bangalore,field,Chennai Super Kings,Royal Challengers Bangalore,128.0,129.0
243,501267,2011,2011-05-22,Kolkata Knight Riders,Mumbai Indians,Mumbai Indians,field,Kolkata Knight Riders,Mumbai Indians,175.0,176.0
244,501268,2011,2011-05-24,Royal Challengers Bangalore,Chennai Super Kings,Chennai Super Kings,field,Royal Challengers Bangalore,Chennai Super Kings,175.0,176.0
245,501269,2011,2011-05-25,Mumbai Indians,Kolkata Knight Riders,Mumbai Indians,field,Kolkata Knight Riders,Mumbai Indians,147.0,148.0
246,501270,2011,2011-05-27,Royal Challengers Bangalore,Mumbai Indians,Mumbai Indians,field,Royal Challengers Bangalore,Royal Challengers Bangalore,185.0,142.0
247,501271,2011,2011-05-28,Chennai Super Kings,Royal Challengers Bangalore,Chennai Super Kings,bat,Chennai Super Kings,Chennai Super Kings,205.0,147.0
248,548306,2012,2012-04-04,Chennai Super Kings,Mumbai Indians,Mumbai Indians,field,Chennai Super Kings,Mumbai Indians,112.0,113.0
249,548307,2012,2012-04-05,Kolkata Knight Riders,Delhi Daredevils,Delhi Daredevils,field,Kolkata Knight Riders,Delhi Daredevils,97.0,98.0
250,548308,2012,2012-04-06,Mumbai Indians,Pune Warriors,Mumbai Indians,field,Pune Warriors,Pune Warriors,129.0,101.0
251,548309,2012,2012-04-06,Rajasthan Royals,Kings XI Punjab,Kings XI Punjab,field,Rajasthan Royals,Rajasthan Royals,191.0,160.0
252,548310,2012,2012-04-07,Royal Challengers Bangalore,Delhi Daredevils,Delhi Daredevils,field,Royal Challengers Bangalore,Royal Challengers Bangalore,157.0,137.0
253,548311,2012,2012-04-07,Deccan Chargers,Chennai Super Kings,Deccan Chargers,field,Chennai Super Kings,Chennai Super Kings,193.0,119.0
254,548312,2012,2012-04-08,Rajasthan Royals,Kolkata Knight Riders,Kolkata Knight Riders,field,Rajasthan Royals,Rajasthan Royals,164.0,142.0
255,548313,2012,2012-04-08,Pune Warriors,Kings XI Punjab,Pune Warriors,bat,Pune Warriors,Pune Warriors,166.0,144.0
256,548314,2012,2012-04-09,Deccan Chargers,Mumbai Indians,Deccan Chargers,bat,Deccan Chargers,Mumbai Indians,138.0,139.0
257,548315,2012,2012-04-10,Royal Challengers Bangalore,Kolkata Knight Riders,Royal Challengers Bangalore,field,Kolkata Knight Riders,Kolkata Knight Riders,165.0,123.0
258,548316,2012,2012-04-10,Delhi Daredevils,Chennai Super Kings,Delhi Daredevils,field,Chennai Super Kings,Delhi Daredevils,110.0,111.0
259,548317,2012,2012-04-11,Mumbai Indians,Rajasthan Royals,Rajasthan Royals,field,Mumbai Indians,Mumbai Indians,197.0,170.0
260,548318,2012,2012-04-12,Chennai Super Kings,Royal Challengers Bangalore,Royal Challengers Bangalore,bat,Royal Challengers Bangalore,Chennai Super Kings,205.0,206.0
261,548319,2012,2012-04-12,Kings XI Punjab,Pune Warriors,Kings XI Punjab,field,Pune Warriors,Kings XI Punjab,115.0,116.0
262,548320,2012,2012-04-13,Kolkata Knight Riders,Rajasthan Royals,Rajasthan Royals,bat,Rajasthan Royals,Kolkata Knight Riders,131.0,132.0
263,548322,2012,2012-04-14,Pune Warriors,Chennai Super Kings,Chennai Super Kings,bat,Chennai Super Kings,Pune Warriors,155.0,156.0
264,548323,2012,2012-04-15,Kolkata Knight Riders,Kings XI Punjab,Kolkata Knight Riders,field,Kings XI Punjab,Kings XI Punjab,134.0,132.0
265,548324,2012,2012-04-15,Royal Challengers Bangalore,Rajasthan Royals,Rajasthan Royals,bat,Rajasthan Royals,Rajasthan Royals,195.0,136.0
266,548325,2012,2012-04-16,Mumbai Indians,Delhi Daredevils,Delhi Daredevils,field,Mumbai Indians,Delhi Daredevils,92.0,93.0
267,548326,2012,2012-04-17,Rajasthan Royals,Deccan Chargers,Deccan Chargers,bat,Deccan Chargers,Rajasthan Royals,196.0,197.0
268,548327,2012,2012-04-17,Royal Challengers Bangalore,Pune Warriors,Pune Warriors,bat,Pune Warriors,Royal Challengers Bangalore,182.0,183.0
269,548328,2012,2012-04-18,Kings XI Punjab,Kolkata Knight Riders,Kings XI Punjab,bat,Kings XI Punjab,Kolkata Knight Riders,124.0,125.0
270,548321,2012,2012-04-19,Delhi Daredevils,Deccan Chargers,Deccan Chargers,bat,Deccan Chargers,Delhi Daredevils,157.0,158.0
271,548330,2012,2012-04-19,Chennai Super Kings,Pune Warriors,Pune Warriors,field,Chennai Super Kings,Chennai Super Kings,164.0,151.0
272,548331,2012,2012-04-20,Kings XI Punjab,Royal Challengers Bangalore,Royal Challengers Bangalore,field,Kings XI Punjab,Royal Challengers Bangalore,163.0,164.0
273,548332,2012,2012-04-21,Chennai Super Kings,Rajasthan Royals,Rajasthan Royals,bat,Rajasthan Royals,Chennai Super Kings,146.0,147.0
274,548333,2012,2012-04-21,Delhi Daredevils,Pune Warriors,Delhi Daredevils,field,Pune Warriors,Pune Warriors,192.0,172.0
275,548334,2012,2012-04-22,Mumbai Indians,Kings XI Punjab,Mumbai Indians,bat,Mumbai Indians,Kings XI Punjab,163.0,164.0
276,548335,2012,2012-04-22,Deccan Chargers,Kolkata Knight Riders,Kolkata Knight Riders,field,Deccan Chargers,Kolkata Knight Riders,126.0,127.0
277,548336,2012,2012-04-23,Rajasthan Royals,Royal Challengers Bangalore,Rajasthan Royals,field,Royal Challengers Bangalore,Royal Challengers Bangalore,189.0,143.0
278,548337,2012,2012-04-24,Pune Warriors,Delhi Daredevils,Pune Warriors,bat,Pune Warriors,Delhi Daredevils,146.0,147.0
279,548339,2012,2012-04-25,Kings XI Punjab,Mumbai Indians,Kings XI Punjab,bat,Kings XI Punjab,Mumbai Indians,168.0,169.0
280,548341,2012,2012-04-26,Pune Warriors,Deccan Chargers,Deccan Chargers,bat,Deccan Chargers,Deccan Chargers,177.0,159.0
281,548342,2012,2012-04-27,Delhi Daredevils,Mumbai Indians,Mumbai Indians,field,Delhi Daredevils,Delhi Daredevils,207.0,170.0
282,548343,2012,2012-04-28,Chennai Super Kings,Kings XI Punjab,Kings XI Punjab,bat,Kings XI Punjab,Kings XI Punjab,156.0,149.0
283,548344,2012,2012-04-28,Kolkata Knight Riders,Royal Challengers Bangalore,Kolkata Knight Riders,bat,Kolkata Knight Riders,Kolkata Knight Riders,190.0,143.0
284,548345,2012,2012-04-29,Delhi Daredevils,Rajasthan Royals,Delhi Daredevils,bat,Delhi Daredevils,Delhi Daredevils,152.0,151.0
285,548346,2012,2012-04-29,Mumbai Indians,Deccan Chargers,Mumbai Indians,field,Deccan Chargers,Mumbai Indians,100.0,101.0
286,548347,2012,2012-04-30,Chennai Super Kings,Kolkata Knight Riders,Chennai Super Kings,bat,Chennai Super Kings,Kolkata Knight Riders,139.0,140.0
287,548348,2012,2012-05-01,Deccan Chargers,Pune Warriors,Deccan Chargers,bat,Deccan Chargers,Deccan Chargers,186.0,173.0
288,548349,2012,2012-05-01,Rajasthan Royals,Delhi Daredevils,Rajasthan Royals,bat,Rajasthan Royals,Delhi Daredevils,141.0,142.0
289,548350,2012,2012-05-02,Royal Challengers Bangalore,Kings XI Punjab,Kings XI Punjab,field,Royal Challengers Bangalore,Kings XI Punjab,158.0,159.0
290,548351,2012,2012-05-03,Pune Warriors,Mumbai Indians,Mumbai Indians,bat,Mumbai Indians,Mumbai Indians,120.0,119.0
291,548352,2012,2012-05-04,Chennai Super Kings,Deccan Chargers,Chennai Super Kings,bat,Chennai Super Kings,Chennai Super Kings,160.0,150.0
292,548353,2012,2012-05-05,Kolkata Knight Riders,Pune Warriors,Kolkata Knight Riders,bat,Kolkata Knight Riders,Kolkata Knight Riders,150.0,143.0
293,548354,2012,2012-05-05,Kings XI Punjab,Rajasthan Royals,Rajasthan Royals,bat,Rajasthan Royals,Rajasthan Royals,177.0,134.0
294,548355,2012,2012-05-06,Mumbai Indians,Chennai Super Kings,Mumbai Indians,field,Chennai Super Kings,Mumbai Indians,173.0,174.0
295,548356,2012,2012-05-06,Royal Challengers Bangalore,Deccan Chargers,Royal Challengers Bangalore,field,Deccan Chargers,Royal Challengers Bangalore,181.0,182.0
296,548357,2012,2012-05-07,Delhi Daredevils,Kolkata Knight Riders,Delhi Daredevils,bat,Delhi Daredevils,Kolkata Knight Riders,153.0,154.0
297,548358,2012,2012-05-08,Pune Warriors,Rajasthan Royals,Pune Warriors,bat,Pune Warriors,Rajasthan Royals,125.0,126.0
298,548359,2012,2012-05-08,Deccan Chargers,Kings XI Punjab,Deccan Chargers,field,Kings XI Punjab,Kings XI Punjab,170.0,145.0
299,548360,2012,2012-05-09,Mumbai Indians,Royal Challengers Bangalore,Royal Challengers Bangalore,field,Mumbai Indians,Royal Challengers Bangalore,141.0,142.0
300,548329,2012,2012-05-10,Deccan Chargers,Delhi Daredevils,Deccan Chargers,bat,Deccan Chargers,Delhi Daredevils,187.0,188.0
301,548361,2012,2012-05-10,Rajasthan Royals,Chennai Super Kings,Chennai Super Kings,field,Rajasthan Royals,Chennai Super Kings,126.0,127.0
302,548362,2012,2012-05-11,Pune Warriors,Royal Challengers Bangalore,Pune Warriors,field,Royal Challengers Bangalore,Royal Challengers Bangalore,173.0,138.0
303,548363,2012,2012-05-12,Kolkata Knight Riders,Mumbai Indians,Mumbai Indians,bat,Mumbai Indians,Mumbai Indians,182.0,155.0
304,548364,2012,2012-05-12,Chennai Super Kings,Delhi Daredevils,Chennai Super Kings,field,Delhi Daredevils,Chennai Super Kings,114.0,115.0
305,548365,2012,2012-05-13,Rajasthan Royals,Pune Warriors,Rajasthan Royals,bat,Rajasthan Royals,Rajasthan Royals,170.0,125.0
306,548366,2012,2012-05-13,Kings XI Punjab,Deccan Chargers,Deccan Chargers,bat,Deccan Chargers,Kings XI Punjab,190.0,191.0
307,548367,2012,2012-05-14,Royal Challengers Bangalore,Mumbai Indians,Mumbai Indians,field,Royal Challengers Bangalore,Mumbai Indians,171.0,172.0
308,548368,2012,2012-05-14,Kolkata Knight Riders,Chennai Super Kings,Chennai Super Kings,field,Kolkata Knight Riders,Chennai Super Kings,158.0,159.0
309,548369,2012,2012-05-15,Delhi Daredevils,Kings XI Punjab,Kings XI Punjab,bat,Kings XI Punjab,Delhi Daredevils,136.0,137.0
310,548370,2012,2012-05-16,Mumbai Indians,Kolkata Knight Riders,Mumbai Indians,field,Kolkata Knight Riders,Kolkata Knight Riders,140.0,108.0
311,548371,2012,2012-05-17,Kings XI Punjab,Chennai Super Kings,Kings XI Punjab,field,Chennai Super Kings,Kings XI Punjab,120.0,121.0
312,548372,2012,2012-05-17,Delhi Daredevils,Royal Challengers Bangalore,Delhi Daredevils,field,Royal Challengers Bangalore,Royal Challengers Bangalore,215.0,194.0
313,548373,2012,2012-05-18,Deccan Chargers,Rajasthan Royals,Rajasthan Royals,bat,Rajasthan Royals,Deccan Chargers,126.0,127.0
314,548374,2012,2012-05-19,Kings XI Punjab,Delhi Daredevils,Delhi Daredevils,field,Kings XI Punjab,Delhi Daredevils,141.0,142.0
315,548375,2012,2012-05-19,Pune Warriors,Kolkata Knight Riders,Kolkata Knight Riders,bat,Kolkata Knight Riders,Kolkata Knight Riders,136.0,102.0
316,548376,2012,2012-05-20,Deccan Chargers,Royal Challengers Bangalore,Royal Challengers Bangalore,field,Deccan Chargers,Deccan Chargers,132.0,123.0
317,548377,2012,2012-05-20,Rajasthan Royals,Mumbai Indians,Rajasthan Royals,bat,Rajasthan Royals,Mumbai Indians,162.0,163.0
318,548378,2012,2012-05-22,Delhi Daredevils,Kolkata Knight Riders,Kolkata Knight Riders,bat,Kolkata Knight Riders,Kolkata Knight Riders,162.0,144.0
319,548379,2012,2012-05-23,Chennai Super Kings,Mumbai Indians,Mumbai Indians,field,Chennai Super Kings,Chennai Super Kings,187.0,149.0
320,548380,2012,2012-05-25,Delhi Daredevils,Chennai Super Kings,Delhi Daredevils,field,Chennai Super Kings,Chennai Super Kings,222.0,136.0
321,548381,2012,2012-05-27,Kolkata Knight Riders,Chennai Super Kings,Chennai Super Kings,bat,Chennai Super Kings,Kolkata Knight Riders,190.0,191.0
322,597998,2013,2013-04-03,Kolkata Knight Riders,Delhi Daredevils,Kolkata Knight Riders,field,Delhi Daredevils,Kolkata Knight Riders,128.0,129.0
323,597999,2013,2013-04-04,Royal Challengers Bangalore,Mumbai Indians,Mumbai Indians,field,Royal Challengers Bangalore,Royal Challengers Bangalore,156.0,154.0
324,598000,2013,2013-04-05,Sunrisers Hyderabad,Pune Warriors,Pune Warriors,field,Sunrisers Hyderabad,Sunrisers Hyderabad,126.0,104.0
325,598001,2013,2013-04-06,Delhi Daredevils,Rajasthan Royals,Rajasthan Royals,bat,Rajasthan Royals,Rajasthan Royals,165.0,160.0
326,598002,2013,2013-04-06,Chennai Super Kings,Mumbai Indians,Mumbai Indians,bat,Mumbai Indians,Mumbai Indians,148.0,139.0
327,598003,2013,2013-04-07,Pune Warriors,Kings XI Punjab,Pune Warriors,bat,Pune Warriors,Kings XI Punjab,99.0,100.0
328,598004,2013,2013-04-07,Sunrisers Hyderabad,Royal Challengers Bangalore,Royal Challengers Bangalore,bat,Royal Challengers Bangalore,Sunrisers Hyderabad,130.0,131.0
329,598005,2013,2013-04-08,Rajasthan Royals,Kolkata Knight Riders,Kolkata Knight Riders,field,Rajasthan Royals,Rajasthan Royals,144.0,125.0
330,598006,2013,2013-04-09,Mumbai Indians,Delhi Daredevils,Mumbai Indians,bat,Mumbai Indians,Mumbai Indians,209.0,165.0
331,598048,2013,2013-04-09,Royal Challengers Bangalore,Sunrisers Hyderabad,Sunrisers Hyderabad,bat,Sunrisers Hyderabad,Royal Challengers Bangalore,161.0,162.0
332,598007,2013,2013-04-10,Kings XI Punjab,Chennai Super Kings,Chennai Super Kings,field,Kings XI Punjab,Chennai Super Kings,138.0,139.0
333,598008,2013,2013-04-11,Royal Challengers Bangalore,Kolkata Knight Riders,Royal Challengers Bangalore,field,Kolkata Knight Riders,Royal Challengers Bangalore,154.0,155.0
334,598009,2013,2013-04-11,Pune Warriors,Rajasthan Royals,Rajasthan Royals,bat,Rajasthan Royals,Pune Warriors,145.0,146.0
335,598010,2013,2013-04-12,Delhi Daredevils,Sunrisers Hyderabad,Delhi Daredevils,bat,Delhi Daredevils,Sunrisers Hyderabad,114.0,115.0
336,598011,2013,2013-04-13,Mumbai Indians,Pune Warriors,Mumbai Indians,bat,Mumbai Indians,Mumbai Indians,183.0,142.0
337,598012,2013,2013-04-13,Chennai Super Kings,Royal Challengers Bangalore,Chennai Super Kings,field,Royal Challengers Bangalore,Chennai Super Kings,165.0,166.0
338,598013,2013,2013-04-14,Kolkata Knight Riders,Sunrisers Hyderabad,Kolkata Knight Riders,bat,Kolkata Knight Riders,Kolkata Knight Riders,180.0,132.0
339,598014,2013,2013-04-14,Rajasthan Royals,Kings XI Punjab,Rajasthan Royals,field,Kings XI Punjab,Rajasthan Royals,124.0,125.0
340,598015,2013,2013-04-15,Chennai Super Kings,Pune Warriors,Pune Warriors,bat,Pune Warriors,Pune Warriors,159.0,135.0
341,598016,2013,2013-04-16,Kings XI Punjab,Kolkata Knight Riders,Kolkata Knight Riders,field,Kings XI Punjab,Kings XI Punjab,157.0,153.0
342,598017,2013,2013-04-16,Royal Challengers Bangalore,Delhi Daredevils,Royal Challengers Bangalore,field,Delhi Daredevils,Royal Challengers Bangalore,152.0,153.0
343,598018,2013,2013-04-17,Pune Warriors,Sunrisers Hyderabad,Pune Warriors,field,Sunrisers Hyderabad,Sunrisers Hyderabad,119.0,108.0
344,598019,2013,2013-04-17,Rajasthan Royals,Mumbai Indians,Rajasthan Royals,bat,Rajasthan Royals,Rajasthan Royals,179.0,92.0
345,598020,2013,2013-04-18,Delhi Daredevils,Chennai Super Kings,Chennai Super Kings,bat,Chennai Super Kings,Chennai Super Kings,169.0,83.0
346,598021,2013,2013-04-19,Sunrisers Hyderabad,Kings XI Punjab,Kings XI Punjab,bat,Kings XI Punjab,Sunrisers Hyderabad,123.0,124.0
347,598022,2013,2013-04-20,Kolkata Knight Riders,Chennai Super Kings,Kolkata Knight Riders,bat,Kolkata Knight Riders,Chennai Super Kings,119.0,120.0
348,598023,2013,2013-04-20,Royal Challengers Bangalore,Rajasthan Royals,Royal Challengers Bangalore,field,Rajasthan Royals,Royal Challengers Bangalore,117.0,118.0
349,598024,2013,2013-04-21,Delhi Daredevils,Mumbai Indians,Mumbai Indians,bat,Mumbai Indians,Delhi Daredevils,161.0,162.0
350,598025,2013,2013-04-21,Kings XI Punjab,Pune Warriors,Kings XI Punjab,field,Pune Warriors,Kings XI Punjab,185.0,186.0
351,598026,2013,2013-04-22,Chennai Super Kings,Rajasthan Royals,Rajasthan Royals,bat,Rajasthan Royals,Chennai Super Kings,185.0,186.0
352,598027,2013,2013-04-23,Royal Challengers Bangalore,Pune Warriors,Pune Warriors,field,Royal Challengers Bangalore,Royal Challengers Bangalore,263.0,133.0
353,598059,2013,2013-04-23,Delhi Daredevils,Kings XI Punjab,Kings XI Punjab,field,Delhi Daredevils,Kings XI Punjab,120.0,121.0
354,598029,2013,2013-04-24,Kolkata Knight Riders,Mumbai Indians,Kolkata Knight Riders,bat,Kolkata Knight Riders,Mumbai Indians,159.0,160.0
355,598030,2013,2013-04-25,Chennai Super Kings,Sunrisers Hyderabad,Sunrisers Hyderabad,bat,Sunrisers Hyderabad,Chennai Super Kings,159.0,160.0
356,598031,2013,2013-04-26,Kolkata Knight Riders,Kings XI Punjab,Kings XI Punjab,bat,Kings XI Punjab,Kolkata Knight Riders,149.0,150.0
357,598032,2013,2013-04-27,Rajasthan Royals,Sunrisers Hyderabad,Sunrisers Hyderabad,bat,Sunrisers Hyderabad,Rajasthan Royals,144.0,145.0
358,598033,2013,2013-04-27,Mumbai Indians,Royal Challengers Bangalore,Mumbai Indians,bat,Mumbai Indians,Mumbai Indians,194.0,136.0
359,598034,2013,2013-04-28,Chennai Super Kings,Kolkata Knight Riders,Kolkata Knight Riders,field,Chennai Super Kings,Chennai Super Kings,200.0,186.0
360,598035,2013,2013-04-28,Delhi Daredevils,Pune Warriors,Pune Warriors,field,Delhi Daredevils,Delhi Daredevils,164.0,149.0
361,598036,2013,2013-04-29,Rajasthan Royals,Royal Challengers Bangalore,Rajasthan Royals,field,Royal Challengers Bangalore,Rajasthan Royals,171.0,172.0
362,598037,2013,2013-04-29,Mumbai Indians,Kings XI Punjab,Mumbai Indians,bat,Mumbai Indians,Mumbai Indians,174.0,170.0
363,598038,2013,2013-04-30,Pune Warriors,Chennai Super Kings,Chennai Super Kings,bat,Chennai Super Kings,Chennai Super Kings,164.0,127.0
364,598039,2013,2013-05-01,Sunrisers Hyderabad,Mumbai Indians,Mumbai Indians,bat,Mumbai Indians,Sunrisers Hyderabad,129.0,130.0
365,598040,2013,2013-05-01,Delhi Daredevils,Kolkata Knight Riders,Kolkata Knight Riders,bat,Kolkata Knight Riders,Delhi Daredevils,136.0,137.0
366,598041,2013,2013-05-02,Chennai Super Kings,Kings XI Punjab,Chennai Super Kings,bat,Chennai Super Kings,Chennai Super Kings,186.0,171.0
367,598042,2013,2013-05-02,Pune Warriors,Royal Challengers Bangalore,Royal Challengers Bangalore,bat,Royal Challengers Bangalore,Royal Challengers Bangalore,187.0,170.0
368,598043,2013,2013-05-03,Kolkata Knight Riders,Rajasthan Royals,Rajasthan Royals,bat,Rajasthan Royals,Kolkata Knight Riders,132.0,133.0
369,598044,2013,2013-05-04,Sunrisers Hyderabad,Delhi Daredevils,Delhi Daredevils,bat,Delhi Daredevils,Sunrisers Hyderabad,80.0,81.0
370,598046,2013,2013-05-05,Mumbai Indians,Chennai Super Kings,Mumbai Indians,bat,Mumbai Indians,Mumbai Indians,139.0,79.0
371,598047,2013,2013-05-05,Rajasthan Royals,Pune Warriors,Pune Warriors,bat,Pune Warriors,Rajasthan Royals,178.0,179.0
372,598064,2013,2013-05-06,Kings XI Punjab,Royal Challengers Bangalore,Kings XI Punjab,field,Royal Challengers Bangalore,Kings XI Punjab,190.0,191.0
373,598049,2013,2013-05-07,Rajasthan Royals,Delhi Daredevils,Delhi Daredevils,bat,Delhi Daredevils,Rajasthan Royals,154.0,155.0
374,598050,2013,2013-05-07,Mumbai Indians,Kolkata Knight Riders,Mumbai Indians,bat,Mumbai Indians,Mumbai Indians,170.0,105.0
375,598051,2013,2013-05-08,Sunrisers Hyderabad,Chennai Super Kings,Sunrisers Hyderabad,field,Chennai Super Kings,Chennai Super Kings,223.0,146.0
376,598052,2013,2013-05-09,Kings XI Punjab,Rajasthan Royals,Rajasthan Royals,field,Kings XI Punjab,Rajasthan Royals,145.0,146.0
377,598053,2013,2013-05-09,Pune Warriors,Kolkata Knight Riders,Kolkata Knight Riders,bat,Kolkata Knight Riders,Kolkata Knight Riders,152.0,106.0
378,598054,2013,2013-05-10,Delhi Daredevils,Royal Challengers Bangalore,Delhi Daredevils,field,Royal Challengers Bangalore,Royal Challengers Bangalore,183.0,179.0
379,598055,2013,2013-05-11,Pune Warriors,Mumbai Indians,Pune Warriors,bat,Pune Warriors,Mumbai Indians,112.0,113.0
380,598056,2013,2013-05-11,Kings XI Punjab,Sunrisers Hyderabad,Kings XI Punjab,field,Sunrisers Hyderabad,Sunrisers Hyderabad,150.0,120.0
381,598057,2013,2013-05-12,Kolkata Knight Riders,Royal Challengers Bangalore,Kolkata Knight Riders,field,Royal Challengers Bangalore,Kolkata Knight Riders,115.0,116.0
382,598058,2013,2013-05-12,Rajasthan Royals,Chennai Super Kings,Rajasthan Royals,field,Chennai Super Kings,Rajasthan Royals,141.0,142.0
383,598060,2013,2013-05-13,Mumbai Indians,Sunrisers Hyderabad,Sunrisers Hyderabad,bat,Sunrisers Hyderabad,Mumbai Indians,178.0,179.0
384,598045,2013,2013-05-14,Royal Challengers Bangalore,Kings XI Punjab,Kings XI Punjab,field,Royal Challengers Bangalore,Kings XI Punjab,174.0,175.0
385,598062,2013,2013-05-14,Chennai Super Kings,Delhi Daredevils,Chennai Super Kings,bat,Chennai Super Kings,Chennai Super Kings,168.0,135.0
386,598061,2013,2013-05-15,Kolkata Knight Riders,Pune Warriors,Kolkata Knight Riders,field,Pune Warriors,Pune Warriors,170.0,163.0
387,598063,2013,2013-05-15,Mumbai Indians,Rajasthan Royals,Rajasthan Royals,field,Mumbai Indians,Mumbai Indians,166.0,152.0
388,598028,2013,2013-05-16,Kings XI Punjab,Delhi Daredevils,Delhi Daredevils,field,Kings XI Punjab,Kings XI Punjab,171.0,164.0
389,598065,2013,2013-05-17,Sunrisers Hyderabad,Rajasthan Royals,Sunrisers Hyderabad,bat,Sunrisers Hyderabad,Sunrisers Hyderabad,136.0,113.0
390,598066,2013,2013-05-18,Kings XI Punjab,Mumbai Indians,Mumbai Indians,field,Kings XI Punjab,Kings XI Punjab,183.0,133.0
391,598068,2013,2013-05-18,Royal Challengers Bangalore,Chennai Super Kings,Chennai Super Kings,field,Royal Challengers Bangalore,Royal Challengers Bangalore,106.0,82.0
392,598067,2013,2013-05-19,Pune Warriors,Delhi Daredevils,Pune Warriors,bat,Pune Warriors,Pune Warriors,172.0,134.0
393,598069,2013,2013-05-19,Sunrisers Hyderabad,Kolkata Knight Riders,Kolkata Knight Riders,bat,Kolkata Knight Riders,Sunrisers Hyderabad,130.0,131.0
394,598070,2013,2013-05-21,Chennai Super Kings,Mumbai Indians,Chennai Super Kings,bat,Chennai Super Kings,Chennai Super Kings,192.0,144.0
395,598071,2013,2013-05-22,Rajasthan Royals,Sunrisers Hyderabad,Sunrisers Hyderabad,bat,Sunrisers Hyderabad,Rajasthan Royals,132.0,133.0
396,598072,2013,2013-05-24,Mumbai Indians,Rajasthan Royals,Rajasthan Royals,bat,Rajasthan Royals,Mumbai Indians,165.0,166.0
397,598073,2013,2013-05-26,Chennai Super Kings,Mumbai Indians,Mumbai Indians,bat,Mumbai Indians,Mumbai Indians,148.0,125.0
398,729279,2014,2014-04-16,Mumbai Indians,Kolkata Knight Riders,Kolkata Knight Riders,bat,Kolkata Knight Riders,Kolkata Knight Riders,163.0,122.0
399,729281,2014,2014-04-17,Delhi Daredevils,Royal Challengers Bangalore,Royal Challengers Bangalore,field,Delhi Daredevils,Royal Challengers Bangalore,145.0,146.0
400,729283,2014,2014-04-18,Chennai Super Kings,Kings XI Punjab,Chennai Super Kings,bat,Chennai Super Kings,Kings XI Punjab,205.0,206.0
401,729285,2014,2014-04-18,Sunrisers Hyderabad,Rajasthan Royals,Rajasthan Royals,field,Sunrisers Hyderabad,Rajasthan Royals,133.0,134.0
402,729287,2014,2014-04-19,Royal Challengers Bangalore,Mumbai Indians,Royal Challengers Bangalore,field,Mumbai Indians,Royal Challengers Bangalore,115.0,116.0
403,729289,2014,2014-04-19,Kolkata Knight Riders,Delhi Daredevils,Kolkata Knight Riders,bat,Kolkata Knight Riders,Delhi Daredevils,166.0,167.0
404,729291,2014,2014-04-20,Rajasthan Royals,Kings XI Punjab,Kings XI Punjab,field,Rajasthan Royals,Kings XI Punjab,191.0,192.0
405,729293,2014,2014-04-21,Chennai Super Kings,Delhi Daredevils,Chennai Super Kings,bat,Chennai Super Kings,Chennai Super Kings,177.0,84.0
406,729295,2014,2014-04-22,Kings XI Punjab,Sunrisers Hyderabad,Sunrisers Hyderabad,field,Kings XI Punjab,Kings XI Punjab,193.0,121.0
407,729297,2014,2014-04-23,Rajasthan Royals,Chennai Super Kings,Rajasthan Royals,field,Chennai Super Kings,Chennai Super Kings,140.0,133.0
408,729299,2014,2014-04-24,Royal Challengers Bangalore,Kolkata Knight Riders,Royal Challengers Bangalore,field,Kolkata Knight Riders,Kolkata Knight Riders,150.0,148.0
409,729301,2014,2014-04-25,Sunrisers Hyderabad,Delhi Daredevils,Sunrisers Hyderabad,bat,Sunrisers Hyderabad,Sunrisers Hyderabad,184.0,180.0
410,729303,2014,2014-04-25,Chennai Super Kings,Mumbai Indians,Mumbai Indians,bat,Mumbai Indians,Chennai Super Kings,141.0,142.0
411,729305,2014,2014-04-26,Rajasthan Royals,Royal Challengers Bangalore,Rajasthan Royals,field,Royal Challengers Bangalore,Rajasthan Royals,70.0,71.0
412,729307,2014,2014-04-26,Kolkata Knight Riders,Kings XI Punjab,Kolkata Knight Riders,field,Kings XI Punjab,Kings XI Punjab,132.0,109.0
413,729309,2014,2014-04-27,Delhi Daredevils,Mumbai Indians,Mumbai Indians,bat,Mumbai Indians,Delhi Daredevils,125.0,126.0
414,729311,2014,2014-04-27,Sunrisers Hyderabad,Chennai Super Kings,Sunrisers Hyderabad,bat,Sunrisers Hyderabad,Chennai Super Kings,145.0,146.0
415,729313,2014,2014-04-28,Kings XI Punjab,Royal Challengers Bangalore,Kings XI Punjab,field,Royal Challengers Bangalore,Kings XI Punjab,124.0,125.0
416,729315,2014,2014-04-29,Kolkata Knight Riders,Rajasthan Royals,Rajasthan Royals,bat,Rajasthan Royals,Rajasthan Royals,152.0,
417,729317,2014,2014-04-30,Mumbai Indians,Sunrisers Hyderabad,Mumbai Indians,field,Sunrisers Hyderabad,Sunrisers Hyderabad,172.0,157.0
418,733971,2014,2014-05-02,Chennai Super Kings,Kolkata Knight Riders,Chennai Super Kings,bat,Chennai Super Kings,Chennai Super Kings,148.0,114.0
419,733973,2014,2014-05-03,Mumbai Indians,Kings XI Punjab,Kings XI Punjab,bat,Kings XI Punjab,Mumbai Indians,168.0,169.0
420,733975,2014,2014-05-03,Delhi Daredevils,Rajasthan Royals,Rajasthan Royals,field,Delhi Daredevils,Rajasthan Royals,152.0,153.0
421,733977,2014,2014-05-04,Royal Challengers Bangalore,Sunrisers Hyderabad,Royal Challengers Bangalore,field,Sunrisers Hyderabad,Royal Challengers Bangalore,155.0,156.0
422,733979,2014,2014-05-05,Rajasthan Royals,Kolkata Knight Riders,Kolkata Knight Riders,field,Rajasthan Royals,Rajasthan Royals,170.0,160.0
423,733981,2014,2014-05-05,Delhi Daredevils,Chennai Super Kings,Chennai Super Kings,field,Delhi Daredevils,Chennai Super Kings,178.0,179.0
424,733983,2014,2014-05-06,Mumbai Indians,Royal Challengers Bangalore,Royal Challengers Bangalore,field,Mumbai Indians,Mumbai Indians,187.0,168.0
425,733985,2014,2014-05-07,Delhi Daredevils,Kolkata Knight Riders,Delhi Daredevils,bat,Delhi Daredevils,Kolkata Knight Riders,160.0,161.0
426,733987,2014,2014-05-07,Kings XI Punjab,Chennai Super Kings,Chennai Super Kings,field,Kings XI Punjab,Kings XI Punjab,231.0,187.0
427,733989,2014,2014-05-08,Rajasthan Royals,Sunrisers Hyderabad,Rajasthan Royals,field,Sunrisers Hyderabad,Sunrisers Hyderabad,134.0,102.0
428,733991,2014,2014-05-09,Royal Challengers Bangalore,Kings XI Punjab,Royal Challengers Bangalore,field,Kings XI Punjab,Kings XI Punjab,198.0,166.0
429,733993,2014,2014-05-10,Delhi Daredevils,Sunrisers Hyderabad,Sunrisers Hyderabad,field,Delhi Daredevils,Sunrisers Hyderabad,42.0,43.0
430,733995,2014,2014-05-10,Mumbai Indians,Chennai Super Kings,Chennai Super Kings,field,Mumbai Indians,Chennai Super Kings,157.0,158.0
431,733997,2014,2014-05-11,Kings XI Punjab,Kolkata Knight Riders,Kolkata Knight Riders,field,Kings XI Punjab,Kolkata Knight Riders,149.0,150.0
432,733999,2014,2014-05-11,Royal Challengers Bangalore,Rajasthan Royals,Royal Challengers Bangalore,bat,Royal Challengers Bangalore,Rajasthan Royals,190.0,191.0
433,734001,2014,2014-05-12,Sunrisers Hyderabad,Mumbai Indians,Sunrisers Hyderabad,bat,Sunrisers Hyderabad,Mumbai Indians,157.0,158.0
434,734003,2014,2014-05-13,Chennai Super Kings,Rajasthan Royals,Rajasthan Royals,bat,Rajasthan Royals,Chennai Super Kings,148.0,149.0
435,734005,2014,2014-05-13,Royal Challengers Bangalore,Delhi Daredevils,Delhi Daredevils,field,Royal Challengers Bangalore,Royal Challengers Bangalore,186.0,170.0
436,734007,2014,2014-05-14,Sunrisers Hyderabad,Kings XI Punjab,Kings XI Punjab,field,Sunrisers Hyderabad,Kings XI Punjab,205.0,206.0
437,734009,2014,2014-05-14,Kolkata Knight Riders,Mumbai Indians,Kolkata Knight Riders,field,Mumbai Indians,Kolkata Knight Riders,141.0,142.0
438,734011,2014,2014-05-15,Rajasthan Royals,Delhi Daredevils,Delhi Daredevils,field,Rajasthan Royals,Rajasthan Royals,201.0,139.0
439,734013,2014,2014-05-18,Chennai Super Kings,Royal Challengers Bangalore,Chennai Super Kings,bat,Chennai Super Kings,Royal Challengers Bangalore,138.0,139.0
440,734015,2014,2014-05-18,Sunrisers Hyderabad,Kolkata Knight Riders,Sunrisers Hyderabad,bat,Sunrisers Hyderabad,Kolkata Knight Riders,142.0,143.0
441,734017,2014,2014-05-19,Rajasthan Royals,Mumbai Indians,Mumbai Indians,bat,Mumbai Indians,Mumbai Indians,178.0,153.0
442,734019,2014,2014-05-19,Delhi Daredevils,Kings XI Punjab,Kings XI Punjab,field,Delhi Daredevils,Kings XI Punjab,164.0,165.0
443,734021,2014,2014-05-20,Sunrisers Hyderabad,Royal Challengers Bangalore,Royal Challengers Bangalore,bat,Royal Challengers Bangalore,Sunrisers Hyderabad,160.0,161.0
444,734023,2014,2014-05-20,Kolkata Knight Riders,Chennai Super Kings,Kolkata Knight Riders,field,Chennai Super Kings,Kolkata Knight Riders,154.0,155.0
445,734025,2014,2014-05-21,Kings XI Punjab,Mumbai Indians,Mumbai Indians,field,Kings XI Punjab,Mumbai Indians,156.0,157.0
446,734027,2014,2014-05-22,Kolkata Knight Riders,Royal Challengers Bangalore,Royal Challengers Bangalore,field,Kolkata Knight Riders,Kolkata Knight Riders,195.0,165.0
447,734029,2014,2014-05-22,Chennai Super Kings,Sunrisers Hyderabad,Sunrisers Hyderabad,field,Chennai Super Kings,Sunrisers Hyderabad,185.0,186.0
448,734031,2014,2014-05-23,Mumbai Indians,Delhi Daredevils,Delhi Daredevils,field,Mumbai Indians,Mumbai Indians,173.0,158.0
449,734033,2014,2014-05-23,Kings XI Punjab,Rajasthan Royals,Rajasthan Royals,field,Kings XI Punjab,Kings XI Punjab,179.0,163.0
450,734035,2014,2014-05-24,Royal Challengers Bangalore,Chennai Super Kings,Chennai Super Kings,field,Royal Challengers Bangalore,Chennai Super Kings,154.0,155.0
451,734037,2014,2014-05-24,Kolkata Knight Riders,Sunrisers Hyderabad,Kolkata Knight Riders,field,Sunrisers Hyderabad,Kolkata Knight Riders,160.0,161.0
452,734039,2014,2014-05-25,Kings XI Punjab,Delhi Daredevils,Kings XI Punjab,field,Delhi Daredevils,Kings XI Punjab,115.0,116.0
453,734041,2014,2014-05-25,Mumbai Indians,Rajasthan Royals,Mumbai Indians,field,Rajasthan Royals,Mumbai Indians,189.0,190.0
454,734043,2014,2014-05-27,Kings XI Punjab,Kolkata Knight Riders,Kings XI Punjab,field,Kolkata Knight Riders,Kolkata Knight Riders,163.0,135.0
455,734045,2014,2014-05-28,Chennai Super Kings,Mumbai Indians,Chennai Super Kings,field,Mumbai Indians,Chennai Super Kings,173.0,174.0
456,734047,2014,2014-05-30,Chennai Super Kings,Kings XI Punjab,Chennai Super Kings,field,Kings XI Punjab,Kings XI Punjab,226.0,202.0
457,734049,2014,2014-06-01,Kolkata Knight Riders,Kings XI Punjab,Kolkata Knight Riders,field,Kings XI Punjab,Kolkata Knight Riders,199.0,200.0
458,829705,2015,2015-04-08,Kolkata Knight Riders,Mumbai Indians,Kolkata Knight Riders,field,Mumbai Indians,Kolkata Knight Riders,168.0,169.0
459,829707,2015,2015-04-09,Chennai Super Kings,Delhi Daredevils,Delhi Daredevils,field,Chennai Super Kings,Chennai Super Kings,150.0,149.0
460,829709,2015,2015-04-10,Kings XI Punjab,Rajasthan Royals,Kings XI Punjab,field,Rajasthan Royals,Rajasthan Royals,162.0,136.0
461,829711,2015,2015-04-11,Chennai Super Kings,Sunrisers Hyderabad,Chennai Super Kings,bat,Chennai Super Kings,Chennai Super Kings,209.0,164.0
462,829713,2015,2015-04-11,Kolkata Knight Riders,Royal Challengers Bangalore,Royal Challengers Bangalore,field,Kolkata Knight Riders,Royal Challengers Bangalore,177.0,178.0
463,829715,2015,2015-04-12,Delhi Daredevils,Rajasthan Royals,Rajasthan Royals,field,Delhi Daredevils,Rajasthan Royals,184.0,185.0
464,829717,2015,2015-04-12,Mumbai Indians,Kings XI Punjab,Mumbai Indians,field,Kings XI Punjab,Kings XI Punjab,177.0,159.0
465,829719,2015,2015-04-13,Royal Challengers Bangalore,Sunrisers Hyderabad,Sunrisers Hyderabad,field,Royal Challengers Bangalore,Sunrisers Hyderabad,166.0,167.0
466,829721,2015,2015-04-14,Rajasthan Royals,Mumbai Indians,Mumbai Indians,bat,Mumbai Indians,Rajasthan Royals,164.0,165.0
467,829725,2015,2015-04-15,Kings XI Punjab,Delhi Daredevils,Kings XI Punjab,bat,Kings XI Punjab,Delhi Daredevils,165.0,166.0
468,829727,2015,2015-04-16,Sunrisers Hyderabad,Rajasthan Royals,Rajasthan Royals,field,Sunrisers Hyderabad,Rajasthan Royals,127.0,128.0
469,829729,2015,2015-04-17,Mumbai Indians,Chennai Super Kings,Mumbai Indians,bat,Mumbai Indians,Chennai Super Kings,183.0,184.0
470,829731,2015,2015-04-18,Sunrisers Hyderabad,Delhi Daredevils,Delhi Daredevils,bat,Delhi Daredevils,Delhi Daredevils,167.0,163.0
471,829733,2015,2015-04-18,Kings XI Punjab,Kolkata Knight Riders,Kolkata Knight Riders,field,Kings XI Punjab,Kolkata Knight Riders,155.0,156.0
472,829735,2015,2015-04-19,Rajasthan Royals,Chennai Super Kings,Chennai Super Kings,bat,Chennai Super Kings,Rajasthan Royals,156.0,157.0
473,829737,2015,2015-04-19,Royal Challengers Bangalore,Mumbai Indians,Royal Challengers Bangalore,field,Mumbai Indians,Mumbai Indians,209.0,191.0
474,829739,2015,2015-04-20,Delhi Daredevils,Kolkata Knight Riders,Kolkata Knight Riders,field,Delhi Daredevils,Kolkata Knight Riders,146.0,147.0
475,829741,2015,2015-04-21,Rajasthan Royals,Kings XI Punjab,Kings XI Punjab,field,Rajasthan Royals,Kings XI Punjab,191.0,192.0
476,829743,2015,2015-04-22,Sunrisers Hyderabad,Kolkata Knight Riders,Kolkata Knight Riders,field,Sunrisers Hyderabad,Sunrisers Hyderabad,117.0,101.0
477,829745,2015,2015-04-22,Royal Challengers Bangalore,Chennai Super Kings,Royal Challengers Bangalore,field,Chennai Super Kings,Chennai Super Kings,181.0,154.0
478,829747,2015,2015-04-23,Delhi Daredevils,Mumbai Indians,Mumbai Indians,field,Delhi Daredevils,Delhi Daredevils,190.0,153.0
479,829749,2015,2015-04-24,Rajasthan Royals,Royal Challengers Bangalore,Royal Challengers Bangalore,field,Rajasthan Royals,Royal Challengers Bangalore,130.0,131.0
480,829751,2015,2015-04-25,Mumbai Indians,Sunrisers Hyderabad,Mumbai Indians,bat,Mumbai Indians,Mumbai Indians,157.0,137.0
481,829753,2015,2015-04-25,Chennai Super Kings,Kings XI Punjab,Chennai Super Kings,bat,Chennai Super Kings,Chennai Super Kings,192.0,95.0
482,829757,2015,2015-04-26,Delhi Daredevils,Royal Challengers Bangalore,Royal Challengers Bangalore,field,Delhi Daredevils,Royal Challengers Bangalore,95.0,96.0
483,829759,2015,2015-04-27,Kings XI Punjab,Sunrisers Hyderabad,Kings XI Punjab,field,Sunrisers Hyderabad,Sunrisers Hyderabad,150.0,130.0
484,829765,2015,2015-04-28,Chennai Super Kings,Kolkata Knight Riders,Kolkata Knight Riders,field,Chennai Super Kings,Chennai Super Kings,134.0,132.0
485,829763,2015,2015-04-29,Royal Challengers Bangalore,Rajasthan Royals,Rajasthan Royals,field,Royal Challengers Bangalore,,,
486,829723,2015,2015-04-30,Kolkata Knight Riders,Chennai Super Kings,Kolkata Knight Riders,field,Chennai Super Kings,Kolkata Knight Riders,165.0,166.0
487,829767,2015,2015-05-01,Delhi Daredevils,Kings XI Punjab,Delhi Daredevils,field,Kings XI Punjab,Delhi Daredevils,118.0,119.0
488,829769,2015,2015-05-01,Mumbai Indians,Rajasthan Royals,Rajasthan Royals,field,Mumbai Indians,Mumbai Indians,187.0,179.0
489,829771,2015,2015-05-02,Royal Challengers Bangalore,Kolkata Knight Riders,Royal Challengers Bangalore,field,Kolkata Knight Riders,Royal Challengers Bangalore,111.0,112.0
490,829773,2015,2015-05-02,Sunrisers Hyderabad,Chennai Super Kings,Chennai Super Kings,field,Sunrisers Hyderabad,Sunrisers Hyderabad,192.0,170.0
491,829775,2015,2015-05-03,Kings XI Punjab,Mumbai Indians,Mumbai Indians,bat,Mumbai Indians,Mumbai Indians,172.0,149.0
492,829777,2015,2015-05-03,Rajasthan Royals,Delhi Daredevils,Delhi Daredevils,field,Rajasthan Royals,Rajasthan Royals,189.0,175.0
493,829779,2015,2015-05-04,Chennai Super Kings,Royal Challengers Bangalore,Chennai Super Kings,bat,Chennai Super Kings,Chennai Super Kings,148.0,124.0
494,829781,2015,2015-05-04,Kolkata Knight Riders,Sunrisers Hyderabad,Sunrisers Hyderabad,field,Kolkata Knight Riders,Kolkata Knight Riders,167.0,132.0
495,829783,2015,2015-05-05,Mumbai Indians,Delhi Daredevils,Delhi Daredevils,bat,Delhi Daredevils,Mumbai Indians,152.0,153.0
496,829785,2015,2015-05-06,Royal Challengers Bangalore,Kings XI Punjab,Kings XI Punjab,field,Royal Challengers Bangalore,Royal Challengers Bangalore,226.0,88.0
497,829761,2015,2015-05-07,Kolkata Knight Riders,Delhi Daredevils,Kolkata Knight Riders,bat,Kolkata Knight Riders,Kolkata Knight Riders,171.0,158.0
498,829787,2015,2015-05-07,Rajasthan Royals,Sunrisers Hyderabad,Rajasthan Royals,field,Sunrisers Hyderabad,Sunrisers Hyderabad,201.0,194.0
499,829789,2015,2015-05-08,Chennai Super Kings,Mumbai Indians,Chennai Super Kings,bat,Chennai Super Kings,Mumbai Indians,158.0,159.0
500,829791,2015,2015-05-09,Kolkata Knight Riders,Kings XI Punjab,Kings XI Punjab,bat,Kings XI Punjab,Kolkata Knight Riders,183.0,184.0
501,829793,2015,2015-05-09,Delhi Daredevils,Sunrisers Hyderabad,Sunrisers Hyderabad,bat,Sunrisers Hyderabad,Sunrisers Hyderabad,163.0,157.0
502,829795,2015,2015-05-10,Mumbai Indians,Royal Challengers Bangalore,Royal Challengers Bangalore,bat,Royal Challengers Bangalore,Royal Challengers Bangalore,235.0,196.0
503,829797,2015,2015-05-10,Chennai Super Kings,Rajasthan Royals,Chennai Super Kings,bat,Chennai Super Kings,Chennai Super Kings,157.0,145.0
504,829799,2015,2015-05-11,Sunrisers Hyderabad,Kings XI Punjab,Sunrisers Hyderabad,bat,Sunrisers Hyderabad,Sunrisers Hyderabad,185.0,180.0
505,829801,2015,2015-05-12,Delhi Daredevils,Chennai Super Kings,Chennai Super Kings,bat,Chennai Super Kings,Delhi Daredevils,119.0,120.0
506,829803,2015,2015-05-13,Kings XI Punjab,Royal Challengers Bangalore,Royal Challengers Bangalore,field,Kings XI Punjab,Kings XI Punjab,106.0,84.0
507,829805,2015,2015-05-14,Mumbai Indians,Kolkata Knight Riders,Kolkata Knight Riders,field,Mumbai Indians,Mumbai Indians,171.0,166.0
508,829807,2015,2015-05-15,Sunrisers Hyderabad,Royal Challengers Bangalore,Sunrisers Hyderabad,bat,Sunrisers Hyderabad,Royal Challengers Bangalore,80.0,81.0
509,829809,2015,2015-05-16,Kings XI Punjab,Chennai Super Kings,Kings XI Punjab,bat,Kings XI Punjab,Chennai Super Kings,130.0,131.0
510,829811,2015,2015-05-16,Rajasthan Royals,Kolkata Knight Riders,Rajasthan Royals,bat,Rajasthan Royals,Rajasthan Royals,199.0,190.0
511,829813,2015,2015-05-17,Royal Challengers Bangalore,Delhi Daredevils,Royal Challengers Bangalore,field,Delhi Daredevils,,187.0,
512,829815,2015,2015-05-17,Sunrisers Hyderabad,Mumbai Indians,Sunrisers Hyderabad,bat,Sunrisers Hyderabad,Mumbai Indians,113.0,114.0
513,829817,2015,2015-05-19,Chennai Super Kings,Mumbai Indians,Mumbai Indians,bat,Mumbai Indians,Mumbai Indians,187.0,162.0
514,829819,2015,2015-05-20,Royal Challengers Bangalore,Rajasthan Royals,Royal Challengers Bangalore,bat,Royal Challengers Bangalore,Royal Challengers Bangalore,180.0,109.0
515,829821,2015,2015-05-22,Chennai Super Kings,Royal Challengers Bangalore,Chennai Super Kings,field,Royal Challengers Bangalore,Chennai Super Kings,139.0,140.0
516,829823,2015,2015-05-24,Mumbai Indians,Chennai Super Kings,Chennai Super Kings,field,Mumbai Indians,Mumbai Indians,202.0,161.0
517,980901,2016,2016-04-09,Mumbai Indians,Rising Pune Supergiants,Mumbai Indians,bat,Mumbai Indians,Rising Pune Supergiants,121.0,122.0
518,980903,2016,2016-04-10,Kolkata Knight Riders,Delhi Daredevils,Kolkata Knight Riders,field,Delhi Daredevils,Kolkata Knight Riders,98.0,99.0
519,980905,2016,2016-04-11,Kings XI Punjab,Gujarat Lions,Gujarat Lions,field,Kings XI Punjab,Gujarat Lions,161.0,162.0
520,980907,2016,2016-04-12,Royal Challengers Bangalore,Sunrisers Hyderabad,Sunrisers Hyderabad,field,Royal Challengers Bangalore,Royal Challengers Bangalore,227.0,182.0
521,980909,2016,2016-04-13,Kolkata Knight Riders,Mumbai Indians,Mumbai Indians,field,Kolkata Knight Riders,Mumbai Indians,187.0,188.0
522,980911,2016,2016-04-14,Gujarat Lions,Rising Pune Supergiants,Rising Pune Supergiants,bat,Rising Pune Supergiants,Gujarat Lions,163.0,164.0
523,980913,2016,2016-04-15,Delhi Daredevils,Kings XI Punjab,Delhi Daredevils,field,Kings XI Punjab,Delhi Daredevils,111.0,112.0
524,980915,2016,2016-04-16,Sunrisers Hyderabad,Kolkata Knight Riders,Sunrisers Hyderabad,bat,Sunrisers Hyderabad,Kolkata Knight Riders,142.0,143.0
525,980917,2016,2016-04-16,Mumbai Indians,Gujarat Lions,Gujarat Lions,field,Mumbai Indians,Gujarat Lions,143.0,144.0
526,980919,2016,2016-04-17,Kings XI Punjab,Rising Pune Supergiants,Rising Pune Supergiants,bat,Rising Pune Supergiants,Kings XI Punjab,152.0,153.0
527,980921,2016,2016-04-17,Royal Challengers Bangalore,Delhi Daredevils,Delhi Daredevils,field,Royal Challengers Bangalore,Delhi Daredevils,191.0,192.0
528,980923,2016,2016-04-18,Sunrisers Hyderabad,Mumbai Indians,Sunrisers Hyderabad,field,Mumbai Indians,Sunrisers Hyderabad,142.0,143.0
529,980925,2016,2016-04-19,Kings XI Punjab,Kolkata Knight Riders,Kolkata Knight Riders,field,Kings XI Punjab,Kolkata Knight Riders,138.0,139.0
530,980927,2016,2016-04-20,Mumbai Indians,Royal Challengers Bangalore,Mumbai Indians,field,Royal Challengers Bangalore,Mumbai Indians,170.0,171.0
531,980929,2016,2016-04-21,Gujarat Lions,Sunrisers Hyderabad,Sunrisers Hyderabad,field,Gujarat Lions,Sunrisers Hyderabad,135.0,136.0
532,980931,2016,2016-04-22,Rising Pune Supergiants,Royal Challengers Bangalore,Rising Pune Supergiants,field,Royal Challengers Bangalore,Royal Challengers Bangalore,185.0,172.0
533,980933,2016,2016-04-23,Delhi Daredevils,Mumbai Indians,Mumbai Indians,field,Delhi Daredevils,Delhi Daredevils,164.0,154.0
534,980935,2016,2016-04-23,Sunrisers Hyderabad,Kings XI Punjab,Sunrisers Hyderabad,field,Kings XI Punjab,Sunrisers Hyderabad,143.0,144.0
535,980937,2016,2016-04-24,Gujarat Lions,Royal Challengers Bangalore,Royal Challengers Bangalore,bat,Royal Challengers Bangalore,Gujarat Lions,180.0,181.0
536,980939,2016,2016-04-24,Rising Pune Supergiants,Kolkata Knight Riders,Kolkata Knight Riders,field,Rising Pune Supergiants,Kolkata Knight Riders,160.0,161.0
537,980941,2016,2016-04-25,Kings XI Punjab,Mumbai Indians,Kings XI Punjab,field,Mumbai Indians,Mumbai Indians,189.0,164.0
538,980943,2016,2016-04-26,Sunrisers Hyderabad,Rising Pune Supergiants,Rising Pune Supergiants,field,Sunrisers Hyderabad,Rising Pune Supergiants,60.0,61.0
539,980945,2016,2016-04-27,Delhi Daredevils,Gujarat Lions,Delhi Daredevils,field,Gujarat Lions,Gujarat Lions,172.0,171.0
540,980947,2016,2016-04-28,Mumbai Indians,Kolkata Knight Riders,Mumbai Indians,field,Kolkata Knight Riders,Mumbai Indians,174.0,175.0
541,980949,2016,2016-04-29,Rising Pune Supergiants,Gujarat Lions,Gujarat Lions,field,Rising Pune Supergiants,Gujarat Lions,195.0,196.0
542,980951,2016,2016-04-30,Delhi Daredevils,Kolkata Knight Riders,Kolkata Knight Riders,field,Delhi Daredevils,Delhi Daredevils,186.0,159.0
543,980953,2016,2016-04-30,Sunrisers Hyderabad,Royal Challengers Bangalore,Royal Challengers Bangalore,field,Sunrisers Hyderabad,Sunrisers Hyderabad,194.0,179.0
544,980955,2016,2016-05-01,Gujarat Lions,Kings XI Punjab,Gujarat Lions,field,Kings XI Punjab,Kings XI Punjab,154.0,131.0
545,980957,2016,2016-05-01,Rising Pune Supergiants,Mumbai Indians,Mumbai Indians,field,Rising Pune Supergiants,Mumbai Indians,159.0,160.0
546,980959,2016,2016-05-02,Royal Challengers Bangalore,Kolkata Knight Riders,Kolkata Knight Riders,field,Royal Challengers Bangalore,Kolkata Knight Riders,185.0,186.0
547,980961,2016,2016-05-03,Gujarat Lions,Delhi Daredevils,Delhi Daredevils,field,Gujarat Lions,Delhi Daredevils,149.0,150.0
548,980963,2016,2016-05-04,Kolkata Knight Riders,Kings XI Punjab,Kings XI Punjab,field,Kolkata Knight Riders,Kolkata Knight Riders,164.0,157.0
549,980965,2016,2016-05-05,Delhi Daredevils,Rising Pune Supergiants,Rising Pune Supergiants,field,Delhi Daredevils,Rising Pune Supergiants,162.0,163.0
550,980967,2016,2016-05-06,Sunrisers Hyderabad,Gujarat Lions,Sunrisers Hyderabad,field,Gujarat Lions,Sunrisers Hyderabad,126.0,127.0
551,980969,2016,2016-05-07,Royal Challengers Bangalore,Rising Pune Supergiants,Royal Challengers Bangalore,field,Rising Pune Supergiants,Royal Challengers Bangalore,191.0,192.0
552,980971,2016,2016-05-07,Kings XI Punjab,Delhi Daredevils,Delhi Daredevils,field,Kings XI Punjab,Kings XI Punjab,181.0,172.0
553,980973,2016,2016-05-08,Mumbai Indians,Sunrisers Hyderabad,Mumbai Indians,field,Sunrisers Hyderabad,Sunrisers Hyderabad,177.0,92.0
554,980975,2016,2016-05-08,Kolkata Knight Riders,Gujarat Lions,Gujarat Lions,field,Kolkata Knight Riders,Gujarat Lions,158.0,159.0
555,980977,2016,2016-05-09,Kings XI Punjab,Royal Challengers Bangalore,Kings XI Punjab,field,Royal Challengers Bangalore,Royal Challengers Bangalore,175.0,174.0
556,980979,2016,2016-05-10,Rising Pune Supergiants,Sunrisers Hyderabad,Sunrisers Hyderabad,bat,Sunrisers Hyderabad,Sunrisers Hyderabad,137.0,133.0
557,980981,2016,2016-05-11,Royal Challengers Bangalore,Mumbai Indians,Mumbai Indians,field,Royal Challengers Bangalore,Mumbai Indians,151.0,152.0
558,980983,2016,2016-05-12,Sunrisers Hyderabad,Delhi Daredevils,Delhi Daredevils,field,Sunrisers Hyderabad,Delhi Daredevils,146.0,147.0
559,980985,2016,2016-05-13,Mumbai Indians,Kings XI Punjab,Mumbai Indians,bat,Mumbai Indians,Kings XI Punjab,124.0,125.0
560,980987,2016,2016-05-14,Royal Challengers Bangalore,Gujarat Lions,Gujarat Lions,field,Royal Challengers Bangalore,Royal Challengers Bangalore,248.0,104.0
561,980989,2016,2016-05-14,Kolkata Knight Riders,Rising Pune Supergiants,Rising Pune Supergiants,bat,Rising Pune Supergiants,Kolkata Knight Riders,65.0,66.0
562,980991,2016,2016-05-15,Kings XI Punjab,Sunrisers Hyderabad,Kings XI Punjab,bat,Kings XI Punjab,Sunrisers Hyderabad,179.0,180.0
563,980993,2016,2016-05-15,Mumbai Indians,Delhi Daredevils,Delhi Daredevils,field,Mumbai Indians,Mumbai Indians,206.0,126.0
564,980995,2016,2016-05-16,Kolkata Knight Riders,Royal Challengers Bangalore,Royal Challengers Bangalore,field,Kolkata Knight Riders,Royal Challengers Bangalore,183.0,184.0
565,980997,2016,2016-05-17,Rising Pune Supergiants,Delhi Daredevils,Rising Pune Supergiants,field,Delhi Daredevils,Rising Pune Supergiants,57.0,58.0
566,980999,2016,2016-05-18,Royal Challengers Bangalore,Kings XI Punjab,Kings XI Punjab,field,Royal Challengers Bangalore,Royal Challengers Bangalore,202.0,120.0
567,981001,2016,2016-05-19,Gujarat Lions,Kolkata Knight Riders,Gujarat Lions,field,Kolkata Knight Riders,Gujarat Lions,124.0,125.0
568,981003,2016,2016-05-20,Delhi Daredevils,Sunrisers Hyderabad,Delhi Daredevils,field,Sunrisers Hyderabad,Delhi Daredevils,158.0,159.0
569,981005,2016,2016-05-21,Rising Pune Supergiants,Kings XI Punjab,Kings XI Punjab,bat,Kings XI Punjab,Rising Pune Supergiants,172.0,173.0
570,981007,2016,2016-05-21,Gujarat Lions,Mumbai Indians,Gujarat Lions,field,Mumbai Indians,Gujarat Lions,172.0,173.0
571,981009,2016,2016-05-22,Kolkata Knight Riders,Sunrisers Hyderabad,Sunrisers Hyderabad,field,Kolkata Knight Riders,Kolkata Knight Riders,171.0,149.0
572,981011,2016,2016-05-22,Delhi Daredevils,Royal Challengers Bangalore,Royal Challengers Bangalore,field,Delhi Daredevils,Royal Challengers Bangalore,138.0,139.0
573,981013,2016,2016-05-24,Gujarat Lions,Royal Challengers Bangalore,Royal Challengers Bangalore,field,Gujarat Lions,Royal Challengers Bangalore,158.0,159.0
574,981015,2016,2016-05-25,Sunrisers Hyderabad,Kolkata Knight Riders,Kolkata Knight Riders,field,Sunrisers Hyderabad,Sunrisers Hyderabad,162.0,140.0
575,981017,2016,2016-05-27,Gujarat Lions,Sunrisers Hyderabad,Sunrisers Hyderabad,field,Gujarat Lions,Sunrisers Hyderabad,162.0,163.0
576,981019,2016,2016-05-29,Royal Challengers Bangalore,Sunrisers Hyderabad,Sunrisers Hyderabad,bat,Sunrisers Hyderabad,Sunrisers Hyderabad,208.0,200.0
577,1082591,2017,2017-04-05,Sunrisers Hyderabad,Royal Challengers Bangalore,Royal Challengers Bangalore,field,Sunrisers Hyderabad,Sunrisers Hyderabad,207.0,172.0
578,1082592,2017,2017-04-06,Rising Pune Supergiant,Mumbai Indians,Rising Pune Supergiant,field,Mumbai Indians,Rising Pune Supergiant,184.0,185.0
579,1082593,2017,2017-04-07,Gujarat Lions,Kolkata Knight Riders,Kolkata Knight Riders,field,Gujarat Lions,Kolkata Knight Riders,183.0,184.0
580,1082594,2017,2017-04-08,Kings XI Punjab,Rising Pune Supergiant,Kings XI Punjab,field,Rising Pune Supergiant,Kings XI Punjab,163.0,164.0
581,1082595,2017,2017-04-08,Royal Challengers Bangalore,Delhi Daredevils,Royal Challengers Bangalore,bat,Royal Challengers Bangalore,Royal Challengers Bangalore,157.0,142.0
582,1082596,2017,2017-04-09,Sunrisers Hyderabad,Gujarat Lions,Sunrisers Hyderabad,field,Gujarat Lions,Sunrisers Hyderabad,135.0,136.0
583,1082597,2017,2017-04-09,Mumbai Indians,Kolkata Knight Riders,Mumbai Indians,field,Kolkata Knight Riders,Mumbai Indians,178.0,179.0
584,1082598,2017,2017-04-10,Kings XI Punjab,Royal Challengers Bangalore,Royal Challengers Bangalore,bat,Royal Challengers Bangalore,Kings XI Punjab,148.0,149.0
585,1082599,2017,2017-04-11,Rising Pune Supergiant,Delhi Daredevils,Rising Pune Supergiant,field,Delhi Daredevils,Delhi Daredevils,205.0,108.0
586,1082600,2017,2017-04-12,Mumbai Indians,Sunrisers Hyderabad,Mumbai Indians,field,Sunrisers Hyderabad,Mumbai Indians,158.0,159.0
587,1082601,2017,2017-04-13,Kolkata Knight Riders,Kings XI Punjab,Kolkata Knight Riders,field,Kings XI Punjab,Kolkata Knight Riders,170.0,171.0
588,1082602,2017,2017-04-14,Royal Challengers Bangalore,Mumbai Indians,Mumbai Indians,field,Royal Challengers Bangalore,Mumbai Indians,142.0,143.0
589,1082603,2017,2017-04-14,Gujarat Lions,Rising Pune Supergiant,Gujarat Lions,field,Rising Pune Supergiant,Gujarat Lions,171.0,172.0
590,1082604,2017,2017-04-15,Kolkata Knight Riders,Sunrisers Hyderabad,Sunrisers Hyderabad,field,Kolkata Knight Riders,Kolkata Knight Riders,172.0,155.0
591,1082605,2017,2017-04-15,Delhi Daredevils,Kings XI Punjab,Delhi Daredevils,bat,Delhi Daredevils,Delhi Daredevils,188.0,137.0
592,1082606,2017,2017-04-16,Mumbai Indians,Gujarat Lions,Mumbai Indians,field,Gujarat Lions,Mumbai Indians,176.0,177.0
593,1082607,2017,2017-04-16,Royal Challengers Bangalore,Rising Pune Supergiant,Royal Challengers Bangalore,field,Rising Pune Supergiant,Rising Pune Supergiant,161.0,134.0
594,1082608,2017,2017-04-17,Delhi Daredevils,Kolkata Knight Riders,Delhi Daredevils,bat,Delhi Daredevils,Kolkata Knight Riders,168.0,169.0
595,1082609,2017,2017-04-17,Sunrisers Hyderabad,Kings XI Punjab,Kings XI Punjab,field,Sunrisers Hyderabad,Sunrisers Hyderabad,159.0,154.0
596,1082610,2017,2017-04-18,Gujarat Lions,Royal Challengers Bangalore,Gujarat Lions,field,Royal Challengers Bangalore,Royal Challengers Bangalore,213.0,192.0
597,1082611,2017,2017-04-19,Sunrisers Hyderabad,Delhi Daredevils,Sunrisers Hyderabad,bat,Sunrisers Hyderabad,Sunrisers Hyderabad,191.0,176.0
598,1082612,2017,2017-04-20,Kings XI Punjab,Mumbai Indians,Mumbai Indians,field,Kings XI Punjab,Mumbai Indians,198.0,199.0
599,1082613,2017,2017-04-21,Kolkata Knight Riders,Gujarat Lions,Gujarat Lions,field,Kolkata Knight Riders,Gujarat Lions,187.0,188.0
600,1082614,2017,2017-04-22,Mumbai Indians,Delhi Daredevils,Delhi Daredevils,field,Mumbai Indians,Mumbai Indians,142.0,128.0
601,1082615,2017,2017-04-22,Rising Pune Supergiant,Sunrisers Hyderabad,Rising Pune Supergiant,field,Sunrisers Hyderabad,Rising Pune Supergiant,176.0,177.0
602,1082616,2017,2017-04-23,Gujarat Lions,Kings XI Punjab,Gujarat Lions,field,Kings XI Punjab,Kings XI Punjab,188.0,162.0
603,1082617,2017,2017-04-23,Kolkata Knight Riders,Royal Challengers Bangalore,Royal Challengers Bangalore,field,Kolkata Knight Riders,Kolkata Knight Riders,131.0,49.0
604,1082618,2017,2017-04-24,Mumbai Indians,Rising Pune Supergiant,Mumbai Indians,field,Rising Pune Supergiant,Rising Pune Supergiant,160.0,157.0
605,1082620,2017,2017-04-26,Rising Pune Supergiant,Kolkata Knight Riders,Kolkata Knight Riders,field,Rising Pune Supergiant,Kolkata Knight Riders,182.0,183.0
606,1082621,2017,2017-04-27,Royal Challengers Bangalore,Gujarat Lions,Gujarat Lions,field,Royal Challengers Bangalore,Gujarat Lions,134.0,135.0
607,1082622,2017,2017-04-28,Kolkata Knight Riders,Delhi Daredevils,Kolkata Knight Riders,field,Delhi Daredevils,Kolkata Knight Riders,160.0,161.0
608,1082623,2017,2017-04-28,Kings XI Punjab,Sunrisers Hyderabad,Kings XI Punjab,field,Sunrisers Hyderabad,Sunrisers Hyderabad,207.0,181.0
609,1082624,2017,2017-04-29,Rising Pune Supergiant,Royal Challengers Bangalore,Royal Challengers Bangalore,field,Rising Pune Supergiant,Rising Pune Supergiant,157.0,96.0
610,1082625,2017,2017-04-29,Gujarat Lions,Mumbai Indians,Gujarat Lions,bat,Gujarat Lions,Mumbai Indians,153.0,154.0
611,1082626,2017,2017-04-30,Kings XI Punjab,Delhi Daredevils,Kings XI Punjab,field,Delhi Daredevils,Kings XI Punjab,67.0,68.0
612,1082627,2017,2017-04-30,Sunrisers Hyderabad,Kolkata Knight Riders,Kolkata Knight Riders,field,Sunrisers Hyderabad,Sunrisers Hyderabad,209.0,161.0
613,1082628,2017,2017-05-01,Mumbai Indians,Royal Challengers Bangalore,Royal Challengers Bangalore,bat,Royal Challengers Bangalore,Mumbai Indians,162.0,163.0
614,1082629,2017,2017-05-01,Rising Pune Supergiant,Gujarat Lions,Rising Pune Supergiant,field,Gujarat Lions,Rising Pune Supergiant,161.0,162.0
615,1082630,2017,2017-05-02,Delhi Daredevils,Sunrisers Hyderabad,Delhi Daredevils,field,Sunrisers Hyderabad,Delhi Daredevils,185.0,186.0
616,1082631,2017,2017-05-03,Kolkata Knight Riders,Rising Pune Supergiant,Rising Pune Supergiant,field,Kolkata Knight Riders,Rising Pune Supergiant,155.0,156.0
617,1082632,2017,2017-05-04,Delhi Daredevils,Gujarat Lions,Delhi Daredevils,field,Gujarat Lions,Delhi Daredevils,208.0,209.0
618,1082633,2017,2017-05-05,Royal Challengers Bangalore,Kings XI Punjab,Royal Challengers Bangalore,field,Kings XI Punjab,Kings XI Punjab,138.0,119.0
619,1082634,2017,2017-05-06,Sunrisers Hyderabad,Rising Pune Supergiant,Sunrisers Hyderabad,field,Rising Pune Supergiant,Rising Pune Supergiant,148.0,136.0
620,1082635,2017,2017-05-06,Delhi Daredevils,Mumbai Indians,Delhi Daredevils,field,Mumbai Indians,Mumbai Indians,212.0,66.0
621,1082636,2017,2017-05-07,Royal Challengers Bangalore,Kolkata Knight Riders,Kolkata Knight Riders,field,Royal Challengers Bangalore,Kolkata Knight Riders,158.0,159.0
622,1082637,2017,2017-05-07,Kings XI Punjab,Gujarat Lions,Gujarat Lions,field,Kings XI Punjab,Gujarat Lions,189.0,190.0
623,1082638,2017,2017-05-08,Sunrisers Hyderabad,Mumbai Indians,Mumbai Indians,bat,Mumbai Indians,Sunrisers Hyderabad,138.0,139.0
624,1082639,2017,2017-05-09,Kings XI Punjab,Kolkata Knight Riders,Kolkata Knight Riders,field,Kings XI Punjab,Kings XI Punjab,167.0,153.0
625,1082640,2017,2017-05-10,Gujarat Lions,Delhi Daredevils,Delhi Daredevils,field,Gujarat Lions,Delhi Daredevils,195.0,196.0
626,1082641,2017,2017-05-11,Mumbai Indians,Kings XI Punjab,Mumbai Indians,field,Kings XI Punjab,Kings XI Punjab,230.0,223.0
627,1082642,2017,2017-05-12,Delhi Daredevils,Rising Pune Supergiant,Delhi Daredevils,bat,Delhi Daredevils,Delhi Daredevils,168.0,161.0
628,1082643,2017,2017-05-13,Gujarat Lions,Sunrisers Hyderabad,Sunrisers Hyderabad,field,Gujarat Lions,Sunrisers Hyderabad,154.0,155.0
629,1082644,2017,2017-05-13,Kolkata Knight Riders,Mumbai Indians,Kolkata Knight Riders,field,Mumbai Indians,Mumbai Indians,173.0,164.0
630,1082645,2017,2017-05-14,Rising Pune Supergiant,Kings XI Punjab,Rising Pune Supergiant,field,Kings XI Punjab,Rising Pune Supergiant,73.0,74.0
631,1082646,2017,2017-05-14,Delhi Daredevils,Royal Challengers Bangalore,Royal Challengers Bangalore,bat,Royal Challengers Bangalore,Royal Challengers Bangalore,161.0,151.0
632,1082647,2017,2017-05-16,Mumbai Indians,Rising Pune Supergiant,Mumbai Indians,field,Rising Pune Supergiant,Rising Pune Supergiant,162.0,142.0
633,1082648,2017,2017-05-17,Sunrisers Hyderabad,Kolkata Knight Riders,Kolkata Knight Riders,field,Sunrisers Hyderabad,Kolkata Knight Riders,47.0,48.0
634,1082649,2017,2017-05-19,Mumbai Indians,Kolkata Knight Riders,Mumbai Indians,field,Kolkata Knight Riders,Mumbai Indians,107.0,108.0
635,1082650,2017,2017-05-21,Mumbai Indians,Rising Pune Supergiant,Mumbai Indians,bat,Mumbai Indians,Mumbai Indians,129.0,128.0
636,1136561,2018,2018-04-07,Mumbai Indians,Chennai Super Kings,Chennai Super Kings,field,Mumbai Indians,Chennai Super Kings,165.0,166.0
637,1136562,2018,2018-04-08,Delhi Daredevils,Kings XI Punjab,Kings XI Punjab,field,Delhi Daredevils,Kings XI Punjab,166.0,167.0
638,1136563,2018,2018-04-08,Royal Challengers Bangalore,Kolkata Knight Riders,Kolkata Knight Riders,field,Royal Challengers Bangalore,Kolkata Knight Riders,176.0,177.0
639,1136564,2018,2018-04-09,Rajasthan Royals,Sunrisers Hyderabad,Sunrisers Hyderabad,field,Rajasthan Royals,Sunrisers Hyderabad,125.0,126.0
640,1136565,2018,2018-04-10,Kolkata Knight Riders,Chennai Super Kings,Chennai Super Kings,field,Kolkata Knight Riders,Chennai Super Kings,202.0,203.0
641,1136566,2018,2018-04-11,Rajasthan Royals,Delhi Daredevils,Delhi Daredevils,field,Rajasthan Royals,Rajasthan Royals,70.0,60.0
642,1136567,2018,2018-04-12,Mumbai Indians,Sunrisers Hyderabad,Sunrisers Hyderabad,field,Mumbai Indians,Sunrisers Hyderabad,147.0,148.0
643,1136568,2018,2018-04-13,Kings XI Punjab,Royal Challengers Bangalore,Royal Challengers Bangalore,field,Kings XI Punjab,Royal Challengers Bangalore,155.0,156.0
644,1136569,2018,2018-04-14,Mumbai Indians,Delhi Daredevils,Delhi Daredevils,field,Mumbai Indians,Delhi Daredevils,194.0,195.0
645,1136570,2018,2018-04-14,Kolkata Knight Riders,Sunrisers Hyderabad,Sunrisers Hyderabad,field,Kolkata Knight Riders,Sunrisers Hyderabad,138.0,139.0
646,1136571,2018,2018-04-15,Rajasthan Royals,Royal Challengers Bangalore,Royal Challengers Bangalore,field,Rajasthan Royals,Rajasthan Royals,217.0,198.0
647,1136572,2018,2018-04-15,Kings XI Punjab,Chennai Super Kings,Chennai Super Kings,field,Kings XI Punjab,Kings XI Punjab,197.0,193.0
648,1136573,2018,2018-04-16,Kolkata Knight Riders,Delhi Daredevils,Delhi Daredevils,field,Kolkata Knight Riders,Kolkata Knight Riders,200.0,129.0
649,1136574,2018,2018-04-17,Mumbai Indians,Royal Challengers Bangalore,Royal Challengers Bangalore,field,Mumbai Indians,Mumbai Indians,213.0,167.0
650,1136575,2018,2018-04-18,Rajasthan Royals,Kolkata Knight Riders,Kolkata Knight Riders,field,Rajasthan Royals,Kolkata Knight Riders,160.0,161.0
651,1136576,2018,2018-04-19,Kings XI Punjab,Sunrisers Hyderabad,Kings XI Punjab,bat,Kings XI Punjab,Kings XI Punjab,193.0,178.0
652,1136577,2018,2018-04-20,Chennai Super Kings,Rajasthan Royals,Rajasthan Royals,field,Chennai Super Kings,Chennai Super Kings,204.0,140.0
653,1136578,2018,2018-04-21,Kolkata Knight Riders,Kings XI Punjab,Kings XI Punjab,field,Kolkata Knight Riders,Kings XI Punjab,124.0,125.0
654,1136579,2018,2018-04-21,Delhi Daredevils,Royal Challengers Bangalore,Royal Challengers Bangalore,field,Delhi Daredevils,Royal Challengers Bangalore,174.0,175.0
655,1136580,2018,2018-04-22,Chennai Super Kings,Sunrisers Hyderabad,Sunrisers Hyderabad,field,Chennai Super Kings,Chennai Super Kings,182.0,178.0
656,1136581,2018,2018-04-22,Mumbai Indians,Rajasthan Royals,Mumbai Indians,bat,Mumbai Indians,Rajasthan Royals,167.0,168.0
657,1136582,2018,2018-04-23,Kings XI Punjab,Delhi Daredevils,Delhi Daredevils,field,Kings XI Punjab,Kings XI Punjab,143.0,139.0
658,1136583,2018,2018-04-24,Sunrisers Hyderabad,Mumbai Indians,Mumbai Indians,field,Sunrisers Hyderabad,Sunrisers Hyderabad,118.0,87.0
659,1136584,2018,2018-04-25,Royal Challengers Bangalore,Chennai Super Kings,Chennai Super Kings,field,Royal Challengers Bangalore,Chennai Super Kings,205.0,206.0
660,1136585,2018,2018-04-26,Sunrisers Hyderabad,Kings XI Punjab,Kings XI Punjab,field,Sunrisers Hyderabad,Sunrisers Hyderabad,132.0,119.0
661,1136586,2018,2018-04-27,Delhi Daredevils,Kolkata Knight Riders,Kolkata Knight Riders,field,Delhi Daredevils,Delhi Daredevils,219.0,164.0
662,1136587,2018,2018-04-28,Chennai Super Kings,Mumbai Indians,Mumbai Indians,field,Chennai Super Kings,Mumbai Indians,169.0,170.0
663,1136588,2018,2018-04-29,Sunrisers Hyderabad,Rajasthan Royals,Sunrisers Hyderabad,bat,Sunrisers Hyderabad,Sunrisers Hyderabad,151.0,140.0
664,1136589,2018,2018-04-29,Royal Challengers Bangalore,Kolkata Knight Riders,Kolkata Knight Riders,field,Royal Challengers Bangalore,Kolkata Knight Riders,175.0,176.0
665,1136590,2018,2018-04-30,Chennai Super Kings,Delhi Daredevils,Delhi Daredevils,field,Chennai Super Kings,Chennai Super Kings,211.0,198.0
666,1136591,2018,2018-05-01,Royal Challengers Bangalore,Mumbai Indians,Mumbai Indians,field,Royal Challengers Bangalore,Royal Challengers Bangalore,167.0,153.0
667,1136592,2018,2018-05-02,Delhi Daredevils,Rajasthan Royals,Rajasthan Royals,field,Delhi Daredevils,Delhi Daredevils,150.0,146.0
668,1136593,2018,2018-05-03,Chennai Super Kings,Kolkata Knight Riders,Kolkata Knight Riders,field,Chennai Super Kings,Kolkata Knight Riders,177.0,178.0
669,1136594,2018,2018-05-04,Kings XI Punjab,Mumbai Indians,Mumbai Indians,field,Kings XI Punjab,Mumbai Indians,174.0,175.0
670,1136595,2018,2018-05-05,Royal Challengers Bangalore,Chennai Super Kings,Chennai Super Kings,field,Royal Challengers Bangalore,Chennai Super Kings,127.0,128.0
671,1136596,2018,2018-05-05,Delhi Daredevils,Sunrisers Hyderabad,Delhi Daredevils,bat,Delhi Daredevils,Sunrisers Hyderabad,163.0,164.0
672,1136597,2018,2018-05-06,Mumbai Indians,Kolkata Knight Riders,Kolkata Knight Riders,field,Mumbai Indians,Mumbai Indians,181.0,168.0
673,1136598,2018,2018-05-06,Rajasthan Royals,Kings XI Punjab,Kings XI Punjab,field,Rajasthan Royals,Kings XI Punjab,152.0,153.0
674,1136599,2018,2018-05-07,Sunrisers Hyderabad,Royal Challengers Bangalore,Royal Challengers Bangalore,field,Sunrisers Hyderabad,Sunrisers Hyderabad,146.0,141.0
675,1136600,2018,2018-05-08,Rajasthan Royals,Kings XI Punjab,Rajasthan Royals,bat,Rajasthan Royals,Rajasthan Royals,158.0,143.0
676,1136601,2018,2018-05-09,Mumbai Indians,Kolkata Knight Riders,Kolkata Knight Riders,field,Mumbai Indians,Mumbai Indians,210.0,108.0
677,1136602,2018,2018-05-10,Delhi Daredevils,Sunrisers Hyderabad,Delhi Daredevils,bat,Delhi Daredevils,Sunrisers Hyderabad,187.0,188.0
678,1136603,2018,2018-05-11,Chennai Super Kings,Rajasthan Royals,Chennai Super Kings,bat,Chennai Super Kings,Rajasthan Royals,176.0,177.0
679,1136604,2018,2018-05-12,Kolkata Knight Riders,Kings XI Punjab,Kings XI Punjab,field,Kolkata Knight Riders,Kolkata Knight Riders,245.0,214.0
680,1136605,2018,2018-05-12,Delhi Daredevils,Royal Challengers Bangalore,Royal Challengers Bangalore,field,Delhi Daredevils,Royal Challengers Bangalore,181.0,182.0
681,1136606,2018,2018-05-13,Sunrisers Hyderabad,Chennai Super Kings,Chennai Super Kings,field,Sunrisers Hyderabad,Chennai Super Kings,179.0,180.0
682,1136607,2018,2018-05-13,Mumbai Indians,Rajasthan Royals,Rajasthan Royals,field,Mumbai Indians,Rajasthan Royals,168.0,169.0
683,1136608,2018,2018-05-14,Kings XI Punjab,Royal Challengers Bangalore,Royal Challengers Bangalore,field,Kings XI Punjab,Royal Challengers Bangalore,88.0,89.0
684,1136609,2018,2018-05-15,Rajasthan Royals,Kolkata Knight Riders,Kolkata Knight Riders,field,Rajasthan Royals,Kolkata Knight Riders,142.0,143.0
685,1136610,2018,2018-05-16,Mumbai Indians,Kings XI Punjab,Kings XI Punjab,field,Mumbai Indians,Mumbai Indians,186.0,183.0
686,1136611,2018,2018-05-17,Royal Challengers Bangalore,Sunrisers Hyderabad,Sunrisers Hyderabad,field,Royal Challengers Bangalore,Royal Challengers Bangalore,218.0,204.0
687,1136612,2018,2018-05-18,Delhi Daredevils,Chennai Super Kings,Chennai Super Kings,field,Delhi Daredevils,Delhi Daredevils,162.0,128.0
688,1136613,2018,2018-05-19,Rajasthan Royals,Royal Challengers Bangalore,Rajasthan Royals,bat,Rajasthan Royals,Rajasthan Royals,164.0,134.0
689,1136614,2018,2018-05-19,Sunrisers Hyderabad,Kolkata Knight Riders,Sunrisers Hyderabad,bat,Sunrisers Hyderabad,Kolkata Knight Riders,172.0,173.0
690,1136615,2018,2018-05-20,Delhi Daredevils,Mumbai Indians,Delhi Daredevils,bat,Delhi Daredevils,Delhi Daredevils,174.0,163.0
691,1136616,2018,2018-05-20,Kings XI Punjab,Chennai Super Kings,Chennai Super Kings,field,Kings XI Punjab,Chennai Super Kings,153.0,154.0
692,1136617,2018,2018-05-22,Sunrisers Hyderabad,Chennai Super Kings,Chennai Super Kings,field,Sunrisers Hyderabad,Chennai Super Kings,139.0,140.0
693,1136618,2018,2018-05-23,Kolkata Knight Riders,Rajasthan Royals,Rajasthan Royals,field,Kolkata Knight Riders,Kolkata Knight Riders,169.0,144.0
694,1136619,2018,2018-05-25,Sunrisers Hyderabad,Kolkata Knight Riders,Kolkata Knight Riders,field,Sunrisers Hyderabad,Sunrisers Hyderabad,174.0,160.0
695,1136620,2018,2018-05-27,Sunrisers Hyderabad,Chennai Super Kings,Chennai Super Kings,field,Sunrisers Hyderabad,Chennai Super Kings,178.0,179.0
696,1175356,2019,2019-03-23,Royal Challengers Bangalore,Chennai Super Kings,Chennai Super Kings,field,Royal Challengers Bangalore,Chennai Super Kings,70.0,71.0
697,1175357,2019,2019-03-24,Sunrisers Hyderabad,Kolkata Knight Riders,Kolkata Knight Riders,field,Sunrisers Hyderabad,Kolkata Knight Riders,181.0,182.0
698,1175358,2019,2019-03-24,Delhi Capitals,Mumbai Indians,Mumbai Indians,field,Delhi Capitals,Delhi Capitals,213.0,176.0
699,1175359,2019,2019-03-25,Kings XI Punjab,Rajasthan Royals,Rajasthan Royals,field,Kings XI Punjab,Kings XI Punjab,184.0,170.0
700,1175360,2019,2019-03-26,Delhi Capitals,Chennai Super Kings,Delhi Capitals,bat,Delhi Capitals,Chennai Super Kings,147.0,148.0
701,1175361,2019,2019-03-27,Kolkata Knight Riders,Kings XI Punjab,Kings XI Punjab,field,Kolkata Knight Riders,Kolkata Knight Riders,218.0,190.0
702,1175362,2019,2019-03-28,Mumbai Indians,Royal Challengers Bangalore,Royal Challengers Bangalore,field,Mumbai Indians,Mumbai Indians,187.0,181.0
703,1175363,2019,2019-03-29,Rajasthan Royals,Sunrisers Hyderabad,Rajasthan Royals,bat,Rajasthan Royals,Sunrisers Hyderabad,198.0,199.0
704,1175364,2019,2019-03-30,Mumbai Indians,Kings XI Punjab,Kings XI Punjab,field,Mumbai Indians,Kings XI Punjab,176.0,177.0
705,1175365,2019,2019-03-30,Kolkata Knight Riders,Delhi Capitals,Delhi Capitals,field,Kolkata Knight Riders,Delhi Capitals,185.0,186.0
706,1175366,2019,2019-03-31,Sunrisers Hyderabad,Royal Challengers Bangalore,Royal Challengers Bangalore,field,Sunrisers Hyderabad,Sunrisers Hyderabad,231.0,113.0
707,1175367,2019,2019-03-31,Chennai Super Kings,Rajasthan Royals,Rajasthan Royals,field,Chennai Super Kings,Chennai Super Kings,175.0,167.0
708,1175368,2019,2019-04-01,Kings XI Punjab,Delhi Capitals,Delhi Capitals,field,Kings XI Punjab,Kings XI Punjab,166.0,152.0
709,1175369,2019,2019-04-02,Royal Challengers Bangalore,Rajasthan Royals,Rajasthan Royals,field,Royal Challengers Bangalore,Rajasthan Royals,158.0,159.0
710,1175370,2019,2019-04-03,Mumbai Indians,Chennai Super Kings,Chennai Super Kings,field,Mumbai Indians,Mumbai Indians,170.0,133.0
711,1175371,2019,2019-04-04,Delhi Capitals,Sunrisers Hyderabad,Sunrisers Hyderabad,field,Delhi Capitals,Sunrisers Hyderabad,129.0,130.0
712,1175372,2019,2019-04-05,Royal Challengers Bangalore,Kolkata Knight Riders,Kolkata Knight Riders,field,Royal Challengers Bangalore,Kolkata Knight Riders,205.0,206.0
713,1178393,2019,2019-04-06,Chennai Super Kings,Kings XI Punjab,Chennai Super Kings,bat,Chennai Super Kings,Chennai Super Kings,160.0,138.0
714,1178394,2019,2019-04-06,Mumbai Indians,Sunrisers Hyderabad,Sunrisers Hyderabad,field,Mumbai Indians,Mumbai Indians,136.0,96.0
715,1178395,2019,2019-04-07,Royal Challengers Bangalore,Delhi Capitals,Delhi Capitals,field,Royal Challengers Bangalore,Delhi Capitals,149.0,150.0
716,1178396,2019,2019-04-07,Rajasthan Royals,Kolkata Knight Riders,Kolkata Knight Riders,field,Rajasthan Royals,Kolkata Knight Riders,139.0,140.0
717,1178397,2019,2019-04-08,Sunrisers Hyderabad,Kings XI Punjab,Kings XI Punjab,field,Sunrisers Hyderabad,Kings XI Punjab,150.0,151.0
718,1178398,2019,2019-04-09,Kolkata Knight Riders,Chennai Super Kings,Chennai Super Kings,field,Kolkata Knight Riders,Chennai Super Kings,108.0,109.0
719,1178399,2019,2019-04-10,Kings XI Punjab,Mumbai Indians,Mumbai Indians,field,Kings XI Punjab,Mumbai Indians,197.0,198.0
720,1178400,2019,2019-04-11,Rajasthan Royals,Chennai Super Kings,Chennai Super Kings,field,Rajasthan Royals,Chennai Super Kings,151.0,152.0
721,1178401,2019,2019-04-12,Kolkata Knight Riders,Delhi Capitals,Delhi Capitals,field,Kolkata Knight Riders,Delhi Capitals,178.0,179.0
722,1178402,2019,2019-04-13,Mumbai Indians,Rajasthan Royals,Rajasthan Royals,field,Mumbai Indians,Rajasthan Royals,187.0,188.0
723,1178403,2019,2019-04-13,Kings XI Punjab,Royal Challengers Bangalore,Royal Challengers Bangalore,field,Kings XI Punjab,Royal Challengers Bangalore,173.0,174.0
724,1178404,2019,2019-04-14,Kolkata Knight Riders,Chennai Super Kings,Chennai Super Kings,field,Kolkata Knight Riders,Chennai Super Kings,161.0,162.0
725,1178405,2019,2019-04-14,Delhi Capitals,Sunrisers Hyderabad,Sunrisers Hyderabad,field,Delhi Capitals,Delhi Capitals,155.0,116.0
726,1178406,2019,2019-04-15,Royal Challengers Bangalore,Mumbai Indians,Mumbai Indians,field,Royal Challengers Bangalore,Mumbai Indians,171.0,172.0
727,1178407,2019,2019-04-16,Kings XI Punjab,Rajasthan Royals,Rajasthan Royals,field,Kings XI Punjab,Kings XI Punjab,182.0,170.0
728,1178408,2019,2019-04-17,Chennai Super Kings,Sunrisers Hyderabad,Chennai Super Kings,bat,Chennai Super Kings,Sunrisers Hyderabad,132.0,133.0
729,1178409,2019,2019-04-18,Mumbai Indians,Delhi Capitals,Mumbai Indians,bat,Mumbai Indians,Mumbai Indians,168.0,128.0
730,1178410,2019,2019-04-19,Royal Challengers Bangalore,Kolkata Knight Riders,Kolkata Knight Riders,field,Royal Challengers Bangalore,Royal Challengers Bangalore,213.0,203.0
731,1178411,2019,2019-04-20,Mumbai Indians,Rajasthan Royals,Rajasthan Royals,field,Mumbai Indians,Rajasthan Royals,161.0,162.0
732,1178412,2019,2019-04-20,Kings XI Punjab,Delhi Capitals,Delhi Capitals,field,Kings XI Punjab,Delhi Capitals,163.0,164.0
733,1178413,2019,2019-04-21,Kolkata Knight Riders,Sunrisers Hyderabad,Sunrisers Hyderabad,field,Kolkata Knight Riders,Sunrisers Hyderabad,159.0,160.0
734,1178414,2019,2019-04-21,Royal Challengers Bangalore,Chennai Super Kings,Chennai Super Kings,field,Royal Challengers Bangalore,Royal Challengers Bangalore,161.0,160.0
735,1178415,2019,2019-04-22,Rajasthan Royals,Delhi Capitals,Delhi Capitals,field,Rajasthan Royals,Delhi Capitals,191.0,192.0
736,1178416,2019,2019-04-23,Sunrisers Hyderabad,Chennai Super Kings,Chennai Super Kings,field,Sunrisers Hyderabad,Chennai Super Kings,175.0,176.0
737,1178417,2019,2019-04-24,Royal Challengers Bangalore,Kings XI Punjab,Kings XI Punjab,field,Royal Challengers Bangalore,Royal Challengers Bangalore,202.0,185.0
738,1178418,2019,2019-04-25,Kolkata Knight Riders,Rajasthan Royals,Rajasthan Royals,field,Kolkata Knight Riders,Rajasthan Royals,175.0,176.0
739,1178419,2019,2019-04-26,Mumbai Indians,Chennai Super Kings,Chennai Super Kings,field,Mumbai Indians,Mumbai Indians,155.0,109.0
740,1178420,2019,2019-04-27,Sunrisers Hyderabad,Rajasthan Royals,Rajasthan Royals,field,Sunrisers Hyderabad,Rajasthan Royals,160.0,161.0
741,1178421,2019,2019-04-28,Delhi Capitals,Royal Challengers Bangalore,Delhi Capitals,bat,Delhi Capitals,Delhi Capitals,187.0,171.0
742,1178422,2019,2019-04-28,Kolkata Knight Riders,Mumbai Indians,Mumbai Indians,field,Kolkata Knight Riders,Kolkata Knight Riders,232.0,198.0
743,1178423,2019,2019-04-29,Sunrisers Hyderabad,Kings XI Punjab,Kings XI Punjab,field,Sunrisers Hyderabad,Sunrisers Hyderabad,212.0,167.0
744,1178424,2019,2019-04-30,Royal Challengers Bangalore,Rajasthan Royals,Rajasthan Royals,field,Royal Challengers Bangalore,,62.0,
745,1178425,2019,2019-05-01,Chennai Super Kings,Delhi Capitals,Delhi Capitals,field,Chennai Super Kings,Chennai Super Kings,179.0,99.0
746,1178426,2019,2019-05-02,Mumbai Indians,Sunrisers Hyderabad,Mumbai Indians,bat,Mumbai Indians,Mumbai Indians,162.0,
747,1178427,2019,2019-05-03,Kings XI Punjab,Kolkata Knight Riders,Kolkata Knight Riders,field,Kings XI Punjab,Kolkata Knight Riders,183.0,184.0
748,1178428,2019,2019-05-04,Rajasthan Royals,Delhi Capitals,Rajasthan Royals,bat,Rajasthan Royals,Delhi Capitals,115.0,116.0
749,1178429,2019,2019-05-04,Sunrisers Hyderabad,Royal Challengers Bangalore,Royal Challengers Bangalore,field,Sunrisers Hyderabad,Royal Challengers Bangalore,175.0,176.0
750,1178430,2019,2019-05-05,Chennai Super Kings,Kings XI Punjab,Kings XI Punjab,field,Chennai Super Kings,Kings XI Punjab,170.0,171.0
751,1178431,2019,2019-05-05,Kolkata Knight Riders,Mumbai Indians,Mumbai Indians,field,Kolkata Knight Riders,Mumbai Indians,133.0,134.0
752,1181764,2019,2019-05-07,Chennai Super Kings,Mumbai Indians,Chennai Super Kings,bat,Chennai Super Kings,Mumbai Indians,131.0,132.0
753,1181766,2019,2019-05-08,Sunrisers Hyderabad,Delhi Capitals,Delhi Capitals,field,Sunrisers Hyderabad,Delhi Capitals,162.0,163.0
754,1181767,2019,2019-05-10,Delhi Capitals,Chennai Super Kings,Chennai Super Kings,field,Delhi Capitals,Chennai Super Kings,147.0,148.0
755,1181768,2019,2019-05-12,Mumbai Indians,Chennai Super Kings,Mumbai Indians,bat,Mumbai Indians,Mumbai Indians,149.0,148.0
756,1216492,2020/21,2020-09-19,Mumbai Indians,Chennai Super Kings,Chennai Super Kings,field,Mumbai Indians,Chennai Super Kings,162.0,163.0
757,1216493,2020/21,2020-09-20,Delhi Capitals,Kings XI Punjab,Kings XI Punjab,field,Delhi Capitals,Delhi Capitals,157.0,
758,1216534,2020/21,2020-09-21,Royal Challengers Bangalore,Sunrisers Hyderabad,Sunrisers Hyderabad,field,Royal Challengers Bangalore,Royal Challengers Bangalore,163.0,153.0
759,1216496,2020/21,2020-09-22,Rajasthan Royals,Chennai Super Kings,Chennai Super Kings,field,Rajasthan Royals,Rajasthan Royals,216.0,200.0
760,1216508,2020/21,2020-09-23,Mumbai Indians,Kolkata Knight Riders,Kolkata Knight Riders,field,Mumbai Indians,Mumbai Indians,195.0,146.0
761,1216510,2020/21,2020-09-24,Kings XI Punjab,Royal Challengers Bangalore,Royal Challengers Bangalore,field,Kings XI Punjab,Kings XI Punjab,206.0,109.0
762,1216539,2020/21,2020-09-25,Delhi Capitals,Chennai Super Kings,Chennai Super Kings,field,Delhi Capitals,Delhi Capitals,175.0,131.0
763,1216545,2020/21,2020-09-26,Sunrisers Hyderabad,Kolkata Knight Riders,Sunrisers Hyderabad,bat,Sunrisers Hyderabad,Kolkata Knight Riders,142.0,143.0
764,1216527,2020/21,2020-09-27,Kings XI Punjab,Rajasthan Royals,Rajasthan Royals,field,Kings XI Punjab,Rajasthan Royals,223.0,224.0
765,1216547,2020/21,2020-09-28,Royal Challengers Bangalore,Mumbai Indians,Mumbai Indians,field,Royal Challengers Bangalore,Royal Challengers Bangalore,201.0,
766,1216532,2020/21,2020-09-29,Sunrisers Hyderabad,Delhi Capitals,Delhi Capitals,field,Sunrisers Hyderabad,Sunrisers Hyderabad,162.0,147.0
767,1216504,2020/21,2020-09-30,Kolkata Knight Riders,Rajasthan Royals,Rajasthan Royals,field,Kolkata Knight Riders,Kolkata Knight Riders,174.0,137.0
768,1216503,2020/21,2020-10-01,Mumbai Indians,Kings XI Punjab,Kings XI Punjab,field,Mumbai Indians,Mumbai Indians,191.0,143.0
769,1216516,2020/21,2020-10-02,Sunrisers Hyderabad,Chennai Super Kings,Sunrisers Hyderabad,bat,Sunrisers Hyderabad,Sunrisers Hyderabad,164.0,157.0
770,1216514,2020/21,2020-10-03,Rajasthan Royals,Royal Challengers Bangalore,Rajasthan Royals,bat,Rajasthan Royals,Royal Challengers Bangalore,154.0,155.0
771,1216515,2020/21,2020-10-03,Delhi Capitals,Kolkata Knight Riders,Kolkata Knight Riders,field,Delhi Capitals,Delhi Capitals,228.0,210.0
772,1216513,2020/21,2020-10-04,Kings XI Punjab,Chennai Super Kings,Kings XI Punjab,bat,Kings XI Punjab,Chennai Super Kings,178.0,179.0
773,1216538,2020/21,2020-10-04,Mumbai Indians,Sunrisers Hyderabad,Mumbai Indians,bat,Mumbai Indians,Mumbai Indians,208.0,174.0
774,1216519,2020/21,2020-10-05,Delhi Capitals,Royal Challengers Bangalore,Royal Challengers Bangalore,field,Delhi Capitals,Delhi Capitals,196.0,137.0
775,1216511,2020/21,2020-10-06,Mumbai Indians,Rajasthan Royals,Mumbai Indians,bat,Mumbai Indians,Mumbai Indians,193.0,136.0
776,1216501,2020/21,2020-10-07,Kolkata Knight Riders,Chennai Super Kings,Kolkata Knight Riders,bat,Kolkata Knight Riders,Kolkata Knight Riders,167.0,157.0
777,1216542,2020/21,2020-10-08,Sunrisers Hyderabad,Kings XI Punjab,Sunrisers Hyderabad,bat,Sunrisers Hyderabad,Sunrisers Hyderabad,201.0,132.0
778,1216500,2020/21,2020-10-09,Delhi Capitals,Rajasthan Royals,Rajasthan Royals,field,Delhi Capitals,Delhi Capitals,184.0,138.0
779,1216523,2020/21,2020-10-10,Kolkata Knight Riders,Kings XI Punjab,Kolkata Knight Riders,bat,Kolkata Knight Riders,Kolkata Knight Riders,164.0,162.0
780,1216525,2020/21,2020-10-10,Royal Challengers Bangalore,Chennai Super Kings,Royal Challengers Bangalore,bat,Royal Challengers Bangalore,Royal Challengers Bangalore,169.0,132.0
781,1216507,2020/21,2020-10-11,Sunrisers Hyderabad,Rajasthan Royals,Sunrisers Hyderabad,bat,Sunrisers Hyderabad,Rajasthan Royals,158.0,159.0
782,1216529,2020/21,2020-10-11,Delhi Capitals,Mumbai Indians,Delhi Capitals,bat,Delhi Capitals,Mumbai Indians,162.0,163.0
783,1216540,2020/21,2020-10-12,Royal Challengers Bangalore,Kolkata Knight Riders,Royal Challengers Bangalore,bat,Royal Challengers Bangalore,Royal Challengers Bangalore,194.0,112.0
784,1216528,2020/21,2020-10-13,Chennai Super Kings,Sunrisers Hyderabad,Chennai Super Kings,bat,Chennai Super Kings,Chennai Super Kings,167.0,147.0
785,1216543,2020/21,2020-10-14,Delhi Capitals,Rajasthan Royals,Delhi Capitals,bat,Delhi Capitals,Delhi Capitals,161.0,148.0
786,1216531,2020/21,2020-10-15,Royal Challengers Bangalore,Kings XI Punjab,Royal Challengers Bangalore,bat,Royal Challengers Bangalore,Kings XI Punjab,171.0,172.0
787,1216526,2020/21,2020-10-16,Kolkata Knight Riders,Mumbai Indians,Kolkata Knight Riders,bat,Kolkata Knight Riders,Mumbai Indians,148.0,149.0
788,1216509,2020/21,2020-10-17,Chennai Super Kings,Delhi Capitals,Chennai Super Kings,bat,Chennai Super Kings,Delhi Capitals,179.0,180.0
789,1216522,2020/21,2020-10-17,Rajasthan Royals,Royal Challengers Bangalore,Rajasthan Royals,bat,Rajasthan Royals,Royal Challengers Bangalore,177.0,178.0
790,1216512,2020/21,2020-10-18,Kolkata Knight Riders,Sunrisers Hyderabad,Sunrisers Hyderabad,field,Kolkata Knight Riders,Kolkata Knight Riders,163.0,
791,1216517,2020/21,2020-10-18,Mumbai Indians,Kings XI Punjab,Mumbai Indians,bat,Mumbai Indians,Kings XI Punjab,176.0,177.0
792,1216533,2020/21,2020-10-19,Chennai Super Kings,Rajasthan Royals,Chennai Super Kings,bat,Chennai Super Kings,Rajasthan Royals,125.0,126.0
793,1216546,2020/21,2020-10-20,Delhi Capitals,Kings XI Punjab,Delhi Capitals,bat,Delhi Capitals,Kings XI Punjab,164.0,165.0
794,1216494,2020/21,2020-10-21,Kolkata Knight Riders,Royal Challengers Bangalore,Kolkata Knight Riders,bat,Kolkata Knight Riders,Royal Challengers Bangalore,84.0,85.0
795,1216518,2020/21,2020-10-22,Rajasthan Royals,Sunrisers Hyderabad,Sunrisers Hyderabad,field,Rajasthan Royals,Sunrisers Hyderabad,154.0,155.0
796,1216521,2020/21,2020-10-23,Chennai Super Kings,Mumbai Indians,Mumbai Indians,field,Chennai Super Kings,Mumbai Indians,114.0,115.0
797,1216497,2020/21,2020-10-24,Kolkata Knight Riders,Delhi Capitals,Delhi Capitals,field,Kolkata Knight Riders,Kolkata Knight Riders,194.0,135.0
798,1216498,2020/21,2020-10-24,Kings XI Punjab,Sunrisers Hyderabad,Sunrisers Hyderabad,field,Kings XI Punjab,Kings XI Punjab,126.0,114.0
799,1216541,2020/21,2020-10-25,Mumbai Indians,Rajasthan Royals,Mumbai Indians,bat,Mumbai Indians,Rajasthan Royals,195.0,196.0
800,1216544,2020/21,2020-10-25,Royal Challengers Bangalore,Chennai Super Kings,Royal Challengers Bangalore,bat,Royal Challengers Bangalore,Chennai Super Kings,145.0,146.0
801,1216520,2020/21,2020-10-26,Kolkata Knight Riders,Kings XI Punjab,Kings XI Punjab,field,Kolkata Knight Riders,Kings XI Punjab,149.0,150.0
802,1216524,2020/21,2020-10-27,Sunrisers Hyderabad,Delhi Capitals,Delhi Capitals,field,Sunrisers Hyderabad,Sunrisers Hyderabad,219.0,131.0
803,1216499,2020/21,2020-10-28,Royal Challengers Bangalore,Mumbai Indians,Mumbai Indians,field,Royal Challengers Bangalore,Mumbai Indians,164.0,165.0
804,1216536,2020/21,2020-10-29,Kolkata Knight Riders,Chennai Super Kings,Chennai Super Kings,field,Kolkata Knight Riders,Chennai Super Kings,172.0,173.0
805,1216537,2020/21,2020-10-30,Kings XI Punjab,Rajasthan Royals,Rajasthan Royals,field,Kings XI Punjab,Rajasthan Royals,185.0,186.0
806,1216502,2020/21,2020-10-31,Royal Challengers Bangalore,Sunrisers Hyderabad,Sunrisers Hyderabad,field,Royal Challengers Bangalore,Sunrisers Hyderabad,120.0,121.0
807,1216535,2020/21,2020-10-31,Delhi Capitals,Mumbai Indians,Mumbai Indians,field,Delhi Capitals,Mumbai Indians,110.0,111.0
808,1216506,2020/21,2020-11-01,Kings XI Punjab,Chennai Super Kings,Chennai Super Kings,field,Kings XI Punjab,Chennai Super Kings,153.0,154.0
809,1216530,2020/21,2020-11-01,Kolkata Knight Riders,Rajasthan Royals,Rajasthan Royals,field,Kolkata Knight Riders,Kolkata Knight Riders,191.0,131.0
810,1216505,2020/21,2020-11-02,Royal Challengers Bangalore,Delhi Capitals,Delhi Capitals,field,Royal Challengers Bangalore,Delhi Capitals,152.0,153.0
811,1216495,2020/21,2020-11-03,Mumbai Indians,Sunrisers Hyderabad,Sunrisers Hyderabad,field,Mumbai Indians,Sunrisers Hyderabad,149.0,150.0
812,1237177,2020/21,2020-11-05,Mumbai Indians,Delhi Capitals,Delhi Capitals,field,Mumbai Indians,Mumbai Indians,200.0,143.0
813,1237178,2020/21,2020-11-06,Royal Challengers Bangalore,Sunrisers Hyderabad,Sunrisers Hyderabad,field,Royal Challengers Bangalore,Sunrisers Hyderabad,131.0,132.0
814,1237180,2020/21,2020-11-08,Delhi Capitals,Sunrisers Hyderabad,Delhi Capitals,bat,Delhi Capitals,Delhi Capitals,189.0,172.0
815,1237181,2020/21,2020-11-10,Delhi Capitals,Mumbai Indians,Delhi Capitals,bat,Delhi Capitals,Mumbai Indians,156.0,157.0
816,1254058,2021,2021-04-09,Mumbai Indians,Royal Challengers Bangalore,Royal Challengers Bangalore,field,Mumbai Indians,Royal Challengers Bangalore,159.0,160.0
817,1254059,2021,2021-04-10,Chennai Super Kings,Delhi Capitals,Delhi Capitals,field,Chennai Super Kings,Delhi Capitals,188.0,189.0
818,1254060,2021,2021-04-11,Kolkata Knight Riders,Sunrisers Hyderabad,Sunrisers Hyderabad,field,Kolkata Knight Riders,Kolkata Knight Riders,187.0,177.0
819,1254061,2021,2021-04-12,Punjab Kings,Rajasthan Royals,Rajasthan Royals,field,Punjab Kings,Punjab Kings,221.0,217.0
820,1254062,2021,2021-04-13,Mumbai Indians,Kolkata Knight Riders,Kolkata Knight Riders,field,Mumbai Indians,Mumbai Indians,152.0,142.0
821,1254063,2021,2021-04-14,Royal Challengers Bangalore,Sunrisers Hyderabad,Sunrisers Hyderabad,field,Royal Challengers Bangalore,Royal Challengers Bangalore,149.0,143.0
822,1254064,2021,2021-04-15,Delhi Capitals,Rajasthan Royals,Rajasthan Royals,field,Delhi Capitals,Rajasthan Royals,147.0,148.0
823,1254065,2021,2021-04-16,Punjab Kings,Chennai Super Kings,Chennai Super Kings,field,Punjab Kings,Chennai Super Kings,106.0,107.0
824,1254066,2021,2021-04-17,Mumbai Indians,Sunrisers Hyderabad,Mumbai Indians,bat,Mumbai Indians,Mumbai Indians,150.0,137.0
825,1254067,2021,2021-04-18,Royal Challengers Bangalore,Kolkata Knight Riders,Royal Challengers Bangalore,bat,Royal Challengers Bangalore,Royal Challengers Bangalore,204.0,166.0
826,1254068,2021,2021-04-18,Punjab Kings,Delhi Capitals,Delhi Capitals,field,Punjab Kings,Delhi Capitals,195.0,196.0
827,1254069,2021,2021-04-19,Chennai Super Kings,Rajasthan Royals,Rajasthan Royals,field,Chennai Super Kings,Chennai Super Kings,188.0,143.0
828,1254070,2021,2021-04-20,Mumbai Indians,Delhi Capitals,Mumbai Indians,bat,Mumbai Indians,Delhi Capitals,137.0,138.0
829,1254071,2021,2021-04-21,Punjab Kings,Sunrisers Hyderabad,Punjab Kings,bat,Punjab Kings,Sunrisers Hyderabad,120.0,121.0
830,1254072,2021,2021-04-21,Chennai Super Kings,Kolkata Knight Riders,Kolkata Knight Riders,field,Chennai Super Kings,Chennai Super Kings,220.0,202.0
831,1254073,2021,2021-04-22,Rajasthan Royals,Royal Challengers Bangalore,Royal Challengers Bangalore,field,Rajasthan Royals,Royal Challengers Bangalore,177.0,178.0
832,1254074,2021,2021-04-23,Mumbai Indians,Punjab Kings,Punjab Kings,field,Mumbai Indians,Punjab Kings,131.0,132.0
833,1254075,2021,2021-04-24,Kolkata Knight Riders,Rajasthan Royals,Rajasthan Royals,field,Kolkata Knight Riders,Rajasthan Royals,133.0,134.0
834,1254076,2021,2021-04-25,Chennai Super Kings,Royal Challengers Bangalore,Chennai Super Kings,bat,Chennai Super Kings,Chennai Super Kings,191.0,122.0
835,1254077,2021,2021-04-25,Delhi Capitals,Sunrisers Hyderabad,Delhi Capitals,bat,Delhi Capitals,Delhi Capitals,159.0,
836,1254078,2021,2021-04-26,Punjab Kings,Kolkata Knight Riders,Kolkata Knight Riders,field,Punjab Kings,Kolkata Knight Riders,123.0,124.0
837,1254079,2021,2021-04-27,Royal Challengers Bangalore,Delhi Capitals,Delhi Capitals,field,Royal Challengers Bangalore,Royal Challengers Bangalore,171.0,170.0
838,1254080,2021,2021-04-28,Sunrisers Hyderabad,Chennai Super Kings,Sunrisers Hyderabad,bat,Sunrisers Hyderabad,Chennai Super Kings,171.0,172.0
839,1254081,2021,2021-04-29,Rajasthan Royals,Mumbai Indians,Mumbai Indians,field,Rajasthan Royals,Mumbai Indians,171.0,172.0
840,1254082,2021,2021-04-29,Kolkata Knight Riders,Delhi Capitals,Delhi Capitals,field,Kolkata Knight Riders,Delhi Capitals,154.0,155.0
841,1254083,2021,2021-04-30,Punjab Kings,Royal Challengers Bangalore,Royal Challengers Bangalore,field,Punjab Kings,Punjab Kings,179.0,145.0
842,1254084,2021,2021-05-01,Chennai Super Kings,Mumbai Indians,Mumbai Indians,field,Chennai Super Kings,Mumbai Indians,218.0,219.0
843,1254085,2021,2021-05-02,Rajasthan Royals,Sunrisers Hyderabad,Sunrisers Hyderabad,field,Rajasthan Royals,Rajasthan Royals,220.0,165.0
844,1254086,2021,2021-05-02,Punjab Kings,Delhi Capitals,Delhi Capitals,field,Punjab Kings,Delhi Capitals,166.0,167.0
845,1254104,2021,2021-09-19,Chennai Super Kings,Mumbai Indians,Chennai Super Kings,bat,Chennai Super Kings,Chennai Super Kings,156.0,136.0
846,1254087,2021,2021-09-20,Royal Challengers Bangalore,Kolkata Knight Riders,Royal Challengers Bangalore,bat,Royal Challengers Bangalore,Kolkata Knight Riders,92.0,93.0
847,1254111,2021,2021-09-21,Rajasthan Royals,Punjab Kings,Punjab Kings,field,Rajasthan Royals,Rajasthan Royals,185.0,183.0
848,1254105,2021,2021-09-22,Sunrisers Hyderabad,Delhi Capitals,Sunrisers Hyderabad,bat,Sunrisers Hyderabad,Delhi Capitals,134.0,135.0
849,1254096,2021,2021-09-23,Mumbai Indians,Kolkata Knight Riders,Kolkata Knight Riders,field,Mumbai Indians,Kolkata Knight Riders,155.0,156.0
850,1254113,2021,2021-09-24,Royal Challengers Bangalore,Chennai Super Kings,Chennai Super Kings,field,Royal Challengers Bangalore,Chennai Super Kings,156.0,157.0
851,1254097,2021,2021-09-25,Delhi Capitals,Rajasthan Royals,Rajasthan Royals,field,Delhi Capitals,Delhi Capitals,154.0,121.0
852,1254107,2021,2021-09-25,Punjab Kings,Sunrisers Hyderabad,Sunrisers Hyderabad,field,Punjab Kings,Punjab Kings,125.0,120.0
853,1254098,2021,2021-09-26,Kolkata Knight Riders,Chennai Super Kings,Kolkata Knight Riders,bat,Kolkata Knight Riders,Chennai Super Kings,171.0,172.0
854,1254108,2021,2021-09-26,Royal Challengers Bangalore,Mumbai Indians,Mumbai Indians,field,Royal Challengers Bangalore,Royal Challengers Bangalore,165.0,111.0
855,1254100,2021,2021-09-27,Rajasthan Royals,Sunrisers Hyderabad,Rajasthan Royals,bat,Rajasthan Royals,Sunrisers Hyderabad,164.0,165.0
856,1254092,2021,2021-09-28,Delhi Capitals,Kolkata Knight Riders,Kolkata Knight Riders,field,Delhi Capitals,Kolkata Knight Riders,127.0,128.0
857,1254099,2021,2021-09-28,Punjab Kings,Mumbai Indians,Mumbai Indians,field,Punjab Kings,Mumbai Indians,135.0,136.0
858,1254103,2021,2021-09-29,Rajasthan Royals,Royal Challengers Bangalore,Royal Challengers Bangalore,field,Rajasthan Royals,Royal Challengers Bangalore,149.0,150.0
859,1254091,2021,2021-09-30,Sunrisers Hyderabad,Chennai Super Kings,Chennai Super Kings,field,Sunrisers Hyderabad,Chennai Super Kings,134.0,135.0
860,1254102,2021,2021-10-01,Kolkata Knight Riders,Punjab Kings,Punjab Kings,field,Kolkata Knight Riders,Punjab Kings,165.0,166.0
861,1254089,2021,2021-10-02,Chennai Super Kings,Rajasthan Royals,Rajasthan Royals,field,Chennai Super Kings,Rajasthan Royals,189.0,190.0
862,1254112,2021,2021-10-02,Mumbai Indians,Delhi Capitals,Delhi Capitals,field,Mumbai Indians,Delhi Capitals,129.0,130.0
863,1254090,2021,2021-10-03,Royal Challengers Bangalore,Punjab Kings,Royal Challengers Bangalore,bat,Royal Challengers Bangalore,Royal Challengers Bangalore,164.0,158.0
864,1254109,2021,2021-10-03,Sunrisers Hyderabad,Kolkata Knight Riders,Sunrisers Hyderabad,bat,Sunrisers Hyderabad,Kolkata Knight Riders,115.0,116.0
865,1254110,2021,2021-10-04,Chennai Super Kings,Delhi Capitals,Delhi Capitals,field,Chennai Super Kings,Delhi Capitals,136.0,137.0
866,1254093,2021,2021-10-05,Rajasthan Royals,Mumbai Indians,Mumbai Indians,field,Rajasthan Royals,Mumbai Indians,90.0,91.0
867,1254095,2021,2021-10-06,Sunrisers Hyderabad,Royal Challengers Bangalore,Royal Challengers Bangalore,field,Sunrisers Hyderabad,Sunrisers Hyderabad,141.0,137.0
868,1254094,2021,2021-10-07,Chennai Super Kings,Punjab Kings,Punjab Kings,field,Chennai Super Kings,Punjab Kings,134.0,135.0
869,1254106,2021,2021-10-07,Kolkata Knight Riders,Rajasthan Royals,Rajasthan Royals,field,Kolkata Knight Riders,Kolkata Knight Riders,171.0,85.0
870,1254088,2021,2021-10-08,Mumbai Indians,Sunrisers Hyderabad,Mumbai Indians,bat,Mumbai Indians,Mumbai Indians,235.0,193.0
871,1254101,2021,2021-10-08,Delhi Capitals,Royal Challengers Bangalore,Royal Challengers Bangalore,field,Delhi Capitals,Royal Challengers Bangalore,164.0,165.0
872,1254114,2021,2021-10-10,Delhi Capitals,Chennai Super Kings,Chennai Super Kings,field,Delhi Capitals,Chennai Super Kings,172.0,173.0
873,1254115,2021,2021-10-11,Royal Challengers Bangalore,Kolkata Knight Riders,Royal Challengers Bangalore,bat,Royal Challengers Bangalore,Kolkata Knight Riders,138.0,139.0
874,1254116,2021,2021-10-13,Delhi Capitals,Kolkata Knight Riders,Kolkata Knight Riders,field,Delhi Capitals,Kolkata Knight Riders,135.0,136.0
875,1254117,2021,2021-10-15,Chennai Super Kings,Kolkata Knight Riders,Kolkata Knight Riders,field,Chennai Super Kings,Chennai Super Kings,192.0,165.0
876,1304047,2022,2022-03-26,Chennai Super Kings,Kolkata Knight Riders,Kolkata Knight Riders,field,Chennai Super Kings,Kolkata Knight Riders,131.0,132.0
877,1304048,2022,2022-03-27,Mumbai Indians,Delhi Capitals,Delhi Capitals,field,Mumbai Indians,Delhi Capitals,177.0,178.0
878,1304049,2022,2022-03-27,Royal Challengers Bangalore,Punjab Kings,Punjab Kings,field,Royal Challengers Bangalore,Punjab Kings,205.0,206.0
879,1304050,2022,2022-03-28,Lucknow Super Giants,Gujarat Titans,Gujarat Titans,field,Lucknow Super Giants,Gujarat Titans,158.0,159.0
880,1304051,2022,2022-03-29,Rajasthan Royals,Sunrisers Hyderabad,Sunrisers Hyderabad,field,Rajasthan Royals,Rajasthan Royals,210.0,149.0
881,1304052,2022,2022-03-30,Kolkata Knight Riders,Royal Challengers Bangalore,Royal Challengers Bangalore,field,Kolkata Knight Riders,Royal Challengers Bangalore,128.0,129.0
882,1304053,2022,2022-03-31,Chennai Super Kings,Lucknow Super Giants,Lucknow Super Giants,field,Chennai Super Kings,Lucknow Super Giants,210.0,211.0
883,1304054,2022,2022-04-01,Punjab Kings,Kolkata Knight Riders,Kolkata Knight Riders,field,Punjab Kings,Kolkata Knight Riders,137.0,138.0
884,1304055,2022,2022-04-02,Rajasthan Royals,Mumbai Indians,Mumbai Indians,field,Rajasthan Royals,Rajasthan Royals,193.0,170.0
885,1304056,2022,2022-04-02,Gujarat Titans,Delhi Capitals,Delhi Capitals,field,Gujarat Titans,Gujarat Titans,171.0,157.0
886,1304057,2022,2022-04-03,Punjab Kings,Chennai Super Kings,Chennai Super Kings,field,Punjab Kings,Punjab Kings,180.0,126.0
887,1304058,2022,2022-04-04,Lucknow Super Giants,Sunrisers Hyderabad,Sunrisers Hyderabad,field,Lucknow Super Giants,Lucknow Super Giants,169.0,157.0
888,1304059,2022,2022-04-05,Rajasthan Royals,Royal Challengers Bangalore,Royal Challengers Bangalore,field,Rajasthan Royals,Royal Challengers Bangalore,169.0,170.0
889,1304060,2022,2022-04-06,Mumbai Indians,Kolkata Knight Riders,Kolkata Knight Riders,field,Mumbai Indians,Kolkata Knight Riders,161.0,162.0
890,1304061,2022,2022-04-07,Delhi Capitals,Lucknow Super Giants,Lucknow Super Giants,field,Delhi Capitals,Lucknow Super Giants,149.0,150.0
891,1304062,2022,2022-04-08,Punjab Kings,Gujarat Titans,Gujarat Titans,field,Punjab Kings,Gujarat Titans,189.0,190.0
892,1304063,2022,2022-04-09,Chennai Super Kings,Sunrisers Hyderabad,Sunrisers Hyderabad,field,Chennai Super Kings,Sunrisers Hyderabad,154.0,155.0
893,1304064,2022,2022-04-09,Mumbai Indians,Royal Challengers Bangalore,Royal Challengers Bangalore,field,Mumbai Indians,Royal Challengers Bangalore,151.0,152.0
894,1304065,2022,2022-04-10,Delhi Capitals,Kolkata Knight Riders,Kolkata Knight Riders,field,Delhi Capitals,Delhi Capitals,215.0,171.0
895,1304066,2022,2022-04-10,Rajasthan Royals,Lucknow Super Giants,Lucknow Super Giants,field,Rajasthan Royals,Rajasthan Royals,165.0,162.0
896,1304067,2022,2022-04-11,Gujarat Titans,Sunrisers Hyderabad,Sunrisers Hyderabad,field,Gujarat Titans,Sunrisers Hyderabad,162.0,163.0
897,1304068,2022,2022-04-12,Chennai Super Kings,Royal Challengers Bangalore,Royal Challengers Bangalore,field,Chennai Super Kings,Chennai Super Kings,216.0,193.0
898,1304069,2022,2022-04-13,Punjab Kings,Mumbai Indians,Mumbai Indians,field,Punjab Kings,Punjab Kings,198.0,186.0
899,1304070,2022,2022-04-14,Gujarat Titans,Rajasthan Royals,Rajasthan Royals,field,Gujarat Titans,Gujarat Titans,192.0,155.0
900,1304071,2022,2022-04-15,Kolkata Knight Riders,Sunrisers Hyderabad,Sunrisers Hyderabad,field,Kolkata Knight Riders,Sunrisers Hyderabad,175.0,176.0
901,1304072,2022,2022-04-16,Lucknow Super Giants,Mumbai Indians,Mumbai Indians,field,Lucknow Super Giants,Lucknow Super Giants,199.0,181.0
902,1304073,2022,2022-04-16,Royal Challengers Bangalore,Delhi Capitals,Delhi Capitals,field,Royal Challengers Bangalore,Royal Challengers Bangalore,189.0,173.0
903,1304074,2022,2022-04-17,Punjab Kings,Sunrisers Hyderabad,Sunrisers Hyderabad,field,Punjab Kings,Sunrisers Hyderabad,151.0,152.0
904,1304075,2022,2022-04-17,Chennai Super Kings,Gujarat Titans,Gujarat Titans,field,Chennai Super Kings,Gujarat Titans,169.0,170.0
905,1304076,2022,2022-04-18,Rajasthan Royals,Kolkata Knight Riders,Kolkata Knight Riders,field,Rajasthan Royals,Rajasthan Royals,217.0,210.0
906,1304077,2022,2022-04-19,Royal Challengers Bangalore,Lucknow Super Giants,Lucknow Super Giants,field,Royal Challengers Bangalore,Royal Challengers Bangalore,181.0,163.0
907,1304078,2022,2022-04-20,Punjab Kings,Delhi Capitals,Delhi Capitals,field,Punjab Kings,Delhi Capitals,115.0,116.0
908,1304079,2022,2022-04-21,Mumbai Indians,Chennai Super Kings,Chennai Super Kings,field,Mumbai Indians,Chennai Super Kings,155.0,156.0
909,1304080,2022,2022-04-22,Rajasthan Royals,Delhi Capitals,Delhi Capitals,field,Rajasthan Royals,Rajasthan Royals,222.0,207.0
910,1304081,2022,2022-04-23,Gujarat Titans,Kolkata Knight Riders,Gujarat Titans,bat,Gujarat Titans,Gujarat Titans,156.0,148.0
911,1304082,2022,2022-04-23,Royal Challengers Bangalore,Sunrisers Hyderabad,Sunrisers Hyderabad,field,Royal Challengers Bangalore,Sunrisers Hyderabad,68.0,69.0
912,1304083,2022,2022-04-24,Lucknow Super Giants,Mumbai Indians,Mumbai Indians,field,Lucknow Super Giants,Lucknow Super Giants,168.0,132.0
913,1304084,2022,2022-04-25,Punjab Kings,Chennai Super Kings,Chennai Super Kings,field,Punjab Kings,Punjab Kings,187.0,176.0
914,1304085,2022,2022-04-26,Rajasthan Royals,Royal Challengers Bangalore,Royal Challengers Bangalore,field,Rajasthan Royals,Rajasthan Royals,144.0,115.0
915,1304086,2022,2022-04-27,Sunrisers Hyderabad,Gujarat Titans,Gujarat Titans,field,Sunrisers Hyderabad,Gujarat Titans,195.0,196.0
916,1304087,2022,2022-04-28,Kolkata Knight Riders,Delhi Capitals,Delhi Capitals,field,Kolkata Knight Riders,Delhi Capitals,146.0,147.0
917,1304088,2022,2022-04-29,Lucknow Super Giants,Punjab Kings,Punjab Kings,field,Lucknow Super Giants,Lucknow Super Giants,153.0,133.0
918,1304089,2022,2022-04-30,Royal Challengers Bangalore,Gujarat Titans,Royal Challengers Bangalore,bat,Royal Challengers Bangalore,Gujarat Titans,170.0,171.0
919,1304090,2022,2022-04-30,Rajasthan Royals,Mumbai Indians,Mumbai Indians,field,Rajasthan Royals,Mumbai Indians,158.0,159.0
920,1304091,2022,2022-05-01,Lucknow Super Giants,Delhi Capitals,Lucknow Super Giants,bat,Lucknow Super Giants,Lucknow Super Giants,195.0,189.0
921,1304092,2022,2022-05-01,Chennai Super Kings,Sunrisers Hyderabad,Sunrisers Hyderabad,field,Chennai Super Kings,Chennai Super Kings,202.0,189.0
922,1304093,2022,2022-05-02,Rajasthan Royals,Kolkata Knight Riders,Kolkata Knight Riders,field,Rajasthan Royals,Kolkata Knight Riders,152.0,153.0
923,1304094,2022,2022-05-03,Gujarat Titans,Punjab Kings,Gujarat Titans,bat,Gujarat Titans,Punjab Kings,143.0,144.0
924,1304095,2022,2022-05-04,Royal Challengers Bangalore,Chennai Super Kings,Chennai Super Kings,field,Royal Challengers Bangalore,Royal Challengers Bangalore,173.0,160.0
925,1304096,2022,2022-05-05,Delhi Capitals,Sunrisers Hyderabad,Sunrisers Hyderabad,field,Delhi Capitals,Delhi Capitals,207.0,186.0
926,1304097,2022,2022-05-06,Mumbai Indians,Gujarat Titans,Gujarat Titans,field,Mumbai Indians,Mumbai Indians,177.0,172.0
927,1304098,2022,2022-05-07,Punjab Kings,Rajasthan Royals,Punjab Kings,bat,Punjab Kings,Rajasthan Royals,189.0,190.0
928,1304099,2022,2022-05-07,Lucknow Super Giants,Kolkata Knight Riders,Kolkata Knight Riders,field,Lucknow Super Giants,Lucknow Super Giants,176.0,101.0
929,1304100,2022,2022-05-08,Royal Challengers Bangalore,Sunrisers Hyderabad,Royal Challengers Bangalore,bat,Royal Challengers Bangalore,Royal Challengers Bangalore,192.0,125.0
930,1304101,2022,2022-05-08,Chennai Super Kings,Delhi Capitals,Delhi Capitals,field,Chennai Super Kings,Chennai Super Kings,208.0,117.0
931,1304102,2022,2022-05-09,Kolkata Knight Riders,Mumbai Indians,Mumbai Indians,field,Kolkata Knight Riders,Kolkata Knight Riders,165.0,113.0
932,1304103,2022,2022-05-10,Gujarat Titans,Lucknow Super Giants,Gujarat Titans,bat,Gujarat Titans,Gujarat Titans,144.0,82.0
933,1304104,2022,2022-05-11,Rajasthan Royals,Delhi Capitals,Delhi Capitals,field,Rajasthan Royals,Delhi Capitals,160.0,161.0
934,1304105,2022,2022-05-12,Chennai Super Kings,Mumbai Indians,Mumbai Indians,field,Chennai Super Kings,Mumbai Indians,97.0,98.0
935,1304106,2022,2022-05-13,Punjab Kings,Royal Challengers Bangalore,Royal Challengers Bangalore,field,Punjab Kings,Punjab Kings,209.0,155.0
936,1304107,2022,2022-05-14,Kolkata Knight Riders,Sunrisers Hyderabad,Kolkata Knight Riders,bat,Kolkata Knight Riders,Kolkata Knight Riders,177.0,123.0
937,1304108,2022,2022-05-15,Chennai Super Kings,Gujarat Titans,Chennai Super Kings,bat,Chennai Super Kings,Gujarat Titans,133.0,134.0
938,1304109,2022,2022-05-15,Rajasthan Royals,Lucknow Super Giants,Rajasthan Royals,bat,Rajasthan Royals,Rajasthan Royals,178.0,154.0
939,1304110,2022,2022-05-16,Delhi Capitals,Punjab Kings,Punjab Kings,field,Delhi Capitals,Delhi Capitals,159.0,142.0
940,1304111,2022,2022-05-17,Sunrisers Hyderabad,Mumbai Indians,Mumbai Indians,field,Sunrisers Hyderabad,Sunrisers Hyderabad,193.0,190.0
941,1304112,2022,2022-05-18,Lucknow Super Giants,Kolkata Knight Riders,Lucknow Super Giants,bat,Lucknow Super Giants,Lucknow Super Giants,210.0,208.0
942,1304113,2022,2022-05-19,Gujarat Titans,Royal Challengers Bangalore,Gujarat Titans,bat,Gujarat Titans,Royal Challengers Bangalore,168.0,169.0
943,1304114,2022,2022-05-20,Chennai Super Kings,Rajasthan Royals,Chennai Super Kings,bat,Chennai Super Kings,Rajasthan Royals,150.0,151.0
944,1304115,2022,2022-05-21,Delhi Capitals,Mumbai Indians,Mumbai Indians,field,Delhi Capitals,Mumbai Indians,159.0,160.0
945,1304116,2022,2022-05-22,Sunrisers Hyderabad,Punjab Kings,Sunrisers Hyderabad,bat,Sunrisers Hyderabad,Punjab Kings,157.0,158.0
946,1312197,2022,2022-05-24,Rajasthan Royals,Gujarat Titans,Gujarat Titans,field,Rajasthan Royals,Gujarat Titans,188.0,189.0
947,1312198,2022,2022-05-25,Royal Challengers Bangalore,Lucknow Super Giants,Lucknow Super Giants,field,Royal Challengers Bangalore,Royal Challengers Bangalore,207.0,193.0
948,1312199,2022,2022-05-27,Royal Challengers Bangalore,Rajasthan Royals,Rajasthan Royals,field,Royal Challengers Bangalore,Rajasthan Royals,157.0,158.0
949,1312200,2022,2022-05-29,Rajasthan Royals,Gujarat Titans,Rajasthan Royals,bat,Rajasthan Royals,Gujarat Titans,130.0,131.0
950,1359475,2023,2023-03-31,Chennai Super Kings,Gujarat Titans,Gujarat Titans,field,Chennai Super Kings,Gujarat Titans,178.0,179.0
951,1359476,2023,2023-04-01,Punjab Kings,Kolkata Knight Riders,Kolkata Knight Riders,field,Punjab Kings,Punjab Kings,153.0,146.0
952,1359477,2023,2023-04-01,Lucknow Super Giants,Delhi Capitals,Delhi Capitals,field,Lucknow Super Giants,Lucknow Super Giants,193.0,143.0
953,1359478,2023,2023-04-02,Rajasthan Royals,Sunrisers Hyderabad,Sunrisers Hyderabad,field,Rajasthan Royals,Rajasthan Royals,203.0,131.0
954,1359479,2023,2023-04-02,Mumbai Indians,Royal Challengers Bangalore,Royal Challengers Bangalore,field,Mumbai Indians,Royal Challengers Bangalore,171.0,172.0
955,1359480,2023,2023-04-03,Chennai Super Kings,Lucknow Super Giants,Lucknow Super Giants,field,Chennai Super Kings,Chennai Super Kings,217.0,205.0
956,1359481,2023,2023-04-04,Delhi Capitals,Gujarat Titans,Gujarat Titans,field,Delhi Capitals,Gujarat Titans,162.0,163.0
957,1359482,2023,2023-04-05,Punjab Kings,Rajasthan Royals,Rajasthan Royals,field,Punjab Kings,Punjab Kings,197.0,192.0
958,1359483,2023,2023-04-06,Kolkata Knight Riders,Royal Challengers Bangalore,Royal Challengers Bangalore,field,Kolkata Knight Riders,Kolkata Knight Riders,204.0,123.0
959,1359484,2023,2023-04-07,Sunrisers Hyderabad,Lucknow Super Giants,Sunrisers Hyderabad,bat,Sunrisers Hyderabad,Lucknow Super Giants,121.0,122.0
960,1359485,2023,2023-04-08,Rajasthan Royals,Delhi Capitals,Delhi Capitals,field,Rajasthan Royals,Rajasthan Royals,199.0,142.0
961,1359486,2023,2023-04-08,Mumbai Indians,Chennai Super Kings,Chennai Super Kings,field,Mumbai Indians,Chennai Super Kings,157.0,158.0
962,1359487,2023,2023-04-09,Gujarat Titans,Kolkata Knight Riders,Gujarat Titans,bat,Gujarat Titans,Kolkata Knight Riders,204.0,205.0
963,1359488,2023,2023-04-09,Punjab Kings,Sunrisers Hyderabad,Sunrisers Hyderabad,field,Punjab Kings,Sunrisers Hyderabad,143.0,144.0
964,1359489,2023,2023-04-10,Royal Challengers Bangalore,Lucknow Super Giants,Lucknow Super Giants,field,Royal Challengers Bangalore,Lucknow Super Giants,212.0,213.0
965,1359490,2023,2023-04-11,Delhi Capitals,Mumbai Indians,Mumbai Indians,field,Delhi Capitals,Mumbai Indians,172.0,173.0
966,1359491,2023,2023-04-12,Rajasthan Royals,Chennai Super Kings,Chennai Super Kings,field,Rajasthan Royals,Rajasthan Royals,175.0,172.0
967,1359492,2023,2023-04-13,Punjab Kings,Gujarat Titans,Gujarat Titans,field,Punjab Kings,Gujarat Titans,153.0,154.0
968,1359493,2023,2023-04-14,Sunrisers Hyderabad,Kolkata Knight Riders,Kolkata Knight Riders,field,Sunrisers Hyderabad,Sunrisers Hyderabad,228.0,205.0
969,1359494,2023,2023-04-15,Royal Challengers Bangalore,Delhi Capitals,Delhi Capitals,field,Royal Challengers Bangalore,Royal Challengers Bangalore,174.0,151.0
970,1359495,2023,2023-04-15,Lucknow Super Giants,Punjab Kings,Punjab Kings,field,Lucknow Super Giants,Punjab Kings,159.0,160.0
971,1359496,2023,2023-04-16,Kolkata Knight Riders,Mumbai Indians,Mumbai Indians,field,Kolkata Knight Riders,Mumbai Indians,185.0,186.0
972,1359497,2023,2023-04-16,Gujarat Titans,Rajasthan Royals,Rajasthan Royals,field,Gujarat Titans,Rajasthan Royals,177.0,178.0
973,1359498,2023,2023-04-17,Chennai Super Kings,Royal Challengers Bangalore,Royal Challengers Bangalore,field,Chennai Super Kings,Chennai Super Kings,226.0,218.0
974,1359499,2023,2023-04-18,Mumbai Indians,Sunrisers Hyderabad,Sunrisers Hyderabad,field,Mumbai Indians,Mumbai Indians,192.0,178.0
975,1359500,2023,2023-04-19,Lucknow Super Giants,Rajasthan Royals,Rajasthan Royals,field,Lucknow Super Giants,Lucknow Super Giants,154.0,144.0
976,1359501,2023,2023-04-20,Royal Challengers Bangalore,Punjab Kings,Punjab Kings,field,Royal Challengers Bangalore,Royal Challengers Bangalore,174.0,150.0
977,1359502,2023,2023-04-20,Kolkata Knight Riders,Delhi Capitals,Delhi Capitals,field,Kolkata Knight Riders,Delhi Capitals,127.0,128.0
978,1359503,2023,2023-04-21,Sunrisers Hyderabad,Chennai Super Kings,Chennai Super Kings,field,Sunrisers Hyderabad,Chennai Super Kings,134.0,135.0
979,1359504,2023,2023-04-22,Gujarat Titans,Lucknow Super Giants,Gujarat Titans,bat,Gujarat Titans,Gujarat Titans,135.0,128.0
980,1359505,2023,2023-04-22,Punjab Kings,Mumbai Indians,Mumbai Indians,field,Punjab Kings,Punjab Kings,214.0,201.0
981,1359506,2023,2023-04-23,Royal Challengers Bangalore,Rajasthan Royals,Rajasthan Royals,field,Royal Challengers Bangalore,Royal Challengers Bangalore,189.0,182.0
982,1359507,2023,2023-04-23,Chennai Super Kings,Kolkata Knight Riders,Kolkata Knight Riders,field,Chennai Super Kings,Chennai Super Kings,235.0,186.0
983,1359508,2023,2023-04-24,Delhi Capitals,Sunrisers Hyderabad,Delhi Capitals,bat,Delhi Capitals,Delhi Capitals,144.0,137.0
984,1359509,2023,2023-04-25,Gujarat Titans,Mumbai Indians,Mumbai Indians,field,Gujarat Titans,Gujarat Titans,207.0,152.0
985,1359510,2023,2023-04-26,Kolkata Knight Riders,Royal Challengers Bangalore,Royal Challengers Bangalore,field,Kolkata Knight Riders,Kolkata Knight Riders,200.0,179.0
986,1359511,2023,2023-04-27,Rajasthan Royals,Chennai Super Kings,Rajasthan Royals,bat,Rajasthan Royals,Rajasthan Royals,202.0,170.0
987,1359512,2023,2023-04-28,Lucknow Super Giants,Punjab Kings,Punjab Kings,field,Lucknow Super Giants,Lucknow Super Giants,257.0,201.0
988,1359513,2023,2023-04-29,Kolkata Knight Riders,Gujarat Titans,Gujarat Titans,field,Kolkata Knight Riders,Gujarat Titans,179.0,180.0
989,1359514,2023,2023-04-29,Sunrisers Hyderabad,Delhi Capitals,Sunrisers Hyderabad,bat,Sunrisers Hyderabad,Sunrisers Hyderabad,197.0,188.0
990,1359515,2023,2023-04-30,Chennai Super Kings,Punjab Kings,Chennai Super Kings,bat,Chennai Super Kings,Punjab Kings,200.0,201.0
991,1359516,2023,2023-04-30,Rajasthan Royals,Mumbai Indians,Rajasthan Royals,bat,Rajasthan Royals,Mumbai Indians,212.0,213.0
992,1359517,2023,2023-05-01,Royal Challengers Bangalore,Lucknow Super Giants,Royal Challengers Bangalore,bat,Royal Challengers Bangalore,Royal Challengers Bangalore,126.0,108.0
993,1359518,2023,2023-05-02,Delhi Capitals,Gujarat Titans,Delhi Capitals,bat,Delhi Capitals,Delhi Capitals,130.0,125.0
994,1359519,2023,2023-05-03,Lucknow Super Giants,Chennai Super Kings,Chennai Super Kings,field,Lucknow Super Giants,,,
995,1359520,2023,2023-05-03,Punjab Kings,Mumbai Indians,Mumbai Indians,field,Punjab Kings,Mumbai Indians,214.0,215.0
996,1359521,2023,2023-05-04,Kolkata Knight Riders,Sunrisers Hyderabad,Kolkata Knight Riders,bat,Kolkata Knight Riders,Kolkata Knight Riders,171.0,166.0
997,1359522,2023,2023-05-05,Rajasthan Royals,Gujarat Titans,Rajasthan Royals,bat,Rajasthan Royals,Gujarat Titans,118.0,119.0
998,1359523,2023,2023-05-06,Mumbai Indians,Chennai Super Kings,Chennai Super Kings,field,Mumbai Indians,Chennai Super Kings,139.0,140.0
999,1359524,2023,2023-05-06,Royal Challengers Bangalore,Delhi Capitals,Royal Challengers Bangalore,bat,Royal Challengers Bangalore,Delhi Capitals,181.0,182.0
1000,1359525,2023,2023-05-07,Gujarat Titans,Lucknow Super Giants,Lucknow Super Giants,field,Gujarat Titans,Gujarat Titans,227.0,171.0
1001,1359526,2023,2023-05-07,Rajasthan Royals,Sunrisers Hyderabad,Rajasthan Royals,bat,Rajasthan Royals,Sunrisers Hyderabad,214.0,215.0
1002,1359527,2023,2023-05-08,Punjab Kings,Kolkata Knight Riders,Punjab Kings,bat,Punjab Kings,Kolkata Knight Riders,179.0,180.0
1003,1359528,2023,2023-05-09,Royal Challengers Bangalore,Mumbai Indians,Mumbai Indians,field,Royal Challengers Bangalore,Mumbai Indians,199.0,200.0
1004,1359529,2023,2023-05-10,Chennai Super Kings,Delhi Capitals,Chennai Super Kings,bat,Chennai Super Kings,Chennai Super Kings,167.0,140.0
1005,1359530,2023,2023-05-11,Kolkata Knight Riders,Rajasthan Royals,Rajasthan Royals,field,Kolkata Knight Riders,Rajasthan Royals,149.0,150.0
1006,1359531,2023,2023-05-12,Mumbai Indians,Gujarat Titans,Gujarat Titans,field,Mumbai Indians,Mumbai Indians,218.0,191.0
1007,1359532,2023,2023-05-13,Sunrisers Hyderabad,Lucknow Super Giants,Sunrisers Hyderabad,bat,Sunrisers Hyderabad,Lucknow Super Giants,182.0,183.0
1008,1359533,2023,2023-05-13,Punjab Kings,Delhi Capitals,Delhi Capitals,field,Punjab Kings,Punjab Kings,167.0,136.0
1009,1359534,2023,2023-05-14,Royal Challengers Bangalore,Rajasthan Royals,Royal Challengers Bangalore,bat,Royal Challengers Bangalore,Royal Challengers Bangalore,171.0,59.0
1010,1359535,2023,2023-05-14,Chennai Super Kings,Kolkata Knight Riders,Chennai Super Kings,bat,Chennai Super Kings,Kolkata Knight Riders,144.0,145.0
1011,1359536,2023,2023-05-15,Gujarat Titans,Sunrisers Hyderabad,Sunrisers Hyderabad,field,Gujarat Titans,Gujarat Titans,188.0,154.0
1012,1359537,2023,2023-05-16,Lucknow Super Giants,Mumbai Indians,Mumbai Indians,field,Lucknow Super Giants,Lucknow Super Giants,177.0,172.0
1013,1359538,2023,2023-05-17,Delhi Capitals,Punjab Kings,Punjab Kings,field,Delhi Capitals,Delhi Capitals,213.0,198.0
1014,1359539,2023,2023-05-18,Sunrisers Hyderabad,Royal Challengers Bangalore,Royal Challengers Bangalore,field,Sunrisers Hyderabad,Royal Challengers Bangalore,186.0,187.0
1015,1359540,2023,2023-05-19,Punjab Kings,Rajasthan Royals,Rajasthan Royals,field,Punjab Kings,Rajasthan Royals,187.0,188.0
1016,1359541,2023,2023-05-20,Chennai Super Kings,Delhi Capitals,Chennai Super Kings,bat,Chennai Super Kings,Chennai Super Kings,223.0,146.0
1017,1359542,2023,2023-05-20,Lucknow Super Giants,Kolkata Knight Riders,Kolkata Knight Riders,field,Lucknow Super Giants,Lucknow Super Giants,176.0,175.0
1018,1359543,2023,2023-05-21,Sunrisers Hyderabad,Mumbai Indians,Mumbai Indians,field,Sunrisers Hyderabad,Mumbai Indians,200.0,201.0
1019,1359544,2023,2023-05-21,Royal Challengers Bangalore,Gujarat Titans,Gujarat Titans,field,Royal Challengers Bangalore,Gujarat Titans,197.0,198.0
1020,1370350,2023,2023-05-23,Chennai Super Kings,Gujarat Titans,Gujarat Titans,field,Chennai Super Kings,Chennai Super Kings,172.0,157.0
1021,1370351,2023,2023-05-24,Mumbai Indians,Lucknow Super Giants,Mumbai Indians,bat,Mumbai Indians,Mumbai Indians,182.0,101.0
1022,1370352,2023,2023-05-26,Gujarat Titans,Mumbai Indians,Mumbai Indians,field,Gujarat Titans,Gujarat Titans,233.0,171.0
1023,1370353,2023,2023-05-29,Gujarat Titans,Chennai Super Kings,Chennai Super Kings,field,Gujarat Titans,Chennai Super Kings,170.0,171.0
1024,1422119,2024,2024-03-22,Royal Challengers Bengaluru,Chennai Super Kings,Royal Challengers Bengaluru,bat,Royal Challengers Bengaluru,Chennai Super Kings,173.0,174.0
1025,1422120,2024,2024-03-23,Delhi Capitals,Punjab Kings,Punjab Kings,field,Delhi Capitals,Punjab Kings,174.0,175.0
1026,1422121,2024,2024-03-23,Kolkata Knight Riders,Sunrisers Hyderabad,Sunrisers Hyderabad,field,Kolkata Knight Riders,Kolkata Knight Riders,208.0,204.0
1027,1422122,2024,2024-03-24,Rajasthan Royals,Lucknow Super Giants,Rajasthan Royals,bat,Rajasthan Royals,Rajasthan Royals,193.0,173.0
1028,1422123,2024,2024-03-24,Gujarat Titans,Mumbai Indians,Mumbai Indians,field,Gujarat Titans,Gujarat Titans,168.0,162.0
1029,1422124,2024,2024-03-25,Punjab Kings,Royal Challengers Bengaluru,Royal Challengers Bengaluru,field,Punjab Kings,Royal Challengers Bengaluru,176.0,177.0
1030,1422125,2024,2024-03-26,Chennai Super Kings,Gujarat Titans,Gujarat Titans,field,Chennai Super Kings,Chennai Super Kings,206.0,143.0
1031,1422126,2024,2024-03-27,Sunrisers Hyderabad,Mumbai Indians,Mumbai Indians,field,Sunrisers Hyderabad,Sunrisers Hyderabad,277.0,246.0
1032,1422127,2024,2024-03-28,Rajasthan Royals,Delhi Capitals,Delhi Capitals,field,Rajasthan Royals,Rajasthan Royals,185.0,173.0
1033,1422128,2024,2024-03-29,Royal Challengers Bengaluru,Kolkata Knight Riders,Kolkata Knight Riders,field,Royal Challengers Bengaluru,Kolkata Knight Riders,182.0,183.0
1034,1422129,2024,2024-03-30,Lucknow Super Giants,Punjab Kings,Lucknow Super Giants,bat,Lucknow Super Giants,Lucknow Super Giants,199.0,178.0
1035,1422130,2024,2024-03-31,Sunrisers Hyderabad,Gujarat Titans,Sunrisers Hyderabad,bat,Sunrisers Hyderabad,Gujarat Titans,162.0,163.0
1036,1422131,2024,2024-03-31,Delhi Capitals,Chennai Super Kings,Delhi Capitals,bat,Delhi Capitals,Delhi Capitals,191.0,171.0
1037,1422132,2024,2024-04-01,Mumbai Indians,Rajasthan Royals,Rajasthan Royals,field,Mumbai Indians,Rajasthan Royals,125.0,126.0
1038,1422133,2024,2024-04-02,Lucknow Super Giants,Royal Challengers Bengaluru,Royal Challengers Bengaluru,field,Lucknow Super Giants,Lucknow Super Giants,181.0,153.0
1039,1422134,2024,2024-04-03,Kolkata Knight Riders,Delhi Capitals,Kolkata Knight Riders,bat,Kolkata Knight Riders,Kolkata Knight Riders,272.0,166.0
1040,1422135,2024,2024-04-04,Gujarat Titans,Punjab Kings,Punjab Kings,field,Gujarat Titans,Punjab Kings,199.0,200.0
1041,1422136,2024,2024-04-05,Chennai Super Kings,Sunrisers Hyderabad,Sunrisers Hyderabad,field,Chennai Super Kings,Sunrisers Hyderabad,165.0,166.0
1042,1422137,2024,2024-04-06,Royal Challengers Bengaluru,Rajasthan Royals,Rajasthan Royals,field,Royal Challengers Bengaluru,Rajasthan Royals,183.0,184.0
1043,1422138,2024,2024-04-07,Mumbai Indians,Delhi Capitals,Delhi Capitals,field,Mumbai Indians,Mumbai Indians,234.0,205.0
1044,1422139,2024,2024-04-07,Lucknow Super Giants,Gujarat Titans,Lucknow Super Giants,bat,Lucknow Super Giants,Lucknow Super Giants,163.0,130.0
1045,1426260,2024,2024-04-08,Kolkata Knight Riders,Chennai Super Kings,Chennai Super Kings,field,Kolkata Knight Riders,Chennai Super Kings,137.0,138.0
1046,1426261,2024,2024-04-09,Sunrisers Hyderabad,Punjab Kings,Punjab Kings,field,Sunrisers Hyderabad,Sunrisers Hyderabad,182.0,180.0
1047,1426262,2024,2024-04-10,Rajasthan Royals,Gujarat Titans,Gujarat Titans,field,Rajasthan Royals,Gujarat Titans,196.0,197.0
1048,1426263,2024,2024-04-11,Royal Challengers Bengaluru,Mumbai Indians,Mumbai Indians,field,Royal Challengers Bengaluru,Mumbai Indians,196.0,197.0
1049,1426264,2024,2024-04-12,Lucknow Super Giants,Delhi Capitals,Lucknow Super Giants,bat,Lucknow Super Giants,Delhi Capitals,167.0,168.0
1050,1426265,2024,2024-04-13,Punjab Kings,Rajasthan Royals,Rajasthan Royals,field,Punjab Kings,Rajasthan Royals,147.0,148.0
1051,1426266,2024,2024-04-14,Lucknow Super Giants,Kolkata Knight Riders,Kolkata Knight Riders,field,Lucknow Super Giants,Kolkata Knight Riders,161.0,162.0
1052,1426267,2024,2024-04-14,Chennai Super Kings,Mumbai Indians,Mumbai Indians,field,Chennai Super Kings,Chennai Super Kings,206.0,186.0
1053,1426268,2024,2024-04-15,Sunrisers Hyderabad,Royal Challengers Bengaluru,Royal Challengers Bengaluru,field,Sunrisers Hyderabad,Sunrisers Hyderabad,287.0,262.0
1054,1426269,2024,2024-04-16,Kolkata Knight Riders,Rajasthan Royals,Rajasthan Royals,field,Kolkata Knight Riders,Rajasthan Royals,223.0,224.0
1055,1426270,2024,2024-04-17,Gujarat Titans,Delhi Capitals,Delhi Capitals,field,Gujarat Titans,Delhi Capitals,89.0,90.0
1056,1426271,2024,2024-04-18,Mumbai Indians,Punjab Kings,Punjab Kings,field,Mumbai Indians,Mumbai Indians,192.0,183.0
1057,1426272,2024,2024-04-19,Chennai Super Kings,Lucknow Super Giants,Lucknow Super Giants,field,Chennai Super Kings,Lucknow Super Giants,176.0,177.0
1058,1426273,2024,2024-04-20,Sunrisers Hyderabad,Delhi Capitals,Delhi Capitals,field,Sunrisers Hyderabad,Sunrisers Hyderabad,266.0,199.0
1059,1426274,2024,2024-04-21,Kolkata Knight Riders,Royal Challengers Bengaluru,Royal Challengers Bengaluru,field,Kolkata Knight Riders,Kolkata Knight Riders,222.0,221.0
1060,1426275,2024,2024-04-21,Punjab Kings,Gujarat Titans,Punjab Kings,bat,Punjab Kings,Gujarat Titans,142.0,143.0
1061,1426276,2024,2024-04-22,Mumbai Indians,Rajasthan Royals,Mumbai Indians,bat,Mumbai Indians,Rajasthan Royals,179.0,180.0
1062,1426277,2024,2024-04-23,Chennai Super Kings,Lucknow Super Giants,Lucknow Super Giants,field,Chennai Super Kings,Lucknow Super Giants,210.0,211.0
1063,1426278,2024,2024-04-24,Delhi Capitals,Gujarat Titans,Gujarat Titans,field,Delhi Capitals,Delhi Capitals,224.0,220.0
1064,1426279,2024,2024-04-25,Royal Challengers Bengaluru,Sunrisers Hyderabad,Royal Challengers Bengaluru,bat,Royal Challengers Bengaluru,Royal Challengers Bengaluru,206.0,171.0
1065,1426280,2024,2024-04-26,Kolkata Knight Riders,Punjab Kings,Punjab Kings,field,Kolkata Knight Riders,Punjab Kings,261.0,262.0
1066,1426281,2024,2024-04-27,Delhi Capitals,Mumbai Indians,Mumbai Indians,field,Delhi Capitals,Delhi Capitals,257.0,247.0
1067,1426282,2024,2024-04-27,Lucknow Super Giants,Rajasthan Royals,Rajasthan Royals,field,Lucknow Super Giants,Rajasthan Royals,196.0,197.0
1068,1426283,2024,2024-04-28,Gujarat Titans,Royal Challengers Bengaluru,Royal Challengers Bengaluru,field,Gujarat Titans,Royal Challengers Bengaluru,200.0,201.0
1069,1426284,2024,2024-04-28,Chennai Super Kings,Sunrisers Hyderabad,Sunrisers Hyderabad,field,Chennai Super Kings,Chennai Super Kings,212.0,134.0
1070,1426285,2024,2024-04-29,Delhi Capitals,Kolkata Knight Riders,Delhi Capitals,bat,Delhi Capitals,Kolkata Knight Riders,153.0,154.0
1071,1426286,2024,2024-04-30,Mumbai Indians,Lucknow Super Giants,Lucknow Super Giants,field,Mumbai Indians,Lucknow Super Giants,144.0,145.0
1072,1426287,2024,2024-05-01,Chennai Super Kings,Punjab Kings,Punjab Kings,field,Chennai Super Kings,Punjab Kings,162.0,163.0
1073,1426288,2024,2024-05-02,Sunrisers Hyderabad,Rajasthan Royals,Sunrisers Hyderabad,bat,Sunrisers Hyderabad,Sunrisers Hyderabad,201.0,200.0
1074,1426289,2024,2024-05-03,Kolkata Knight Riders,Mumbai Indians,Mumbai Indians,field,Kolkata Knight Riders,Kolkata Knight Riders,169.0,145.0
1075,1426290,2024,2024-05-04,Gujarat Titans,Royal Challengers Bengaluru,Royal Challengers Bengaluru,field,Gujarat Titans,Royal Challengers Bengaluru,147.0,148.0
1076,1426291,2024,2024-05-05,Chennai Super Kings,Punjab Kings,Punjab Kings,field,Chennai Super Kings,Chennai Super Kings,167.0,139.0
1077,1426292,2024,2024-05-05,Kolkata Knight Riders,Lucknow Super Giants,Lucknow Super Giants,field,Kolkata Knight Riders,Kolkata Knight Riders,235.0,137.0
1078,1426293,2024,2024-05-06,Sunrisers Hyderabad,Mumbai Indians,Mumbai Indians,field,Sunrisers Hyderabad,Mumbai Indians,173.0,174.0
1079,1426294,2024,2024-05-07,Delhi Capitals,Rajasthan Royals,Rajasthan Royals,field,Delhi Capitals,Delhi Capitals,221.0,201.0
1080,1426295,2024,2024-05-08,Lucknow Super Giants,Sunrisers Hyderabad,Lucknow Super Giants,bat,Lucknow Super Giants,Sunrisers Hyderabad,165.0,166.0
1081,1426296,2024,2024-05-09,Royal Challengers Bengaluru,Punjab Kings,Punjab Kings,field,Royal Challengers Bengaluru,Royal Challengers Bengaluru,241.0,181.0
1082,1426297,2024,2024-05-10,Gujarat Titans,Chennai Super Kings,Chennai Super Kings,field,Gujarat Titans,Gujarat Titans,231.0,196.0
1083,1426298,2024,2024-05-11,Kolkata Knight Riders,Mumbai Indians,Mumbai Indians,field,Kolkata Knight Riders,Kolkata Knight Riders,157.0,139.0
1084,1426299,2024,2024-05-12,Rajasthan Royals,Chennai Super Kings,Rajasthan Royals,bat,Rajasthan Royals,Chennai Super Kings,141.0,142.0
1085,1426300,2024,2024-05-12,Royal Challengers Bengaluru,Delhi Capitals,Delhi Capitals,field,Royal Challengers Bengaluru,Royal Challengers Bengaluru,187.0,140.0
1086,1426302,2024,2024-05-14,Delhi Capitals,Lucknow Super Giants,Lucknow Super Giants,field,Delhi Capitals,Delhi Capitals,208.0,189.0
1087,1426303,2024,2024-05-15,Rajasthan Royals,Punjab Kings,Rajasthan Royals,bat,Rajasthan Royals,Punjab Kings,144.0,145.0
1088,1426305,2024,2024-05-17,Lucknow Super Giants,Mumbai Indians,Mumbai Indians,field,Lucknow Super Giants,Lucknow Super Giants,214.0,196.0
1089,1426306,2024,2024-05-18,Royal Challengers Bengaluru,Chennai Super Kings,Chennai Super Kings,field,Royal Challengers Bengaluru,Royal Challengers Bengaluru,218.0,191.0
1090,1426307,2024,2024-05-19,Punjab Kings,Sunrisers Hyderabad,Punjab Kings,bat,Punjab Kings,Sunrisers Hyderabad,214.0,215.0
1091,1426309,2024,2024-05-21,Sunrisers Hyderabad,Kolkata Knight Riders,Sunrisers Hyderabad,bat,Sunrisers Hyderabad,Kolkata Knight Riders,159.0,160.0
1092,1426310,2024,2024-05-22,Royal Challengers Bengaluru,Rajasthan Royals,Rajasthan Royals,field,Royal Challengers Bengaluru,Rajasthan Royals,172.0,173.0
1093,1426311,2024,2024-05-24,Sunrisers Hyderabad,Rajasthan Royals,Rajasthan Royals,field,Sunrisers Hyderabad,Sunrisers Hyderabad,175.0,139.0
1094,1426312,2024,2024-05-26,Sunrisers Hyderabad,Kolkata Knight Riders,Sunrisers Hyderabad,bat,Sunrisers Hyderabad,Kolkata Knight Riders,113.0,114.0
